{"type":"Topology","objects":{"data":{"geometries":[{"properties":{"ra_code":"1","ra_name":"Major Cities of Australia"},"type":"MultiPolygon","arcs":[[[0]],[[1]],[[2]],[[2]],[[2]],[[2]],[[3]],[[3]],[[4]],[[5]],[[6]],[[7]],[[-208,8]],[[-223,9]],[[10]],[[11]],[[12]],[[13]],[[14]],[[15]],[[16]],[[17]],[[18]],[[19]],[[20]],[[21]],[[22]],[[23,-200]],[[-214,24]],[[-210,25]],[[26]],[[27]],[[28]],[[29]],[[30]],[[31]],[[32]],[[33]],[[34]],[[35]],[[36]],[[37]],[[38]],[[39]],[[40]],[[41]],[[42]],[[43]],[[44]],[[45]],[[46]],[[-215,47]],[[48]],[[49]],[[50]],[[51]],[[52]],[[53]],[[54]],[[55]],[[56]],[[57]],[[58]],[[-495,59]],[[60]],[[61]],[[62]],[[63]],[[64]],[[65]],[[66]],[[67]],[[68]],[[69]],[[70]],[[71]],[[72]],[[73]]],"id":"feature_0"},{"properties":{"ra_code":"2","ra_name":"Inner Regional Australia"},"type":"MultiPolygon","arcs":[[[74]],[[76]],[[75]],[[76]],[[77]],[[78]],[[78]],[[79]],[[80]],[[81]],[[82]],[[83]],[[84]],[[85]],[[85]],[[86]],[[86]],[[86]],[[87]],[[87]],[[88]],[[89]],[[90]],[[91]],[[92]],[[93]],[[94]],[[94]],[[94]],[[95]],[[96]],[[97]],[[97]],[[98]],[[98]],[[98]],[[98]],[[99]],[[99]],[[99]],[[100]],[[100]],[[101]],[[102]],[[102]],[[102]],[[102]],[[103]],[[104]],[[104]],[[104]],[[105]],[[105]],[[105]],[[106]],[[106]],[[107]],[[107]],[[107]],[[108]],[[109]],[[110]],[[110]],[[110]],[[110]],[[111]],[[112]],[[113]],[[114]],[[115]],[[116]],[[117]],[[118]],[[119]],[[120]],[[121]],[[122]],[[123]],[[123]],[[123]],[[125]],[[124]],[[124]],[[125]],[[126]],[[127]],[[128]],[[129]],[[130]],[[131]],[[131]],[[132]],[[132]],[[133]],[[135]],[[133]],[[135]],[[133]],[[134]],[[135]],[[136]],[[137]],[[140]],[[139]],[[140]],[[138]],[[139]],[[140]],[[141]],[[142]],[[145]],[[143]],[[144]],[[145]],[[146]],[[146]],[[146]],[[146]],[[147]],[[147]],[[147]],[[147]],[[148]],[[148]],[[148]],[[149]],[[150]],[[151]],[[151]],[[152]],[[153]],[[153]],[[154]],[[155]],[[-592,156]],[[157]],[[-590,158]],[[159]],[[160]],[[161]],[[162]],[[163,-164]],[[163]],[[163]],[[163,-164]],[[163,-164]],[[164]],[[165,-166]],[[165,166,168]],[[169,-170]],[[169,-170]],[[169,-170]],[[169,-170]],[[167,-168]],[[168,-169]],[[169,-170]],[[169,-170]],[[169,-170]],[[169,-170]],[[169,-170]],[[169,-170]],[[169]],[[169,-170]],[[169]],[[169]],[[169]],[[241]],[[170]],[[171]],[[172]],[[173]],[[174]],[[175]],[[176]],[[177]],[[178]],[[179]],[[180]],[[181]],[[182]],[[183]],[[184]],[[185]],[[185]],[[186]],[[186]],[[186]],[[186]],[[186]],[[187]],[[188]],[[189]],[[189]],[[190]],[[191]],[[192]],[[193,194]],[[194,195]],[[196]],[[197],[198,199]],[[-693,200]],[[-687,201,-685,202,-683,203,-681,204,-679,205,-966,206],[207,208],[209,210],[211],[212,213],[214,215]],[[-968,216]],[[-696,217]],[[218]],[[219]],[[-698,220]],[[-689,221],[222,223]],[[224]],[[225]],[[226]],[[226]],[[226]],[[226]],[[227]],[[228]],[[229]],[[229]],[[230]],[[230]],[[231]],[[232]],[[233]],[[234]],[[235]],[[236]],[[237]],[[238]],[[239]],[[239]],[[240]],[[241]],[[241]],[[242]],[[243]],[[244]],[[246,-247]],[[245,246]],[[247]],[[248]],[[248]],[[249]],[[250]],[[251]],[[252]],[[253]],[[254]],[[255]],[[256]],[[257]],[[258]],[[259]],[[260]],[[-700,261]],[[262]],[[263]],[[264,-714]],[[265]],[[266]],[[267]],[[-708,268]],[[269]],[[270]],[[271]],[[272]],[[273]],[[274]],[[275]],[[276]],[[277]],[[278]],[[279]],[[280]],[[281]],[[282]],[[283]],[[284]],[[285]],[[286]],[[287]],[[288]],[[290]],[[289]],[[290]],[[290]],[[291]],[[293]],[[292]],[[293]],[[294]],[[295]],[[296]],[[297]],[[298]],[[299]],[[300]],[[301]],[[302]],[[303]],[[304]],[[305]],[[306]],[[307]],[[308]],[[309]],[[310]],[[310]],[[310]],[[311]],[[312]],[[313]],[[314]],[[315]],[[316]],[[317]],[[318]],[[319]],[[320]],[[321]],[[-710,322]],[[-713,323]],[[324]],[[-705,325]],[[-719,326]],[[327]],[[-722,328]],[[329,-717]],[[-387,330]],[[331]],[[332]],[[-337,333]],[[334]],[[335,336]],[[337]],[[338]],[[339]],[[340]],[[341]],[[342]],[[343]],[[344]],[[345]],[[346]],[[347]],[[348]],[[349]],[[350]],[[350]],[[350]],[[351]],[[352]],[[353]],[[354]],[[355]],[[355]],[[356]],[[357]],[[358]],[[359]],[[360]],[[361,-362]],[[361,-362]],[[362]],[[363]],[[364]],[[365]],[[365]],[[368,-369]],[[366,367,368]],[[369]],[[370]],[[371]],[[371]],[[372]],[[373]],[[374]],[[378,-379]],[[375]],[[376]],[[-383,377,378,379]],[[380]],[[381,382]],[[383]],[[390,-391]],[[384]],[[385,386,387]],[[388,-389]],[[389]],[[390,391]],[[392]],[[393]],[[394]],[[395]],[[396]],[[397]],[[397]],[[398]],[[399]],[[400]],[[401]],[[402]],[[403]],[[404]],[[405]],[[406]],[[407]],[[408]],[[408]],[[409]],[[410]],[[409]],[[410]],[[411]],[[412]],[[413]],[[414]],[[415]],[[416]],[[417]],[[417]],[[418]],[[419]],[[420]],[[421]],[[421]],[[421]],[[422]],[[423]],[[424]],[[425]],[[426]],[[427]],[[427]],[[428]],[[429]],[[430]],[[431]],[[432]],[[434]],[[434]],[[433]],[[434]],[[435]],[[436]],[[437]],[[438]],[[439]],[[440]],[[441]],[[442]],[[443]],[[444]],[[445]],[[446]],[[447]],[[448]],[[449]],[[450]],[[451]],[[452]],[[453]],[[454]],[[455]],[[455]],[[455]],[[456]],[[457]],[[458]],[[459]],[[460]],[[461]],[[462]],[[463]],[[464]],[[465]],[[466]],[[467]],[[468]],[[469,2312]],[[470]],[[472,-473]],[[471,472]],[[473]],[[474]],[[475]],[[476]],[[477]],[[477]],[[478]],[[479]],[[480]],[[481]],[[481]],[[482]],[[483]],[[484]],[[485]],[[486]],[[488]],[[487]],[[487]],[[488]],[[489]],[[490]],[[491]],[[492]],[[493]],[[494,495]],[[496,-497]],[[496,497]],[[-537,498]],[[499]],[[500]],[[501,-502]],[[502,509]],[[504,-505]],[[503,504,505]],[[506]],[[507]],[[508]],[[509,510]],[[511]],[[511]],[[512]],[[513]],[[514]],[[517,-518,515]],[[516,517]],[[518,519,522]],[[520]],[[521]],[[522,523,-529,524,-538,525]],[[526]],[[527,528,529,-540]],[[530]],[[531]],[[532]],[[533]],[[534,-535]],[[534,535,536]],[[537,538,539,540]],[[541]],[[542]],[[543]],[[544]],[[545]],[[546]],[[547]],[[548]],[[549]],[[550]],[[551]],[[552]]],"id":"feature_1"},{"properties":{"ra_code":"3","ra_name":"Outer Regional Australia"},"type":"MultiPolygon","arcs":[[[553]],[[554]],[[555]],[[556]],[[557]],[[557]],[[558]],[[559]],[[560]],[[560]],[[561]],[[562]],[[563]],[[564]],[[565]],[[566]],[[567]],[[569]],[[568]],[[568]],[[569]],[[570]],[[571]],[[572]],[[573]],[[573]],[[574]],[[575]],[[576]],[[577]],[[578]],[[579]],[[580]],[[580]],[[581]],[[581]],[[582]],[[583]],[[584]],[[585]],[[586]],[[587]],[[588]],[[589,590],[591,592]],[[593]],[[-2777,594]],[[595]],[[596]],[[597]],[[-2779,598]],[[599]],[[600]],[[601]],[[602]],[[603]],[[603]],[[604]],[[605]],[[606]],[[607]],[[608]],[[609]],[[610]],[[611]],[[612]],[[613]],[[614]],[[615]],[[616]],[[617]],[[618]],[[619]],[[620]],[[621]],[[622]],[[623]],[[624]],[[625]],[[626]],[[627]],[[627]],[[628]],[[629]],[[630]],[[631]],[[632]],[[633]],[[634]],[[635]],[[636]],[[637]],[[638]],[[639]],[[640]],[[640]],[[641]],[[642]],[[643]],[[643]],[[644]],[[645]],[[646]],[[647]],[[647]],[[648]],[[648]],[[649]],[[650]],[[651]],[[652]],[[652]],[[653]],[[653]],[[653]],[[653]],[[653]],[[654]],[[654]],[[655]],[[656]],[[657]],[[658]],[[659]],[[660]],[[660]],[[660]],[[660]],[[661]],[[661]],[[662]],[[663]],[[664]],[[665]],[[665]],[[666]],[[667]],[[668]],[[669]],[[669]],[[670]],[[671]],[[671]],[[672]],[[673]],[[674]],[[675]],[[676]],[[676]],[[676]],[[-1603,677,678,679,680,681,682,683,684,685,686,687,688,689,-1605,690],[-1528,691],[692,693],[694],[695,696],[697,698],[699,700],[701],[702],[703],[704,705],[706],[707,708],[709,710],[711,712],[713,714],[715],[716,717],[718,719],[720],[721,722]],[[-1607,723]],[[-1609,724]],[[725]],[[726]],[[727]],[[728]],[[729]],[[730]],[[731]],[[732]],[[733]],[[734]],[[735]],[[736]],[[737]],[[738]],[[739]],[[-1612,740]],[[741]],[[742]],[[865]],[[865]],[[743]],[[744]],[[745]],[[746]],[[747]],[[748]],[[750,-751]],[[751,-752]],[[-755,749,750]],[[751,-752]],[[751,-752]],[[752,-753]],[[752,753,754]],[[755,-756]],[[755]],[[756]],[[757]],[[758]],[[759]],[[759]],[[759]],[[760]],[[761]],[[762]],[[762]],[[765]],[[764]],[[763]],[[765]],[[764]],[[765]],[[766]],[[767]],[[768]],[[769]],[[769]],[[770]],[[771]],[[772]],[[773]],[[774]],[[775]],[[776]],[[777]],[[778]],[[779]],[[780]],[[781]],[[782]],[[783]],[[784]],[[785]],[[786]],[[787]],[[788]],[[789]],[[790]],[[791]],[[792]],[[793]],[[794]],[[795]],[[796]],[[797]],[[798]],[[799]],[[800]],[[801]],[[802]],[[803]],[[804]],[[805]],[[806]],[[807]],[[808]],[[809]],[[810]],[[811]],[[812]],[[813]],[[814]],[[815]],[[816]],[[817]],[[818]],[[819]],[[820]],[[821]],[[822]],[[823]],[[824]],[[825]],[[826]],[[827]],[[828]],[[829,-831]],[[830,-831]],[[831]],[[831]],[[832]],[[833]],[[834]],[[834]],[[835]],[[836]],[[837]],[[838]],[[839]],[[-842,840]],[[842,-843]],[[841,-842]],[[842,-843]],[[843]],[[844]],[[845]],[[846]],[[849,-850]],[[847,-848]],[[847,-848]],[[848]],[[849,850]],[[851]],[[852]],[[853]],[[854]],[[855]],[[856]],[[857]],[[858]],[[859]],[[859]],[[860]],[[861]],[[862]],[[863]],[[864]],[[865]],[[866]],[[867]],[[868]],[[869]],[[870]],[[871]],[[872]],[[873]],[[874]],[[875]],[[876]],[[877]],[[879]],[[878]],[[878]],[[879]],[[880]],[[881]],[[882]],[[883]],[[884]],[[885]],[[886]],[[887]],[[888]],[[889]],[[890]],[[891]],[[892]],[[893]],[[894]],[[895]],[[896]],[[897]],[[898]],[[899]],[[899]],[[901]],[[901]],[[900]],[[901]],[[902]],[[903]],[[904]],[[904]],[[904]],[[905]],[[906]],[[907]],[[907]],[[907]],[[908]],[[910]],[[909]],[[910]],[[911]],[[912]],[[913]],[[914]],[[915]],[[915]],[[916]],[[917]],[[918]],[[919]],[[920]],[[921]],[[922]],[[923]],[[924]],[[925]],[[926]],[[927]],[[928]],[[929]],[[-932,930]],[[931,-932]],[[932]],[[933]],[[934]],[[935]],[[936]],[[937]],[[938]],[[939]],[[940]],[[941]],[[942]],[[943]],[[943]],[[944]],[[945]],[[946]],[[946]],[[947]],[[948]],[[949]],[[950]],[[950]],[[951]],[[952]],[[952]],[[952]],[[953]],[[954]],[[955]],[[956]],[[957]],[[958]],[[959]],[[960]],[[961]],[[961]],[[962]],[[963]],[[964]],[[965,966],[967,968],[969]],[[970]],[[971]],[[972]],[[973]],[[973]],[[974]],[[975]],[[976]],[[976]],[[977]],[[978]],[[979]],[[980]],[[981]],[[982]],[[983]],[[984]],[[985]],[[1058]],[[985]],[[986]],[[987]],[[988]],[[989]],[[989]],[[990]],[[991]],[[992]],[[993]],[[993]],[[993]],[[993]],[[994]],[[995]],[[996]],[[997]],[[998]],[[999]],[[1000]],[[1001]],[[1002]],[[1003]],[[1004]],[[1005]],[[1006]],[[1006]],[[-1009,1007]],[[1008,1009]],[[1010]],[[1011]],[[1012]],[[1012]],[[1013]],[[1014]],[[1015]],[[1015]],[[1015]],[[1016]],[[1016]],[[1017]],[[1018]],[[1019,-1022]],[[1022,-1023]],[[1020,1021,1022]],[[1023]],[[1024]],[[1025]],[[1026]],[[1027]],[[1028]],[[1029]],[[1030]],[[1031]],[[1032]],[[1033]],[[1034]],[[1034]],[[1035,-1038]],[[1036,-1037]],[[1036,-1037]],[[1038]],[[1037,-1038]],[[1038]],[[1039,-1040]],[[1040]],[[1041]],[[1041]],[[1042]],[[1043]],[[-1613,1044]],[[1045]],[[1046]],[[1047]],[[1048]],[[1049]],[[1050]],[[1051]],[[1052]],[[1053]],[[1053]],[[1053]],[[1053]],[[1054]],[[1055]],[[1056]],[[1057]],[[1057]],[[1058]],[[1059]],[[1060]],[[1061]],[[1061]],[[1061]],[[1062]],[[1063]],[[1064]],[[1065]],[[1065]],[[1066]],[[1067]],[[1067]],[[1068]],[[1069]],[[1070]],[[1071]],[[1072]],[[1073]],[[1074]],[[1075]],[[1076]],[[1077]],[[1077]],[[1078]],[[1079]],[[1080]],[[1081]],[[1082]],[[1083]],[[1084]],[[1085]],[[1086]],[[1086]],[[1087]],[[1088]],[[1089]],[[1089]],[[1090]],[[1090]],[[1091]],[[1092]],[[1093]],[[1093]],[[1094]],[[1095]],[[1096]],[[1097]],[[1097]],[[1098]],[[1099,-1128]],[[1100]],[[-1618,1101]],[[1102]],[[-1615,1103]],[[1104]],[[1105]],[[1106]],[[1107]],[[1108]],[[1109]],[[1110]],[[1111]],[[1112]],[[1113]],[[1114]],[[1115]],[[1116]],[[1117]],[[1117]],[[1117]],[[1118]],[[1119]],[[1119]],[[1120]],[[1121]],[[1122]],[[1122]],[[1123]],[[1124]],[[1125,-1126]],[[1126,1127]],[[1128]],[[1129]],[[1130]],[[1131]],[[1132]],[[1133]],[[1133]],[[1133]],[[1133]],[[1134]],[[1135]],[[1135]],[[1136]],[[1137]],[[1137]],[[1137]],[[1137]],[[1137]],[[1137]],[[1138]],[[1138]],[[1138]],[[1139]],[[1140]],[[1141]],[[1141]],[[1142]],[[1142]],[[1142]],[[1142]],[[1142]],[[1143]],[[1144]],[[1144]],[[1145]],[[1145]],[[1145]],[[1145]],[[1145]],[[1145]],[[1145]],[[1145]],[[1146]],[[1147]],[[1148]],[[1149]],[[1150]],[[1150]],[[1151]],[[1152]],[[1152]],[[1152]],[[1153]],[[1153]],[[1154]],[[1155]],[[1156,-1157]],[[1156,1157]],[[1158]],[[1159]],[[1160]],[[1161]],[[1162]],[[1163]],[[1164]],[[1165]],[[1166]],[[1167]],[[1168]],[[1169]],[[1170]],[[1171]],[[1172]],[[1173]],[[1174]],[[1175]],[[1176]],[[1177]],[[1178]],[[1179]],[[1180]],[[1181]],[[1182]],[[1183]],[[1184]],[[1185]],[[1186]],[[1187]],[[1188]],[[1189]],[[1190]],[[1191]],[[1191]],[[1192]],[[1193]],[[1194]],[[1195]],[[1196]],[[1197]],[[1198]],[[1199]],[[1200]],[[1201]],[[1202]],[[1203]],[[1204]],[[1205]],[[-1208,1206]],[[1207,1208]],[[1209]],[[1210]],[[1211]],[[1212]],[[-1215,1213]],[[1214,-1215]],[[1215]],[[1216]],[[1217]],[[1218]],[[1219]],[[1220]],[[1220]],[[1220]],[[1220]],[[1221]],[[1222]],[[1223]],[[1224]],[[1225]],[[1226]],[[1227]],[[1228]],[[1229]],[[1230]],[[1231]],[[1232]],[[1233]],[[1234]],[[1235]],[[1236]],[[1237,-1238]],[[1237,1238]],[[1239]],[[1240]],[[1241]],[[1242]],[[1243]],[[1244]],[[1245]],[[1246]],[[1247]],[[1248]],[[1249]],[[1250]],[[1251]]],"id":"feature_2"},{"properties":{"ra_code":"4","ra_name":"Remote Australia"},"type":"MultiPolygon","arcs":[[[1252]],[[1253]],[[1254]],[[1255]],[[1256]],[[1257]],[[1258]],[[1259]],[[1260]],[[1261]],[[1262]],[[1263]],[[1264]],[[1265]],[[1266]],[[1267]],[[1268]],[[1269]],[[1270]],[[1271]],[[1272]],[[1273]],[[1274]],[[1275]],[[1276]],[[1277]],[[1278]],[[1279]],[[1280]],[[1281]],[[1282]],[[1283]],[[1284]],[[1285]],[[1286]],[[1287]],[[1288]],[[1289]],[[1290]],[[1291]],[[1292]],[[1293]],[[1294]],[[1295]],[[1296]],[[1297]],[[1298]],[[1299]],[[1300]],[[1301]],[[1302]],[[1303]],[[1304]],[[1305]],[[1305]],[[1306]],[[1307]],[[1308]],[[1309]],[[1310]],[[1311]],[[1312]],[[1313]],[[1314]],[[1315]],[[1316]],[[1317]],[[1318]],[[1319]],[[1320]],[[1320]],[[1321]],[[1321]],[[1322]],[[1323]],[[1324]],[[1325]],[[1326]],[[1327]],[[1328]],[[1329]],[[1330]],[[1331]],[[1332]],[[1333]],[[1334]],[[1335]],[[1336]],[[1337]],[[1338]],[[1339]],[[1339]],[[1340]],[[1341]],[[1342]],[[1343]],[[1344]],[[1345]],[[1346]],[[1347]],[[1348]],[[1349]],[[1350]],[[1351]],[[1352]],[[1353]],[[1354]],[[-2772,1355,-2774,1356],[1357]],[[1358]],[[1359]],[[1360]],[[1361]],[[1362]],[[1363]],[[1364]],[[1365]],[[1366]],[[1367]],[[1368]],[[1369]],[[1370]],[[1371]],[[1372]],[[1373]],[[1374]],[[1375]],[[1376]],[[1377]],[[1378]],[[1379]],[[1380]],[[1381]],[[1382]],[[1383]],[[1384]],[[1385]],[[1386]],[[1387]],[[1388]],[[1389]],[[1390]],[[1391]],[[1392]],[[1393]],[[1394]],[[1395]],[[1396]],[[1397]],[[1398]],[[1399]],[[1400]],[[1401]],[[1402]],[[1403]],[[1404]],[[1405]],[[1405]],[[1406]],[[1407]],[[1408]],[[1409]],[[1410]],[[1411]],[[1412]],[[1413]],[[1414]],[[1415]],[[1416]],[[1417]],[[1418]],[[1419]],[[1420]],[[1421]],[[1422]],[[1423]],[[1424]],[[1425]],[[1426]],[[1427]],[[1428]],[[1429]],[[1430]],[[1431]],[[1432]],[[1433]],[[1434]],[[1435]],[[1436]],[[1437]],[[1438]],[[1440,-1441]],[[1439]],[[1440,1441]],[[1442]],[[1443]],[[1444]],[[1445]],[[1446]],[[1447]],[[-1452,1448]],[[1449]],[[1450,1451]],[[1452]],[[1453]],[[1456]],[[1454]],[[1455]],[[1456]],[[1457]],[[1458]],[[1459]],[[1460]],[[1461]],[[1462]],[[1463]],[[1464]],[[1465]],[[1466]],[[1467]],[[1468]],[[1469]],[[1470]],[[1471]],[[1472]],[[1473]],[[1474]],[[1475]],[[1476]],[[1477]],[[1478]],[[1479]],[[1479]],[[1479]],[[-2787,1480]],[[1481]],[[-2785,1482]],[[-2764,1483]],[[1484]],[[1485]],[[1486]],[[1487]],[[1488]],[[1489]],[[1490]],[[1491]],[[1492]],[[1493]],[[1494]],[[1495]],[[1496]],[[1497]],[[-2783,1498]],[[1499]],[[1500]],[[1501]],[[1502]],[[1503]],[[1503]],[[1504]],[[1632]],[[1504]],[[1645]],[[1647]],[[1647]],[[1505]],[[1647]],[[1647]],[[1648]],[[1648]],[[1648]],[[1648]],[[1648]],[[1648]],[[1648]],[[1648]],[[1648]],[[1648]],[[1648]],[[1648]],[[1648]],[[1650]],[[1650]],[[1650]],[[1651]],[[1506]],[[1507]],[[1508]],[[1509]],[[1510]],[[1511]],[[1512]],[[1513]],[[1514]],[[1515]],[[1516]],[[1517]],[[1518]],[[1519]],[[1520]],[[1521]],[[1522]],[[1523]],[[1524]],[[1525]],[[1526]],[[1527,1528]],[[1529]],[[1530]],[[1531]],[[1532]],[[1533]],[[1533]],[[1534]],[[1535]],[[1536]],[[1537]],[[1538]],[[1539]],[[1540]],[[1541]],[[1542]],[[1543]],[[1544]],[[1545]],[[1546]],[[1547]],[[1548]],[[1549]],[[1550]],[[1551]],[[1552]],[[1553]],[[1554]],[[1555]],[[1556]],[[1557]],[[1559]],[[1558]],[[1559]],[[1560]],[[1561]],[[1562]],[[1563]],[[1564]],[[1565]],[[1566]],[[1567]],[[1567]],[[1568]],[[1569]],[[1570]],[[1571]],[[1572]],[[1573]],[[1574]],[[1575]],[[1576]],[[1577]],[[1578]],[[1579]],[[1580]],[[1581]],[[1582]],[[1583]],[[1584]],[[1585]],[[1586]],[[1587]],[[1588]],[[1589]],[[1590]],[[1591]],[[1592]],[[1593]],[[1594]],[[1595]],[[1596]],[[1597]],[[1598]],[[-2770,1599,-2768,1600,-2766,1601,1602,1603,1604,1605],[1606,1607],[1608,1609],[1610,1611],[1612,1613],[1614,1615],[1616],[1617,1618],[1619]],[[1620,-2781]],[[1621]],[[-2790,1622]],[[1673]],[[1673]],[[1673]],[[1676]],[[1676]],[[1677]],[[1677]],[[1677]],[[1623]],[[1677]],[[1624]],[[1624]],[[1625]],[[1625]],[[1626]],[[1627]],[[1627]],[[1627]],[[1628]],[[1628]],[[1628]],[[1628]],[[1629]],[[1629]],[[1630]],[[1630]],[[1631]],[[1632]],[[1632]],[[1633]],[[1633]],[[1633]],[[1634]],[[1635]],[[1636]],[[1636]],[[1636]],[[1637]],[[1637]],[[1637]],[[1637]],[[1637]],[[1637]],[[1637]],[[1637]],[[1638]],[[1638]],[[1639]],[[1640]],[[1641]],[[1642]],[[1642]],[[1642]],[[1642]],[[1643]],[[1643]],[[1643]],[[1644]],[[1645]],[[1645]],[[1645]],[[1645]],[[1645]],[[1645]],[[1645]],[[1646]],[[1646]],[[1645]],[[1645]],[[1646]],[[1646]],[[1646]],[[1646]],[[1647]],[[1647]],[[1647]],[[1647]],[[1648]],[[1648]],[[1648]],[[1648]],[[1650]],[[1650]],[[1650]],[[1649]],[[1650]],[[1650]],[[1650]],[[1650]],[[1650]],[[1650]],[[1649]],[[1649]],[[1650]],[[1651]],[[1651]],[[1653]],[[1652]],[[1653]],[[1653]],[[1651]],[[1653]],[[1652]],[[1653]],[[1654]],[[1654]],[[1654]],[[1654]],[[1654]],[[1654]],[[1655]],[[1655]],[[1655]],[[1655]],[[1656]],[[1656]],[[1656]],[[1679]],[[1679]],[[1679]],[[1679]],[[1690]],[[1691]],[[1691]],[[1691]],[[1691]],[[1691]],[[1691]],[[1657]],[[1720]],[[1723]],[[1658]],[[1658]],[[1658]],[[1658]],[[1659]],[[1659]],[[1660]],[[1661]],[[1662]],[[1662]],[[1663]],[[1664]],[[1664]],[[1665]],[[1666]],[[1667]],[[1668]],[[1669]],[[1669]],[[1670]],[[1671]],[[1671]],[[1671]],[[1672]],[[1672]],[[1674]],[[1672]],[[1674]],[[1674]],[[1672]],[[1672]],[[1674]],[[1674]],[[1674]],[[1674]],[[1674]],[[1674]],[[1674]],[[1673]],[[1674]],[[1674]],[[1674]],[[1675]],[[1675]],[[1676]],[[1676]],[[1676]],[[1676]],[[1677]],[[1679]],[[1679]],[[1678]],[[1679]],[[1680]],[[1680]],[[1680]],[[1680]],[[1682]],[[1682]],[[1682]],[[1682]],[[1681]],[[1682]],[[1681]],[[1682]],[[1683]],[[1683]],[[1684]],[[1685]],[[1685]],[[1686]],[[1687]],[[1686]],[[1686]],[[1687]],[[1686]],[[1686]],[[1686]],[[1687]],[[1688]],[[1689]],[[1689]],[[1689]],[[1690]],[[1690]],[[1691]],[[1693]],[[1691]],[[1692]],[[1694]],[[1694]],[[1693]],[[1693]],[[1693]],[[1693]],[[1693]],[[1694]],[[1695]],[[1695]],[[1695]],[[1695]],[[1738]],[[1741]],[[1741]],[[1741]],[[1696]],[[1697]],[[1698]],[[1699]],[[1701]],[[1701]],[[1700]],[[1701]],[[1701]],[[1701]],[[1701]],[[1701]],[[1701]],[[1702]],[[1702]],[[1702]],[[1702]],[[1703]],[[1703]],[[1703]],[[1704]],[[1705]],[[1705]],[[1705]],[[1705]],[[1705]],[[1705]],[[1706]],[[1706]],[[1708]],[[1708]],[[1708]],[[1708]],[[1707]],[[1708]],[[1710]],[[1709]],[[1709]],[[1710]],[[1711]],[[1711]],[[1712]],[[1713]],[[1714]],[[1715]],[[1715]],[[1716]],[[1717,-1718]],[[1719,-1720]],[[1717,-1718]],[[1719,-1720]],[[1717,-1718]],[[1719,-1720]],[[1717,-1718]],[[1717,1718]],[[1719,-1720]],[[1719,-1720]],[[1720]],[[1720]],[[1720]],[[1721]],[[1722]],[[1722]],[[1723]],[[1724]],[[1724]],[[1725]],[[1726]],[[1726]],[[1726]],[[1726]],[[1726]],[[1727]],[[1727]],[[1727]],[[1728]],[[1729]],[[1729]],[[1730]],[[1730]],[[1730]],[[1730]],[[1730]],[[1730]],[[1730]],[[1730]],[[1730]],[[1730]],[[1731]],[[1731]],[[1732]],[[1732]],[[1732]],[[1784]],[[1784]],[[1733]],[[1734]],[[1734]],[[1734]],[[1733]],[[1734]],[[1733]],[[1734]],[[1734]],[[1734]],[[1735]],[[1735]],[[1735]],[[1735]],[[1735]],[[1736]],[[1736]],[[1736]],[[1736]],[[1736]],[[1736]],[[1737]],[[1738]],[[1738]],[[1739]],[[1739]],[[1740]],[[1740]],[[1741]],[[1742]],[[1743]],[[1744]],[[1745]],[[1746]],[[1747]],[[1748]],[[1749]],[[1750]],[[1751]],[[1752]],[[1753]],[[1753]],[[1754]],[[1755]],[[1756]],[[1756]],[[1756]],[[1757]],[[1757]],[[1757]],[[1758]],[[1759]],[[1760]],[[1761]],[[1761]],[[1761]],[[1761]],[[1762]],[[1762]],[[1762]],[[1762]],[[1762]],[[1762]],[[1762]],[[1762]],[[1762]],[[1762]],[[1762]],[[1836]],[[1836]],[[1763]],[[1763]],[[1763]],[[1765]],[[1765]],[[1765]],[[1765]],[[1765]],[[1764]],[[1765]],[[1767]],[[1767]],[[1766]],[[1767]],[[1767]],[[1769]],[[1769]],[[1769]],[[1769]],[[1768]],[[1768]],[[1769]],[[1770]],[[1771]],[[1772]],[[1774]],[[1774]],[[1774]],[[1773]],[[1774]],[[1775]],[[1776]],[[1776]],[[1777]],[[1777]],[[1777]],[[1777]],[[1778]],[[1779]],[[1779]],[[1780]],[[1781]],[[1782]],[[1782]],[[1782]],[[1782]],[[1782]],[[1783]],[[1783]],[[1783]],[[1783]],[[1783]],[[1783]],[[1784]],[[1784]],[[1784]],[[1784]],[[1785]],[[1785]],[[1786]],[[1787]],[[1787]],[[1788]],[[1788]],[[1788]],[[1788]],[[1789]],[[1790]],[[1791]],[[1792]],[[1794]],[[1793]],[[1794]],[[1841]],[[1795]],[[1795]],[[1796]],[[1796]],[[1797]],[[1798]],[[1799]],[[1800]],[[1800]],[[1801]],[[1802]],[[1803]],[[1803]],[[1804]],[[1805]],[[1806]],[[1807]],[[1808]],[[1809]],[[1809]],[[1810]],[[1810]],[[1810]],[[1810]],[[1810]],[[1810]],[[1811]],[[1813]],[[1812]],[[1813]],[[1814]],[[1814]],[[1814]],[[1815]],[[1816]],[[1816]],[[1817]],[[1818]],[[1818]],[[1819]],[[1818]],[[1818]],[[1818]],[[1819]],[[1820]],[[1820]],[[1866]],[[1820]],[[1866]],[[1820]],[[1820]],[[1820]],[[1820]],[[1820]],[[1820]],[[1820]],[[1820]],[[1820]],[[1820]],[[1820]],[[1820]],[[1820]],[[1820]],[[1820]],[[1820]],[[1820]],[[1820]],[[1820]],[[1821]],[[1821]],[[1821]],[[1821]],[[1821]],[[1821]],[[1821]],[[1821]],[[1822]],[[1822]],[[1822]],[[1822]],[[1822]],[[1822]],[[1822]],[[1823]],[[1824]],[[1824]],[[1824]],[[1824]],[[1824]],[[1824]],[[1824]],[[1824]],[[1824]],[[1824]],[[1824]],[[1825]],[[1825]],[[1825]],[[1825]],[[1825]],[[1825]],[[1825]],[[1825]],[[1825]],[[1825]],[[1825]],[[1826]],[[1826]],[[1826]],[[1826]],[[1827]],[[1828]],[[1828]],[[1828]],[[1828]],[[1828]],[[1829]],[[1829]],[[1829]],[[1829]],[[1830]],[[1831]],[[1831]],[[1831]],[[1831]],[[1831]],[[1831]],[[1831]],[[1831]],[[1832]],[[1832]],[[1832]],[[1832]],[[1832]],[[1832]],[[1834]],[[1833]],[[1833]],[[1834]],[[1835]],[[1836]],[[1836]],[[1836]],[[1837]],[[1838]],[[1839]],[[1839]],[[1839]],[[1839]],[[1840]],[[1840]],[[1839]],[[1840]],[[1840]],[[1840]],[[1841]],[[1841]],[[1842]],[[1843]],[[1844]],[[1844]],[[1845]],[[1846]],[[1894,1847,-1886,1848]],[[1849]],[[1929]],[[1929]],[[1850]],[[1850]],[[1850]],[[1850]],[[1850]],[[1850]],[[1930]],[[1850]],[[1850]],[[1850]],[[1850]],[[1850]],[[1851]],[[1851]],[[1851]],[[1851]],[[1851]],[[1851]],[[1851]],[[1852]],[[1852]],[[1852]],[[1852]],[[1853]],[[1853]],[[1853]],[[1853]],[[1853]],[[1854]],[[1854]],[[1854]],[[1854]],[[1854]],[[1854]],[[1854]],[[1854]],[[1854]],[[1855]],[[1855]],[[1855]],[[1855]],[[1855]],[[1855]],[[1856]],[[1856]],[[1857]],[[1857]],[[1857]],[[1857]],[[1857]],[[1859]],[[1858]],[[1859]],[[1859]],[[1859]],[[1858]],[[1859]],[[1860]],[[1860]],[[1860]],[[1861]],[[1861]],[[1861]],[[1861]],[[1862]],[[1862]],[[1862]],[[1862]],[[1862]],[[1862]],[[1862]],[[1863]],[[1864]],[[1865]],[[1866]],[[1866]],[[1867]],[[1868]],[[1869]],[[1870]],[[1871]],[[1872]],[[1873]],[[1874]],[[1875]],[[1876]],[[1877]],[[1878]],[[1879]],[[1880]],[[1881]],[[1882]],[[1882]],[[1882]],[[1882]],[[1882]],[[1882]],[[1882]],[[1882]],[[1883]],[[1884]],[[1884]],[[1885,-1886]],[[1886,-1887]],[[1887]],[[1887]],[[1887]],[[1888]],[[1889]],[[1889]],[[1889]],[[1889]],[[1890]],[[1890]],[[1890]],[[1891]],[[1891]],[[1892]],[[1892]],[[1892]],[[1892]],[[1893]],[[1894,-1895]],[[1895]],[[1895]],[[1896]],[[1897]],[[1898]],[[1899]],[[2004]],[[1900]],[[1900]],[[1900]],[[1900]],[[1901]],[[1902]],[[1902]],[[1902]],[[1903]],[[1903]],[[1904]],[[1905]],[[1905]],[[1906]],[[1906]],[[1906]],[[1907]],[[1908]],[[1909]],[[1910]],[[1911]],[[1911]],[[1911]],[[1912]],[[1913]],[[1913]],[[1913]],[[1914]],[[1914]],[[1914]],[[1914]],[[1914]],[[1915]],[[1916]],[[1916]],[[1916]],[[1916]],[[1916]],[[1917]],[[1917]],[[1917]],[[1917]],[[1917]],[[1918]],[[1918]],[[1918]],[[1918]],[[1918]],[[1918]],[[1918]],[[1918]],[[1919]],[[1919]],[[1919]],[[1919]],[[1920]],[[1920]],[[1920]],[[1920]],[[1921]],[[1921]],[[1922]],[[1923]],[[1924]],[[1925]],[[1926]],[[1926]],[[1926]],[[1926]],[[1926]],[[1926]],[[1926]],[[1927]],[[1927]],[[1927]],[[1927]],[[1927]],[[1928]],[[1928]],[[1928]],[[1928]],[[1928]],[[1928]],[[1929]],[[1929]],[[1929]],[[1929]],[[1929]],[[1929]],[[1929]],[[1930]],[[1931]],[[1932]],[[1932]],[[1933]],[[1933]],[[1934]],[[1935]],[[1936]],[[1937]],[[1937]],[[1938]],[[1939]],[[1940]],[[1940,-1941]],[[1941,-1942]],[[1941,-1942]],[[1941,1942]],[[1943]],[[1944]],[[1945]],[[1946]],[[1947]],[[1948]],[[1949]],[[1949]],[[1950]],[[1951]],[[1952]],[[1953]],[[1954]],[[1955]],[[1955]],[[1956]],[[1957,-1959]],[[1958,-1959]],[[1959]],[[1960]],[[1961]],[[1962]],[[1963]],[[1964]],[[1965]],[[1966]],[[1967]],[[1968]],[[1969]],[[1969]],[[1969]],[[1970]],[[1971]],[[1972]],[[1973]],[[1974]],[[1975]],[[1976]],[[1977]],[[1978]],[[1979]],[[1980]],[[1981]],[[1982]],[[1983]],[[1985]],[[1984]],[[1985]],[[1986]],[[1987]],[[1988]],[[1989]],[[1990]],[[1991]],[[1992]],[[1993]],[[1994]],[[1995]],[[1996]],[[1997]],[[1998]],[[1998]],[[1999]],[[2000]],[[2000]],[[2001]],[[2002]],[[2002]],[[2002]],[[2002]],[[2003]],[[2004]],[[2004]],[[2005]],[[2006]],[[2007,-2008]],[[2007,2008]],[[2009]],[[2010]],[[2010]],[[2011]],[[2012]],[[2013]],[[2013]],[[2014]],[[2015]],[[2016]],[[2017]],[[2018]],[[2018]],[[2019]],[[2020]],[[2021]],[[2021]],[[2022]],[[2024]],[[2023]],[[2024]],[[2025]],[[2026]],[[2028,2027]],[[2028,-2029]],[[2029]],[[2029,-2030]],[[2030]],[[2031]],[[2031]],[[2032]],[[2033]],[[2034]],[[2035]],[[2036]],[[2036]],[[2036]],[[2037]],[[2037]],[[2038]],[[2039]],[[2039]],[[2040]],[[2041]],[[2042]],[[2042]],[[2043]],[[2043]],[[2043]],[[2043]],[[2043]],[[2044]],[[2045]],[[2045]],[[2046]],[[2048]],[[2047]],[[2048]],[[2048]],[[2049]],[[2050]],[[2051]],[[2052]],[[2053]],[[2054]],[[2055]],[[2056]],[[2057]],[[2058]],[[2059]],[[2060]],[[2060]],[[2061]],[[2062]],[[2063]],[[2064]],[[2065]],[[2066]],[[2066]],[[2067]],[[2068]],[[2069]],[[2070]],[[2071]],[[2072]],[[2073]],[[2073]],[[2074]],[[2075]],[[2076]],[[2077]],[[2078]],[[2079]],[[2081]],[[2080]],[[2081]],[[2082]],[[2083]],[[2084]],[[2085]],[[2085]],[[2086]],[[2087]],[[2088]],[[2089]],[[2090]],[[2091]],[[2092]],[[2093]],[[2094]],[[2096]],[[2095]],[[2096]],[[2097]],[[2098]],[[2099]],[[2100]],[[2101]],[[2102]],[[2103]],[[2104]],[[2105]],[[2106]],[[2107]],[[2108]],[[2109]],[[2110]],[[2112]],[[2111]],[[2111]],[[2112]],[[2113]],[[2114]],[[2115]],[[2116]],[[2117]],[[2118]],[[2119]],[[2120]],[[2121]],[[2121]],[[2122]],[[2123]],[[2124]],[[2125]],[[2126]],[[2127]],[[2128]],[[2129]],[[2130]],[[2131]],[[2132]],[[2133]],[[2134]],[[2134]],[[2135]],[[2136]],[[2137]],[[2138]],[[2139]],[[2140]],[[2141]],[[2142]],[[2143]],[[2144]],[[2145]],[[2146]],[[2147]],[[2148]],[[2149]],[[2150]],[[2151]],[[2152]],[[2153]],[[2154]],[[2155]],[[2156]],[[2157]],[[2158]],[[2159]],[[-2162,2160]],[[2161,2162]],[[2163]],[[2164]],[[2165]],[[2166]],[[2167]],[[2168]],[[2169]],[[2170]],[[2171]],[[2172]],[[2173]],[[2174]],[[2175]],[[2175]],[[2176]],[[2177]],[[2178]],[[2179]],[[2180]],[[2181]],[[2182]],[[2182]],[[2183]],[[2184]],[[2184]],[[2185]],[[2186]],[[2187]],[[2188]],[[2189]],[[2190]],[[2191]],[[2192]],[[2193]],[[2193]],[[2194]],[[2195]],[[2196]],[[2197]],[[2198]],[[2199]],[[2200]],[[2201]],[[2202]],[[2203]],[[2203]],[[2204]],[[2204]],[[2205]],[[2206]],[[2207]],[[2208]],[[2209]],[[2210]],[[2210]],[[2211]],[[2212]],[[2213]],[[2213]],[[2214]],[[2214]],[[2215]],[[2216]],[[2217]],[[2218]],[[2219]],[[2220]],[[2221]],[[2221]],[[2221]],[[2222]],[[2223]],[[2224]],[[2225]],[[2226]],[[2227]],[[2228]],[[2229]],[[2230]],[[2231]],[[2232]],[[2233]],[[2234]],[[2235]],[[2236]],[[2237]],[[2238]],[[2239]],[[2240]],[[2241]],[[2242]],[[2243]],[[2244]],[[2246]],[[2245]],[[2246]],[[2247]],[[2248]],[[2249]],[[2250]],[[2251]],[[2252]],[[2253]],[[2254]],[[2255]],[[2256]],[[2257,-2261]],[[2258]],[[2259]],[[2260,-2261]],[[2261]],[[2262]],[[2263]],[[2264]],[[2265]],[[2266]],[[2267]],[[2268]],[[2268]],[[2269]],[[2270]],[[2271]],[[2272]],[[2273]],[[2274]],[[2275]],[[2276]],[[2277]],[[2278]],[[2279]],[[2280]],[[2281]],[[2282]],[[2283]],[[2284]],[[2285]],[[2286]],[[2287]],[[2288]],[[2289]],[[2290]],[[2291]],[[2292]],[[2292]],[[2293]],[[2294]],[[2295]],[[2296]],[[2298]],[[2298]],[[2297]],[[2298]],[[2299]],[[2300]],[[2301]],[[2302]],[[2303]],[[2304]],[[2305]],[[2306]],[[2307]],[[2308]],[[2309]],[[2310]],[[2311]],[[2312,2313]],[[2317,2314,2316]],[[-2318,2317,2315]],[[2316,2317,2318]],[[2319]],[[2320]],[[2321]],[[2322]],[[2323]],[[2324]],[[2325]],[[2326]],[[2327]],[[2328]],[[2331,-2332]],[[2329]],[[2330]],[[2331,2332]],[[2333]],[[2334]],[[2335]],[[2336]],[[2337]],[[2338]],[[2339]],[[2340]],[[2341]],[[2342]],[[2343]],[[2344]],[[2345]],[[2346]],[[2347]],[[2348]],[[2349]],[[2350]],[[2351]],[[2352]],[[2353]],[[2354]],[[2355]],[[2356]],[[2357]],[[2358]],[[2359]],[[2360]],[[2361]],[[2362]],[[2363]],[[2364]],[[2365]],[[2366]],[[2367]],[[2368]],[[2369]],[[2370]],[[2371]],[[2372]],[[2373]],[[2374]],[[2375]],[[2376]],[[2377]],[[2378,-2379]],[[2378,2379]],[[2380]],[[2381]],[[2382]],[[2383]],[[2384]],[[2385]],[[2386]],[[2387]],[[2388]],[[2389]],[[2390]],[[2391]],[[2392]],[[2393]],[[2394]],[[2395]],[[2396]],[[2397]],[[2398]],[[2399]],[[2400]],[[2401]],[[2402]],[[2403]],[[2404]],[[2405]],[[2406]],[[2407]],[[2408]],[[2409]],[[2410]]],"id":"feature_3"},{"properties":{"ra_code":"5","ra_name":"Very Remote Australia"},"type":"MultiPolygon","arcs":[[[2411]],[[2412]],[[2413]],[[2414]],[[2415]],[[2416]],[[2417]],[[2418]],[[2419]],[[2420]],[[2421]],[[2422]],[[2423]],[[2424]],[[2425]],[[2426]],[[2427]],[[2428]],[[2429]],[[2430]],[[2431]],[[2432]],[[2433]],[[2434]],[[2435]],[[2436]],[[2436]],[[2437]],[[2438]],[[2439]],[[2440]],[[2440]],[[2441]],[[2442]],[[2443]],[[2444]],[[2445]],[[2446]],[[2447]],[[2448]],[[2449]],[[2453]],[[2450]],[[2451]],[[2452]],[[2452]],[[2453]],[[2454]],[[2455]],[[2456]],[[2456]],[[2457]],[[2458]],[[2459]],[[2460]],[[2461]],[[2462]],[[2463]],[[2464]],[[2465]],[[2466]],[[2467]],[[2468]],[[2469]],[[2470]],[[2471]],[[2472]],[[2473]],[[2474]],[[2475]],[[2476]],[[2477]],[[2478]],[[2479]],[[2480]],[[2481]],[[2482]],[[2483]],[[2484]],[[2485]],[[2486]],[[2487]],[[2488]],[[2489]],[[2490]],[[2491]],[[2491]],[[2492]],[[2493]],[[2494]],[[2495]],[[2496]],[[2497]],[[2498]],[[2499]],[[2500]],[[2501]],[[2502]],[[2503]],[[2504]],[[2505]],[[2506]],[[2507]],[[2508]],[[2509]],[[2510]],[[2511]],[[2512]],[[2513]],[[2514]],[[2515]],[[2516]],[[2517]],[[2518]],[[2519]],[[2520]],[[2521]],[[2522]],[[2523]],[[2524]],[[2525]],[[2526]],[[2527]],[[2528]],[[2529]],[[2530]],[[2531]],[[2532]],[[2533]],[[2534]],[[2535]],[[2537,-2538]],[[2536,-2538,2537]],[[2538]],[[2539]],[[2540]],[[2540]],[[2541]],[[2546]],[[2542]],[[2543]],[[2545]],[[2545]],[[2544]],[[2545]],[[2545]],[[2546]],[[2549]],[[2547]],[[2548]],[[2549]],[[2550]],[[2551]],[[2554]],[[2552]],[[2553]],[[2554]],[[2555]],[[2555]],[[2555]],[[2557]],[[2556]],[[2557]],[[2557]],[[2558,2559]],[[2560]],[[2560]],[[2561]],[[2561]],[[2562]],[[2562]],[[2563]],[[2564]],[[2565]],[[2566]],[[2567]],[[2568]],[[2568]],[[2569]],[[2570]],[[2570]],[[2571]],[[2572]],[[2573]],[[2574]],[[2575]],[[2576]],[[2577]],[[2578]],[[2579]],[[2580]],[[2581]],[[2581]],[[2582]],[[2583]],[[2584]],[[2585]],[[2586]],[[2587]],[[2588]],[[2591]],[[2589]],[[2590]],[[2591]],[[2592]],[[2593]],[[2594]],[[2595]],[[2596]],[[2597]],[[2597]],[[2597]],[[2598]],[[2599]],[[2600]],[[2601]],[[2602]],[[2603,-2604]],[[2603,2604]],[[2605]],[[2606]],[[2607]],[[2608]],[[2608]],[[2609]],[[2610]],[[2611]],[[2612]],[[2613]],[[2614]],[[2615]],[[2616]],[[2617]],[[2618]],[[2619]],[[2620]],[[2621]],[[2622]],[[2623]],[[2624]],[[2625]],[[2626]],[[2627]],[[2627]],[[2628]],[[2629]],[[2630]],[[2631]],[[2632]],[[2633]],[[2634]],[[2635]],[[2636]],[[2637]],[[2638]],[[2639]],[[2640]],[[2641]],[[2642]],[[2643]],[[2644]],[[2645]],[[2646]],[[2647]],[[2648]],[[2649]],[[2650]],[[2651]],[[2652]],[[2653]],[[2654]],[[2654]],[[2655]],[[2656]],[[2657]],[[2658]],[[2659,-2663]],[[2660]],[[2661,2662]],[[2663]],[[2664]],[[2665]],[[2666]],[[2667]],[[2668]],[[2669]],[[2670]],[[2671]],[[2672]],[[2673]],[[2674]],[[2675]],[[2676]],[[2677]],[[2678]],[[2679]],[[2680]],[[2681]],[[2682]],[[2683]],[[2684]],[[2685]],[[2686]],[[2687]],[[2688]],[[2689]],[[2690]],[[2691]],[[2692]],[[2693]],[[2694]],[[2695]],[[2696]],[[2697]],[[2698]],[[2699]],[[2700]],[[2701]],[[2702]],[[2703]],[[2704]],[[2705]],[[2706]],[[2707]],[[2708]],[[2709]],[[2710]],[[2711]],[[2712]],[[2713]],[[2714]],[[2715]],[[2716]],[[2717]],[[2718]],[[2719]],[[2720]],[[2721]],[[2722]],[[2723]],[[2725]],[[2724]],[[2725]],[[2726]],[[2727]],[[2728]],[[2729]],[[2730]],[[2731]],[[2732]],[[2733]],[[2734]],[[2735]],[[2736]],[[2737]],[[2738]],[[2739]],[[2740]],[[2741]],[[2742]],[[2743]],[[2744]],[[2744]],[[2745]],[[2746]],[[2747]],[[2748]],[[2749]],[[2750]],[[2751]],[[2752]],[[2753]],[[2754]],[[2755]],[[2756]],[[2757]],[[2758]],[[2759]],[[2760]],[[2761]],[[2762]],[[2763,2764,2765,2766,2767,2768,2769,2770,2771,2772,2773,2774,3356,2775],[2776,2777],[2778,2779],[2780,2781],[2782,2783],[2784,2785],[2786,2787],[2788],[2789,2790],[2791]],[[2792]],[[2793]],[[2794]],[[2795]],[[2796]],[[2797]],[[2798]],[[2799]],[[2800]],[[2801]],[[2802]],[[2803]],[[2804]],[[2805]],[[2806]],[[2807]],[[2808]],[[2809]],[[2810]],[[2811]],[[2812]],[[2813]],[[2814]],[[2815]],[[2816]],[[2817]],[[2818]],[[2819]],[[2820]],[[2821]],[[2822]],[[2823]],[[2824]],[[2825]],[[2826]],[[2827]],[[2828]],[[2829]],[[2830]],[[2831]],[[2832]],[[2833]],[[2833]],[[2833]],[[2834]],[[2835]],[[2836]],[[2836]],[[2836]],[[2837]],[[2838]],[[2839]],[[2840]],[[2841]],[[2842]],[[2843]],[[2844]],[[2845]],[[2846]],[[2847]],[[2848]],[[2849]],[[2850]],[[2850]],[[2851,-2856]],[[2852]],[[2853]],[[2854]],[[2855,2856]],[[2857]],[[2858]],[[2859]],[[2860]],[[2861]],[[2862]],[[2862]],[[2863]],[[2864]],[[2865]],[[2867]],[[2866]],[[2867]],[[2868]],[[2869]],[[2870]],[[2870]],[[2871]],[[2872]],[[2873]],[[2874]],[[2875]],[[2876]],[[2877]],[[2878]],[[2879]],[[2880]],[[2881]],[[2882]],[[2883]],[[2884]],[[2885]],[[2886]],[[2887]],[[2888]],[[2889]],[[2890]],[[2891]],[[2892]],[[2893]],[[2894]],[[2895]],[[2896]],[[2897]],[[2898]],[[2899]],[[2900]],[[2901]],[[2902]],[[2903]],[[2904]],[[2905]],[[2905]],[[2906]],[[2907]],[[2908]],[[2909]],[[2910]],[[2911]],[[2912]],[[2913]],[[2914]],[[2915]],[[2916]],[[2917]],[[2918]],[[2919]],[[2920]],[[2921]],[[2922]],[[2923]],[[2924]],[[2925]],[[2926]],[[-2930,2927]],[[2928,2929]],[[2930]],[[2931]],[[2932]],[[2933]],[[2934]],[[2935]],[[2936]],[[2937]],[[2938]],[[2939]],[[2940]],[[2941]],[[2942]],[[2943]],[[2944]],[[2945]],[[2946]],[[2947]],[[2948]],[[2949]],[[2950]],[[2951]],[[2952]],[[2953]],[[2954]],[[2955]],[[2956]],[[2957]],[[2958]],[[2959]],[[2960]],[[2961]],[[2962]],[[2963]],[[2964]],[[2965]],[[2966]],[[2967]],[[2968]],[[2969]],[[2970]],[[2971]],[[2972]],[[2973]],[[-2976,2974]],[[2975,-2976]],[[2976]],[[2977]],[[2978]],[[2979]],[[2980]],[[2981]],[[2982]],[[2983]],[[2984]],[[2985]],[[2986]],[[2987]],[[2988]],[[2988]],[[2989]],[[2990,-2992]],[[2991,2992]],[[2993]],[[2994]],[[2995]],[[2996]],[[2997]],[[2998]],[[2999]],[[3000]],[[3001]],[[3002]],[[3003]],[[3004]],[[3005]],[[3006]],[[3007]],[[3008]],[[3008]],[[3009]],[[3010]],[[3011]],[[3011]],[[3012]],[[3013]],[[3014]],[[3015]],[[3016]],[[3017]],[[3018]],[[3019]],[[3020]],[[3021]],[[3022]],[[3023]],[[3024]],[[3025]],[[3026]],[[3027]],[[3028]],[[3029]],[[3030]],[[3031]],[[3032]],[[3033]],[[3034]],[[3035]],[[3036]],[[3037]],[[3038]],[[3039]],[[3040]],[[3041]],[[3042]],[[3043]],[[3044]],[[3045]],[[3046]],[[3047]],[[3048]],[[3048]],[[3049]],[[3050]],[[3051]],[[3052]],[[3053]],[[3054]],[[3055]],[[3056]],[[3057]],[[3058,3059]],[[3059,3060]],[[3061]],[[3062]],[[3063]],[[3064]],[[3065]],[[3066]],[[3067]],[[3068]],[[3069]],[[3070,3073,-3074]],[[3071]],[[3072,3073]],[[3074]],[[3075]],[[3076]],[[3077]],[[3078]],[[3079]],[[3080]],[[3081]],[[3082]],[[3083]],[[3084]],[[3085]],[[3086]],[[3087]],[[3088]],[[3089]],[[3090]],[[3091]],[[3092]],[[3093]],[[3094]],[[3095]],[[3096]],[[3097]],[[3098]],[[3099]],[[3100]],[[3101]],[[3102]],[[3103]],[[3104]],[[3105]],[[3106]],[[3107]],[[3108]],[[3109]],[[3110]],[[3111]],[[3112]],[[3113]],[[3114]],[[3115]],[[3116]],[[3117]],[[3118]],[[-3124,3119,-3125]],[[3120]],[[3121]],[[3122,3123]],[[3124,-3125]],[[3125]],[[3126]],[[3127]],[[3128]],[[3130]],[[3129]],[[3130]],[[3131]],[[3132]],[[3133]],[[3134]],[[3135]],[[3136]],[[3137]],[[3138]],[[3139]],[[3140]],[[3141]],[[3142]],[[3143]],[[3144]],[[3145]],[[3146]],[[3147]],[[3148]],[[3149]],[[3150]],[[3151]],[[3152]],[[3153]],[[3154]],[[3155]],[[3156]],[[3157]],[[3158]],[[3159]],[[3160]],[[3161]],[[3162]],[[3163]],[[3164]],[[3165]],[[3166]],[[3167]],[[3168]],[[3169]],[[3170]],[[3171]],[[3172]],[[3173]],[[3174]],[[3175]],[[3176]],[[3177]],[[3178]],[[3179]],[[3180]],[[3181]],[[3182]],[[3183]],[[3184]],[[3185]],[[3186]],[[3187]],[[3188]],[[3189]],[[3190]],[[3191]],[[3192]],[[3193]],[[3194]],[[-3198,3195]],[[3196,3197]],[[3198]],[[3199]],[[3200]],[[3201]],[[3202]],[[3203]],[[3204]],[[3205]],[[3206]],[[3207]],[[3208]],[[3213,3209]],[[3210]],[[3211]],[[3212]],[[3213,-3214]],[[3214]],[[3215]],[[3216]],[[3217]],[[3218]],[[3219]],[[3220]],[[3221]],[[3222]],[[3223]],[[3224]],[[3225]],[[3226]],[[3227]],[[3228]],[[3229]],[[3230]],[[3231]],[[3232]],[[3233]],[[3234]],[[3235]],[[3236]],[[3237]],[[3238]],[[3239]],[[3240]],[[3241]],[[3242]],[[3243]],[[3244]],[[3245]],[[3246]],[[3247]],[[3248]],[[3250,-3251]],[[3249,3250]],[[3421]],[[3251]],[[3252]],[[3253]],[[3254]],[[3255]],[[3256]],[[3257]],[[3258]],[[3259]],[[3260]],[[3261]],[[3262]],[[3263]],[[3264]],[[3265]],[[3266]],[[3267]],[[3268]],[[3269]],[[3270]],[[3271]],[[3272]],[[3273]],[[3274]],[[3277,3275]],[[3276]],[[-3278,3277,3278]],[[3279]],[[3280]],[[3281]],[[3282]],[[3283]],[[3284]],[[3284]],[[3285]],[[3286]],[[3287]],[[3289]],[[3288]],[[3289]],[[3290]],[[3291]],[[3292]],[[3293]],[[3294]],[[3295]],[[3296]],[[3297]],[[3298]],[[3299]],[[3300]],[[3301]],[[3302]],[[3304,3303]],[[3304,-3305]],[[3305]],[[3306]],[[3307]],[[3308]],[[3309]],[[3310]],[[3311]],[[3312]],[[3313]],[[3314]],[[3315]],[[3316]],[[3317]],[[3318]],[[3319]],[[3320]],[[3321]],[[3322]],[[3323]],[[3324]],[[3325]],[[3326]],[[3327]],[[3328]],[[3329]],[[3330]],[[3331]],[[3332]],[[3333]],[[3334]],[[3335]],[[3336]],[[3337]],[[3338]],[[3339]],[[3340]],[[3341]],[[3342]],[[3343]],[[3344]],[[3345]],[[3346]],[[3347]],[[3348]],[[3349]],[[3350]],[[3351]],[[3352]],[[3353]],[[3354]],[[3355]],[[3356,3357]],[[3358]],[[-3362,3359]],[[-3365,3363,3360,3361,3362]],[[3363,-3364]],[[3364,-3365]],[[3365]],[[3366]],[[3367]],[[3368]],[[3369]],[[3370]],[[3371]],[[3372]],[[3373]],[[3374]],[[3375]],[[3376]],[[3376]],[[3377]],[[3378]],[[3379]],[[3380]],[[3381]],[[3382]],[[3383]],[[3384]],[[3385]],[[3386]],[[3387]],[[3388]],[[3389]],[[3390]],[[3391]],[[3392]],[[3393]],[[3394]],[[3395]],[[3396]],[[3397]],[[3398]],[[3399]],[[3400]],[[3401]],[[3402]],[[3403]],[[3404]],[[3405]],[[3406]],[[3407]],[[3408]],[[3409]],[[3410]],[[3411]],[[3412]],[[3413]],[[3414]],[[3415]],[[3416]],[[3417]],[[3418]],[[3419]],[[3420]],[[3421]],[[-3426,3422,3425]],[[3423]],[[3424]],[[3425,3426]],[[3427]],[[3428]],[[3429]],[[3430]],[[3431]],[[3432]],[[3433]],[[3434]],[[3435]],[[3436]],[[3437]],[[3438]],[[3439]],[[3440]],[[3441]],[[3442]],[[3443]],[[3444]],[[3445]],[[-3448,3446]],[[3447,3448]],[[3449]],[[3450]],[[3451]],[[3452]],[[3453]],[[3454]],[[3455]],[[3457]],[[3456]],[[3457]],[[3458]],[[3459]],[[3460]],[[3461]],[[3462]],[[3463,-3464]],[[3464]],[[3466,-3467]],[[3464]],[[3464]],[[3465]],[[3466,3467]],[[3468]],[[3469]],[[3470]],[[3471]],[[3472]],[[3473]],[[3474]],[[3475]],[[3476]],[[3477]],[[3478]],[[3478]],[[3479]],[[3483,3480]],[[3481]],[[3482]],[[3483,-3484]],[[3484]],[[3485]],[[3486]],[[3487]],[[3488]],[[3489]],[[3490]],[[3491]],[[3492]],[[3493]],[[3494]],[[3495]],[[3496]],[[3497]],[[3498]],[[3499]],[[3500]],[[3501]],[[3502]],[[3503]],[[3504]],[[3505]],[[3506]],[[3507]],[[3508]],[[3509]],[[3510]],[[3511]],[[3512]],[[3513]],[[3514]],[[3515]],[[3516]],[[3517]],[[3518]],[[3519]],[[3520]],[[3521]],[[3522]],[[3523]],[[3524]],[[3525]],[[3526]],[[3527]],[[3528]],[[3529]],[[3530]],[[3531]],[[3532]],[[3533]],[[3534]],[[3535]],[[3536]],[[3537]],[[3538]],[[3539]],[[3540]],[[3541]],[[3542]],[[3543]],[[3544]],[[3545]],[[3546]],[[3546]],[[3547]],[[3548]],[[3549]],[[3550]],[[3551]],[[3552]],[[3553]],[[3554]],[[3555]],[[3556]],[[3557]],[[3558]],[[3559]],[[3560]],[[3561]],[[3562]],[[3563]],[[3564]],[[3565]],[[3566]],[[3567]],[[3568]],[[3569]],[[3570]],[[3571]],[[3572]],[[3573]],[[3574]],[[3575]],[[3576]],[[3577]],[[3578]],[[3579]],[[3580]],[[3581]],[[3582]],[[3583]],[[3584]],[[3585]],[[3586]],[[3587]],[[3588]],[[3589]],[[3590]],[[3591]],[[3592]],[[3593]],[[3594,-3599]],[[3595]],[[3596]],[[3597,3598]],[[3599]],[[3600]],[[3601]],[[3602]],[[3603]],[[3604]],[[3605]],[[3606]],[[3607]],[[3608]],[[3609]],[[3610]],[[3611]],[[3612]],[[3613]],[[3614]],[[3615]],[[3616]],[[3617]],[[3618]],[[3619]],[[3620]],[[3621]],[[3622]],[[3623]],[[3624]],[[3625]],[[3626]],[[3627]],[[3628]],[[3629]],[[3630]],[[3631]],[[3632]],[[3633]],[[3634]],[[3635]],[[3636]],[[3637]],[[3638]],[[3639]],[[3640,-3641]],[[3640,3641]],[[3642]],[[3643]],[[3644]],[[3645]],[[3646]],[[3647]],[[3648]],[[3649]],[[3650]],[[3651]],[[3652]],[[3653]],[[3654]],[[3655]],[[3656]],[[3657]],[[3658]],[[3659]],[[3660]],[[3661]],[[3662]],[[3663]],[[3664]],[[3665]],[[3666]],[[3667]],[[3668]],[[3669]],[[3670]],[[3671]],[[3672]],[[3673]],[[3673]],[[3674]],[[3675]],[[3676]],[[3677]],[[3678]],[[3679]],[[3683]],[[3680]],[[3681]],[[3682]],[[3683]],[[3683]],[[3683]],[[3683]],[[3683]],[[3687]],[[3687]],[[3684]],[[3685]],[[3686]],[[3687]],[[3688]],[[3689]],[[3690]],[[3691]],[[3692]],[[3693]],[[3694]],[[3695]],[[3696]],[[3697]],[[3698]],[[3699]],[[3700]],[[3701]],[[3702]],[[3703]],[[3704]],[[3705]],[[3706]],[[3707]],[[3708]],[[3709]],[[3710]],[[3711]],[[3712]],[[3713]],[[3714]],[[3715]],[[3716]],[[3717]],[[3718]],[[3719]],[[3734,-3735]],[[3720,-3721]],[[3721]],[[3722]],[[3723]],[[3724]],[[3725]],[[3726]],[[3727]],[[3728]],[[3729]],[[3729]],[[-3733,3730]],[[3731,3732]],[[3733]],[[3734,3735]],[[3736]],[[3737]],[[3738]],[[3739]],[[3740]],[[3741]],[[3742]],[[3743]],[[3742]],[[3743]],[[3743]],[[3744]],[[3745]],[[3746]],[[3747]],[[3748]],[[3749]],[[3750]],[[3750]],[[3751]],[[3752]],[[3753]],[[3754]],[[3755]],[[3756]],[[3757]],[[3758]],[[3759]],[[3760]],[[3761]],[[3762]],[[3763]],[[3763]],[[3764]],[[3765]],[[3766]],[[3767]],[[3768]],[[3769]],[[3770]],[[3771]],[[3771]],[[3771]],[[3772]],[[3773]],[[3774]],[[3775]],[[3776]],[[3777]],[[3778]],[[3779]],[[3780]],[[3781]],[[3782]],[[3783]],[[3784]],[[3785]],[[3786]],[[3787]],[[3788]],[[3789]],[[3790]],[[3791]],[[3792]],[[3793]],[[3794,3795]],[[3795,-3796]],[[3796]],[[3797]],[[3798]],[[3799]],[[3800]],[[3801]],[[3802]],[[3803]],[[3804]],[[3805]],[[3806]],[[3807]],[[3808]],[[3809]],[[3810]],[[3811]],[[3812,-3816]],[[3813]],[[3814]],[[3815,-3816]],[[3816]],[[3817]],[[3818]],[[3819]],[[3820]],[[3821]],[[3822]],[[3823]],[[3824]],[[3825]],[[3826]],[[3827]],[[3828]],[[3829]],[[3830]],[[3831]],[[3832]],[[3833]],[[3834]],[[3836]],[[3836]],[[3835]],[[3836]],[[3837]],[[3838]],[[3839]],[[3840]],[[3841]],[[3842]],[[3843]],[[3844]],[[3845]],[[3846]],[[3847]],[[3848]],[[3849]],[[3850]],[[3851]],[[3852]],[[3853]],[[3854]],[[3855]],[[3856]],[[3857]],[[3858]],[[3859]],[[3860]],[[3861]],[[3862]],[[3863]],[[3864]],[[3865]],[[3866]],[[3867]],[[3868]],[[3869]],[[3870]],[[3871]],[[3872]],[[3873]],[[3874]],[[3875]],[[3876]],[[3877]],[[3878]],[[3879]],[[3880]],[[3880]],[[3881]],[[3882]],[[3883]],[[3884]],[[3885]],[[3886]],[[3887]],[[3888]],[[3889]],[[3890]],[[3891]],[[3892]],[[3893]],[[3894]],[[3895]],[[3896]],[[3897]],[[3898]],[[3899]],[[3900]],[[3901]],[[3902]],[[3903]],[[3904]],[[3905]],[[3906]],[[3907]],[[3908]],[[3909]],[[3910]],[[3911]],[[3911]],[[3912]],[[3913]],[[3914]],[[3915]],[[3916]],[[3917]],[[3918]],[[3919]],[[3920]],[[3921]],[[3922]],[[3923]],[[3924]],[[3925]],[[3926]],[[3927]],[[3928]],[[3929]],[[3930]],[[3931]],[[3932]],[[3933]],[[3934]],[[3935]],[[3935]],[[3936]],[[3936]],[[3937]],[[3938]],[[3939]],[[3940]],[[3940]],[[3941]],[[3942]],[[3943]],[[3944]],[[3945]],[[3946]],[[3947]],[[3948]],[[3949]],[[3950]],[[3951]],[[3952]],[[3953]],[[3954]],[[3954]],[[3955]],[[3956]],[[3957]],[[3958]],[[3959]],[[3960]],[[3961]],[[3962]],[[3963]],[[3964]],[[3965]],[[3966]],[[3967]],[[3968]],[[3969]],[[3970]],[[3971]],[[3972]],[[3973]],[[3974]],[[3975]],[[3976]],[[3977]],[[3978]],[[3979]],[[3980]],[[3981]],[[3982]],[[3983]],[[3984]],[[3985]],[[3986]],[[3987]],[[3988]],[[3989]],[[3990]],[[3991]],[[3992]],[[3993]],[[3994]],[[3995]],[[3996]],[[3997]],[[3998]],[[3999]],[[4000]],[[4001]],[[4002]],[[4003]],[[4004]],[[4005]],[[4006]],[[4007]],[[4008]],[[4009]],[[4010]],[[4011]],[[4012]],[[4013]],[[4014]],[[4015]],[[4016]],[[4017]],[[4018]],[[4019]],[[4020]],[[4021]],[[4022]],[[4023]],[[4024]],[[4025]],[[4026]],[[4027]],[[4028]],[[4029]],[[4030]],[[4031]],[[4032]],[[4033,-4034]],[[4033,4034]],[[4035]],[[4036]],[[4037]],[[4038]],[[4039]],[[4040]],[[4041]],[[4042]],[[4043]],[[4044]],[[4045]],[[4046]],[[4047]],[[4048]],[[4049]],[[4050]],[[4051]],[[4052]],[[4053]],[[4054]],[[4055]],[[4056]],[[4057]],[[4058]],[[4059]],[[4060]],[[4061]],[[4062]],[[4063]],[[4064]],[[4065]],[[4066]],[[4067]],[[4068]],[[4069]],[[4070]],[[4071]],[[4072]],[[4073]],[[4074]],[[4075]],[[4076]],[[4077]],[[4078]],[[4079]],[[4080]],[[4081]],[[4082]],[[4083]],[[4084]],[[4085]],[[4086]],[[4087]],[[4088]],[[4088]],[[4089]],[[4090]],[[4091]],[[4092]],[[4093]],[[4094]],[[4095]],[[4096]],[[4097]],[[4098]],[[4099]],[[4100]],[[4101]],[[4102]],[[4103]],[[4104]],[[4105]],[[4106]],[[4107]],[[4108]],[[4109]],[[4110]],[[4111]],[[4112]],[[4113]],[[4114]],[[4115]],[[4116]],[[4117]],[[4118]],[[4119]],[[4120]],[[4121]],[[4122]],[[4123]],[[4124]],[[4125]],[[4126]],[[4126]],[[4127]],[[4128]],[[4129]],[[4130]],[[4131]],[[4132]],[[4133]],[[4134]],[[4135]],[[4136]],[[4137]],[[4138]],[[4139]],[[4140]],[[4141]],[[4142]],[[4143]],[[4144]],[[4145]],[[4146]],[[4147]],[[4148]],[[4149]],[[4150]],[[4151]],[[4152]],[[4153]],[[4154]],[[4155]],[[4156]],[[4157]],[[4158]],[[4159]],[[4160]],[[4161]],[[-4167,4162]],[[4163]],[[4164]],[[4165]],[[4166,-4167]],[[4167]],[[4168]],[[4169]],[[4170]],[[4171]],[[4173]],[[4172]],[[4173]],[[4174]],[[4175]],[[4176]],[[4177]],[[4178]],[[4179]],[[4180]],[[4181]],[[4182]],[[4183]],[[4184]],[[4185]],[[4186]],[[4187]],[[4188]],[[4189]],[[-4287,4190]],[[4191]],[[4192]],[[4193]],[[4194]],[[4195]],[[4196]],[[4197]],[[4198]],[[4199]],[[4200]],[[4201]],[[4202]],[[4203]],[[4204]],[[4205]],[[4206]],[[4207]],[[4208]],[[4209]],[[4209]],[[4210]],[[4211]],[[4212]],[[4213]],[[4214]],[[4215]],[[4216]],[[4217]],[[4218]],[[4219]],[[4220]],[[4221]],[[4222]],[[4223]],[[4223]],[[4224]],[[4225]],[[4226]],[[4227]],[[4228]],[[4228]],[[4229]],[[4231]],[[4230]],[[4231]],[[4232]],[[4233]],[[4234]],[[4235]],[[4237]],[[4238]],[[4236]],[[4237]],[[4238]],[[4239]],[[4240]],[[4241]],[[4242]],[[4243]],[[4244]],[[4245]],[[4246]],[[4247]],[[4248]],[[4249]],[[4250]],[[4250]],[[4252]],[[4251]],[[4252]],[[4253]],[[4254]],[[4255]],[[4256]],[[4257]],[[4258]],[[4259]],[[4260]],[[4261]],[[4262]],[[4264]],[[4263]],[[4264]],[[4265]],[[4266]],[[4267]],[[4268]],[[4269]],[[4270]],[[4271]],[[4272]],[[4273]],[[4274]],[[4275]],[[4276]],[[4277]],[[4278]],[[4279]],[[4280]],[[4281]],[[4282]],[[4283]],[[4284]],[[4285]],[[4286,-4287]],[[4287]],[[4288]],[[4289]],[[4290]],[[4291]],[[4292]],[[4293]],[[4294]],[[4295]],[[4296]],[[4297]],[[4298]],[[4299]],[[4300]],[[4301]],[[4302]],[[4303]],[[4304]],[[4305]],[[4306]],[[4307]],[[4312,-4313]],[[4308]],[[4309]],[[4310]],[[4311]],[[4312,4313]],[[4314]],[[4315]],[[4316]],[[4317]],[[4318]],[[4319]],[[4320]],[[4321]],[[4322]],[[-4326,4323]],[[4324]],[[4325,-4326]],[[4326]],[[4327]],[[4328]],[[4329]],[[4330]],[[4331]],[[4332]],[[4333]],[[4334]],[[4335]],[[4336]],[[4337]],[[4338]],[[4339]],[[4340]],[[4341]],[[4342]],[[4343]],[[4346,-4347]],[[4344,-4350,4345,4346]],[[4347]],[[4348]],[[4349,4350,-4354,4351]],[[4352]],[[4353,4354]],[[4355]],[[4356]],[[4357]],[[4358]],[[4359]],[[4360]],[[4361]],[[4362]],[[4363]],[[4364]],[[4365]],[[4366]],[[4367]],[[4368]],[[4369]],[[4370]],[[4371]],[[4372]],[[4373]],[[4374]],[[4375]],[[4376]],[[4376]],[[4377]],[[4378]],[[4379]],[[4380]],[[4381]],[[4382]],[[4383]],[[4384]],[[4385]],[[4386]],[[4387]],[[4388]],[[4389]],[[4390]],[[4391]],[[4392]],[[4393]],[[4394]],[[4395]],[[4396]],[[4397]],[[4398]],[[4399]],[[4400]],[[4401]],[[4402]],[[4403]],[[4404]],[[4405]],[[4406]],[[4407]],[[4408]],[[4409]],[[4410]],[[4411]],[[4412]],[[4413]],[[4414]],[[4415]],[[4416]],[[4417]],[[4418]],[[4419]],[[4420]],[[4421,-4423]],[[4422,4423]],[[4424]],[[4425]],[[4426]],[[4427]],[[4428]],[[4429]],[[4430]],[[4431]],[[4432]],[[4433]],[[4434]],[[4435]],[[4436]],[[4437]],[[4438]],[[4439]],[[4440]],[[4441]],[[4442]],[[4443]],[[4444]],[[4445]],[[4446]],[[4447]],[[4448]],[[4449]],[[4450]],[[4451]],[[4452]],[[4453]],[[4454]],[[4455]],[[4456]],[[4457]],[[4458]],[[4459]],[[4460]],[[4461]],[[4462]],[[4463]],[[4464]],[[4465]],[[4466]],[[4467]],[[4468]],[[4469]],[[4470]],[[4471]],[[4472]],[[4473]],[[4474]],[[4475]],[[4476]],[[4477]],[[4478]],[[4479]],[[4480]],[[4481]],[[4482]],[[4483]],[[4484]],[[4485]],[[4486]],[[4487]],[[4488]],[[4489]],[[4490]],[[4491]],[[4492]],[[4493]],[[4494]],[[4495]],[[4496]],[[4497]],[[4498]],[[4499]],[[4500]],[[4501]],[[4502]],[[4503]],[[4504]],[[4505]],[[4506]],[[4507]],[[4508]],[[4509]],[[4510]],[[4511]],[[4512]],[[4513]],[[4514]],[[4515]],[[4516]],[[4517]],[[4518]],[[4519]],[[4520]],[[4521]],[[4522]],[[4523]],[[4525]],[[4525]],[[4524]],[[4525]],[[4525]],[[4526]],[[4527]],[[4528]],[[4529]],[[4530]],[[4531]],[[4532]],[[4533]],[[4534]],[[4535]],[[4536]],[[4537]],[[4538]],[[4538]],[[4539]],[[4540]],[[4541]],[[4542]],[[4543]],[[4544]],[[4545]],[[4546]],[[4547]],[[4548]],[[4549]],[[4550]],[[4551]],[[4552]],[[4553]],[[4554]],[[4555]],[[4556]],[[4557]],[[4558]],[[4559]],[[4560]],[[4561]],[[4562]],[[4563]],[[4564]],[[4565]],[[4566]],[[4567]],[[4568]],[[4570]],[[4569]],[[4570]],[[4571]],[[4572]],[[4573]],[[4574]],[[4575]],[[4576]],[[4577]],[[4578]],[[4579]],[[4580]],[[4581]],[[4582]],[[4583]],[[4584]],[[4585]],[[4586]],[[4587]],[[4588]],[[4589]],[[4590]],[[4591]],[[4592]],[[4593]],[[4594]],[[4595]],[[4596]],[[4597]],[[4598]],[[4599]],[[4600]],[[4601]],[[4602]],[[4603]],[[4604]],[[4605]],[[4606]],[[4607]],[[4608]],[[4609]],[[4610]],[[4611]],[[4612]],[[4613]],[[4614]],[[4615]],[[4616]],[[4617]],[[4618]],[[4619]],[[4620]],[[4621]],[[4622]],[[4623]],[[4624]],[[4625]],[[4626]],[[4627]],[[4628]],[[4629]],[[4630]],[[4631]],[[4632]],[[4633]],[[4634]],[[4635]],[[4636]],[[4637]],[[4638]],[[4639]],[[4640]],[[4641]],[[4642]],[[4643]],[[4644]],[[4645]],[[4646]],[[4647]],[[4648]],[[4649]],[[4650]],[[4651]],[[4652]],[[4653]],[[4654]],[[4655]],[[4656]],[[4657]],[[4658]],[[4659]],[[4660]],[[4661]],[[4662]],[[4663]],[[4664]],[[4665]],[[4666]],[[4667]],[[4668]],[[4669]],[[4670]],[[4671]],[[4672]],[[4673]],[[4674]],[[4675]],[[4676]],[[4677]],[[4678]],[[4679]],[[4680]],[[4681]],[[4682]],[[4683]],[[4684]],[[4685]],[[4686]],[[4687]],[[4688]],[[4689]],[[4690]],[[4691]],[[4692]],[[4693]],[[4694]],[[4695]],[[4696]],[[4697]],[[4698]],[[4699]],[[4700]],[[4701]],[[4702]],[[4703]],[[4704]],[[4705]],[[4706]],[[4707]],[[4708]],[[4709]],[[4710]],[[4711]],[[4712]],[[4713]],[[4714]],[[4715]],[[4716]],[[4717]],[[4718]],[[4719]],[[4720]],[[4721]],[[4722]],[[4723]],[[4724]],[[4725]],[[4726]],[[4727]],[[4728]],[[4729]],[[4730]],[[4731]],[[4732]],[[4733]],[[4734]],[[4735]],[[4736]],[[4737]],[[4738]],[[4739]],[[4740]],[[4741]],[[4742]],[[4743]],[[4744]],[[4745]],[[4746]],[[4747]],[[4748]],[[4749]],[[4750]],[[4751]],[[4752]],[[4753]],[[4754]],[[4755]],[[4756]],[[4757]],[[4758]],[[4759]],[[4760]],[[4761]],[[4762]],[[4763]],[[4764]],[[4765]],[[4766]],[[4767]],[[4768]],[[4769]],[[4770]],[[4771]],[[4772]],[[4773]],[[4774]],[[4775]],[[4776]],[[4777]],[[4778]],[[4779]],[[4780]],[[4781]],[[4782]],[[4783]],[[4784]],[[4785]],[[4786]],[[4787]],[[4788]],[[4789]],[[4790]],[[4791]],[[4792]],[[4793]],[[4794]],[[4795]],[[4796]],[[4797]],[[4798]],[[4799]],[[4800]],[[4801]],[[4802]],[[4803]],[[4804]],[[4805]],[[4806]],[[4807]],[[4808]],[[4809]],[[4810]],[[4811]],[[4812]],[[4813]],[[4814]],[[4815]],[[4816]],[[4817]],[[4818]],[[4819]],[[4820]],[[4821]],[[4821]],[[4822]],[[4823]],[[4824]],[[4825]],[[4826]],[[4827]],[[4828]],[[4829]],[[4830]],[[4831]],[[4832]],[[4833]],[[4834]],[[4835]],[[4836]],[[4837]],[[4838]],[[4839]],[[4840]],[[4841]],[[4842]],[[4843]],[[4844]],[[4845]],[[4846]],[[4847]],[[4848]],[[4849]],[[4850]],[[4851]],[[4852]],[[4853]],[[4854]],[[4855]],[[4856]],[[4857]],[[4858]],[[4859]],[[4860]],[[4861]],[[4862]],[[4863]],[[4864]],[[4865]],[[4866]],[[4867]],[[4868]],[[4869]],[[4870]],[[4871]],[[4872]],[[4873]],[[4874]],[[4875]],[[4876]],[[4877]],[[4878]],[[4879]],[[4880]],[[4881]],[[4882]],[[4883]],[[4884]],[[4885]],[[4886]],[[4887]],[[4888]],[[4889]],[[4890]],[[4891]],[[4892]],[[4893]],[[4893]],[[4894]],[[4895]],[[4896]],[[4897]],[[4898]],[[4899]],[[4900]],[[4901]],[[4902]],[[4903]],[[4904]],[[4905]],[[4906]],[[4907]],[[4908]],[[4909]],[[4910]],[[4911]],[[4912]],[[4913]],[[4914]],[[4915]],[[4916]],[[4917]],[[4918]],[[4919]],[[4920]],[[4921]],[[4922]],[[4923]],[[4924]],[[4925]],[[4926]],[[4927]],[[4928]],[[4929]],[[4930]],[[4931]],[[4932]],[[4933]],[[4934]],[[4935]],[[4936]],[[4937]],[[4938]],[[4939]],[[4940]],[[4941]],[[4942]],[[4943]],[[4944]],[[4945]],[[4946]],[[4947]],[[4948]],[[4949]],[[4950]],[[4951]],[[4952]],[[4953]],[[4954]],[[4955]],[[4956]],[[4957]],[[4958]],[[4959]],[[4960]],[[4961]],[[4962]],[[4963]],[[4964]],[[4965]],[[4966]],[[4967]],[[4968]],[[4969]],[[4970]],[[4971]],[[4972]],[[4973]],[[4974]],[[4975]],[[4976]],[[4977]],[[4978]],[[4979]],[[4980]],[[4981]],[[4982,-4983]],[[4983]],[[4984,-4986]],[[4985,-4986]],[[4986,-4987]],[[4987,-4991,4988]],[[4989,4990,4991,-4996]],[[4992]],[[4993]],[[4994]],[[4995,4996]],[[4997,-4998]],[[4997,4998]],[[4999]],[[5000]],[[5001]],[[5002]],[[5003]],[[5004]],[[5005]],[[5006]],[[5007]],[[5008]],[[5009]],[[5010]],[[5011]],[[5012]],[[5013]],[[5014]],[[5015,-5016]],[[5015,5016]],[[5017]],[[5018]],[[5019]],[[5020]],[[5021]],[[5022]],[[5023]],[[5024]],[[5025]],[[-5028,5026]],[[5027,5028]],[[5029]],[[5030]],[[5031]],[[5032]],[[5033]],[[5034]],[[5035]],[[5036]],[[5037]],[[5038]],[[5039]],[[5040]],[[5041]],[[5042]],[[5043]],[[5044]],[[5045]],[[5046]],[[5047]],[[5048]],[[5049]],[[5050]],[[5051]],[[5052]],[[5053]],[[5054]],[[5055]],[[5056]],[[5057]],[[5057]],[[5058]],[[5059]],[[5060]],[[5060]],[[5061]],[[5062]],[[5063]],[[5064]],[[5065]],[[5066]],[[5067]],[[5068]],[[5069]],[[5070]],[[5071]],[[5072]],[[5073]],[[5074]],[[5075]],[[5076]],[[5077]],[[5078]],[[5079]],[[5080]],[[5081]],[[5082]],[[5083]],[[5084]],[[5085]],[[5086]],[[5087]],[[5088]],[[5089]],[[5090]],[[5091]],[[5092]],[[5093]],[[5094]],[[5095]],[[5096]],[[5097]],[[5098]],[[5099]],[[5100]],[[5101]],[[5102]],[[5103]],[[5104]],[[5105]],[[5106]],[[5107]],[[5108]],[[5109]],[[5110]],[[5111]],[[5112]],[[5113]],[[5114]],[[5115]],[[5116]],[[5117]],[[5118]],[[5119]],[[5120]],[[5121]],[[5122]],[[5123]],[[5124]],[[5125]],[[5126]],[[5126]],[[5127]],[[5128]],[[5129]],[[5130]],[[5131]],[[5132]],[[5133]],[[5134]],[[5135]],[[5136]],[[5137]],[[5138]],[[5139]],[[5140]],[[5141]],[[5142]],[[5143]],[[5144]],[[5145]],[[5146]],[[5147]],[[5148]],[[5149]],[[5150]],[[5151]],[[5152]],[[5153]],[[5154]],[[5155]],[[5156]],[[5157]],[[5158]],[[5159]],[[5160]],[[5161]],[[5162]],[[5163]],[[5164]],[[5165]],[[5166]],[[5167]],[[5168]],[[5169]],[[5170]],[[5171]],[[5172]],[[5173]],[[5174]],[[5175]],[[5176]],[[5177]],[[5178]],[[5179]],[[5180]],[[5181]],[[5182]],[[5182]],[[5183,-5184]],[[5183,-5184]],[[5183,-5184]],[[5183]],[[5184]],[[5187,-5188]],[[5186,-5187]],[[5185]],[[5187,5186,-5188]],[[5188]],[[5190]],[[5189]],[[5189]],[[5190]],[[5190]],[[5191]],[[5193]],[[5192]],[[5193]],[[5194]],[[5195]],[[5196]],[[5196]],[[5196]],[[5197]],[[5198]],[[5198]],[[5198]],[[5198]],[[5198]],[[5199]],[[5199]],[[5198]],[[5198]],[[5199]],[[5199]],[[5199]],[[5199]],[[5199]],[[5200]],[[5199]],[[5200]],[[5200]],[[5200]],[[5202]],[[5202]],[[5202]],[[5202]],[[5202]],[[5202]],[[5202]],[[5201]],[[5201]],[[5202]],[[5254,-5255]],[[5203]],[[5203]],[[5204]],[[5205,-5206]],[[5206,-5207]],[[5207]],[[5210,-5211]],[[5256,-5257]],[[5210,-5211]],[[5208,-5209]],[[5210,-5211]],[[5208,-5209]],[[5209]],[[5210,-5211]],[[5209]],[[5210,-5211]],[[5210,-5211]],[[5209]],[[5210,-5211]],[[5210,-5211]],[[5211]],[[5211]],[[5211]],[[5212]],[[5212]],[[5212]],[[5212]],[[5213]],[[5214]],[[5214]],[[5214]],[[5214]],[[5214]],[[5214]],[[5215]],[[5217]],[[5217]],[[5216]],[[5217]],[[5217]],[[5217]],[[5217]],[[5218]],[[5219]],[[5219]],[[5220]],[[5221]],[[5222]],[[5223]],[[5223]],[[5223]],[[5223]],[[5223]],[[5225]],[[5225]],[[5225]],[[5225]],[[5224]],[[5225]],[[5226]],[[5226]],[[5227]],[[5227]],[[5227]],[[5227]],[[5228]],[[5228]],[[5228]],[[5228]],[[5229]],[[5229]],[[5229]],[[5230]],[[5230]],[[5231]],[[5231]],[[5231]],[[5231]],[[5232]],[[5232]],[[5232]],[[5233]],[[5234]],[[5233]],[[5234]],[[5235]],[[5235]],[[5235]],[[5235]],[[5235]],[[5236]],[[5236]],[[5236]],[[5236]],[[5237]],[[5238]],[[5238]],[[5238]],[[5239]],[[5239]],[[5239]],[[5240]],[[5241]],[[5242]],[[5242]],[[5242]],[[5243]],[[5244]],[[5244]],[[5245]],[[5246]],[[5247]],[[5247]],[[5248]],[[5248]],[[5249]],[[5249]],[[5250]],[[5251]],[[5251]],[[5252]],[[5252]],[[5252]],[[5253]],[[-5255,5254,5255,5256,5257]],[[5258]],[[5259]],[[5260]],[[5261]],[[5262]],[[5263]],[[5264]],[[5265]],[[5266]],[[5267]],[[5268]],[[5269]],[[5270]],[[5271]],[[5272]],[[5273]],[[5274]],[[5275]],[[5276]],[[5277]],[[5278]],[[5279]],[[5280]],[[5281]],[[5282]],[[5283]],[[5284]],[[5284]],[[5284]],[[5284]],[[5285]],[[5285]],[[5285]],[[5286]],[[5286]],[[5286]],[[5286]],[[5287]],[[5288]],[[5290]],[[5289]],[[5290]],[[5291]],[[5292]],[[5292]],[[5292]],[[5293]],[[5294]],[[5294]],[[5294]],[[5294]],[[5294]],[[5294]],[[5295]],[[5295]],[[5295]],[[5296]],[[5296]],[[5296]],[[5297]],[[5298]],[[5298]],[[5298]],[[5299]],[[5300]],[[5301]],[[5302]],[[5303]],[[5304]],[[5305]],[[5306]],[[5307]],[[5308]],[[5309]],[[5309]],[[5310]],[[5311]],[[5312]],[[5313]],[[5314]],[[5315]],[[5316]],[[5317]],[[5318]],[[5319]],[[5320]],[[5321]],[[5322]],[[5323]],[[5324]],[[5325]],[[5326]],[[5327]],[[5328]],[[5329]],[[5330]],[[5331]],[[5332]],[[5333]],[[5334]],[[5335]],[[5336]],[[5337]],[[5338]],[[5339]],[[5340]],[[5341]],[[5342]],[[5343]],[[5344]],[[5345]],[[5346]],[[5347]],[[5348]],[[5349]],[[5350]],[[5351]],[[5352]],[[5353]],[[5354]],[[5355]],[[5356]],[[5357]],[[5358]],[[5359]],[[5360]],[[5361]],[[5362]],[[5363]],[[5364]],[[5365]],[[5366]],[[5367]],[[5368]],[[5369]],[[5370]],[[5371]],[[5372]],[[5373]],[[5374]],[[5375]],[[5376]],[[5377]],[[5378]],[[5379]],[[5380]],[[5381]],[[5382]],[[5383]],[[5384]],[[5385]],[[5385]],[[5386]],[[5388]],[[5387]],[[5388]],[[5389]],[[5390]],[[5390]],[[5391]],[[5392]],[[5393]],[[5394]],[[5395]],[[5396]],[[5397]],[[5398]],[[5399]],[[5400]],[[5401]],[[5402]],[[5403]],[[5404]],[[5405]],[[5406]],[[5407]],[[5408]],[[5409]],[[5410]],[[5410]],[[5411]],[[5412]],[[5412]],[[5413]],[[5414]],[[5415]],[[5416]],[[5417]],[[5418]],[[5419]],[[5420]],[[5421]],[[5422]],[[5423]],[[5423]],[[5424]],[[5425]],[[5425]],[[5426]],[[5427]],[[5428]],[[5429]],[[5430]],[[5431]],[[5432]],[[5433]],[[5434]],[[5435]],[[5436]],[[5437]],[[5438]],[[5439]],[[5440]],[[5441]],[[5442]],[[5443]],[[5444]],[[5445]],[[5446]],[[5447]],[[5448]],[[5448]],[[5449]],[[5450]],[[5451]],[[5452]],[[5452]],[[5453]],[[5454]],[[5455]],[[5456]],[[5457]],[[5458]],[[5459]],[[5460]],[[5461]],[[5462]],[[5463]],[[5464]],[[5465]],[[5466]],[[5467]],[[5468]],[[5469]],[[5470]],[[5471]],[[5472]],[[5472]],[[5473]],[[5474]],[[5475]],[[5476]],[[5477]],[[5478]],[[5479]],[[5480]],[[5481]],[[5482]],[[5483]],[[5484]],[[5485]],[[5486]],[[5487]],[[5488]],[[5489]],[[5490]],[[5491]],[[5492]],[[5493]],[[5494]],[[5495]],[[5496]],[[5497]],[[5498]],[[5499]],[[5500]],[[5501]],[[5502]],[[5503]],[[5504]],[[5505]],[[5506]],[[5507]],[[5508]],[[5509]],[[5510]],[[5511]],[[5512]],[[5513]],[[5514]],[[5515]],[[5516]],[[5517]],[[5518]],[[5519]],[[5520]],[[5521]],[[5522]],[[5523]],[[5524]],[[5525]],[[5526]],[[5527]],[[5528]],[[5529]],[[5530]],[[5531]],[[5532]],[[5533]],[[5534]],[[5535]],[[5536]],[[5537]],[[5538]],[[5539]],[[5540]],[[5541]],[[5542]],[[5543]],[[5544]],[[5545]],[[5546]],[[5547]],[[5548]],[[5549]],[[5550]],[[5551]],[[5552]],[[5553]],[[5554]],[[5555]],[[5556]],[[5557]],[[5558]],[[5559]],[[5560]],[[5561]],[[5562]],[[5563]],[[5564]],[[5565]],[[5566]],[[5567]],[[5568]],[[5569]],[[5570]],[[5571]],[[5572]],[[5573]],[[5574]],[[5575]],[[5576]],[[5577]],[[5578]],[[5579]],[[5580]],[[5581]],[[5582]],[[5583]],[[5584]],[[5585]],[[5586]],[[5587]],[[5588]],[[5589]],[[5590]],[[5591]],[[5592]],[[5593]],[[5594]],[[5595]],[[5596]],[[5597]],[[5598]],[[5599]],[[5600]],[[5601]],[[5602]],[[5603]],[[5604]],[[5605]],[[5606]],[[5607]],[[5608]],[[5608]],[[5609]],[[5610]],[[5611]],[[5612]],[[5613]],[[5614]],[[5615]],[[5616]],[[5617]],[[5618]],[[5619]],[[5620]],[[5621]],[[5622]],[[5623]],[[5623]],[[5624]],[[5625]],[[5626]],[[5627]],[[5628]],[[5629]],[[5630,-5631]],[[5632,-5633]],[[5631]],[[5632,5633]],[[5634]],[[5635]],[[5636]],[[5637]],[[5638]],[[5639]],[[5640]],[[5641]],[[5643]],[[5642]],[[5643]],[[5644]],[[5645]],[[5646]],[[5647]],[[5648]],[[5649]],[[5650]],[[5651]],[[5652]],[[5653]],[[5654]],[[5655]],[[5656]],[[5657]],[[5658]],[[-5661,5659]],[[5660,-5661]],[[5661]],[[5662]],[[5663]],[[5664]],[[5665]],[[5666]],[[5667]],[[5668]],[[5669]],[[5670]],[[5671]],[[5672]],[[5673]],[[5674]],[[5675]],[[5676]],[[5677]],[[5678]],[[5679]],[[5680]],[[5681]],[[5682]],[[5683]],[[5684]],[[5685]],[[5686]],[[5687]],[[5688]],[[5689]],[[5690]],[[5691]],[[5692]],[[5693]],[[5694]],[[5695]],[[5696]],[[5697]],[[5698]],[[5699]],[[5700]],[[5701]],[[5702]],[[5703]],[[5704]],[[5705]],[[5706]],[[5707]],[[5708]],[[5709]],[[5710]],[[5711]],[[5712]],[[5713]],[[5714]],[[5715]],[[5716]],[[5717]],[[5718]],[[5719]],[[5720]],[[5721]],[[5722]],[[5723]],[[5724]],[[5725]],[[5726]],[[5727]],[[-5730,5728]],[[5729,-5730]],[[5730]],[[5731]],[[5732]],[[5733]],[[5734]],[[5735]],[[5736]],[[5736]],[[5737]],[[5738]],[[5739]],[[5740]],[[5741]],[[5742]],[[5743]],[[5744]],[[5745]],[[5746]],[[5747]],[[5748]],[[5749]],[[5750]],[[5751]],[[5752]],[[5753]],[[5754]],[[5755]],[[5756]],[[5757]],[[5758]],[[5759]],[[5760]],[[5761]],[[5762]],[[5763]],[[5764]],[[5765]],[[5766]],[[5767]],[[5768]],[[5769]],[[5770]],[[5771]],[[5772]],[[5773]]],"id":"feature_4"}],"type":"GeometryCollection"}},"bbox":[96.81701224015332,-43.74048162904623,167.99720302017425,-9.142496009590072],"transform":{"scale":[0.007118730951097203,0.0034601445764032555],"translate":[96.81701224015332,-43.74048162904623]},"arcs":[[[6739,1545],[0,0]],[[6732,1555],[0,0]],[[6732,1556],[0,0]],[[6731,1557],[0,0]],[[6731,1558],[0,0]],[[6798,1564],[0,0]],[[6683,1657],[12,-54],[-26,-25],[-4,49],[18,30]],[[6779,1797],[65,-173],[-95,-96],[-48,234],[78,35]],[[6687,1765],[-3,-20]],[[5916,2513],[-1,5]],[[5869,2495],[-22,-68],[51,229],[-29,-161]],[[5859,2581],[2,2],[1,-1],[-1,-2],[-2,1]],[[5859,2592],[3,-8],[-3,-3],[0,11]],[[5857,2596],[0,1],[1,0],[-1,-1]],[[2655,3238],[-7,-54],[-4,31],[11,23]],[[2654,3229],[1,-1],[-1,0],[0,1]],[[2653,3230],[0,0]],[[2655,3230],[0,0]],[[2651,3306],[1,-1],[-1,-1],[0,2]],[[2651,3308],[0,0]],[[2652,3312],[0,0]],[[2651,3313],[0,0]],[[2670,3400],[-28,130],[87,-99],[-69,-225],[10,194]],[[6816,1598],[0,-2]],[[7357,2404],[7,1]],[[7367,2483],[-45,13]],[[7594,2658],[1,-1],[-1,0],[0,1]],[[7602,2672],[0,0]],[[7601,2673],[0,1],[1,-1],[-1,0]],[[7601,2673],[0,0]],[[7604,2681],[0,0]],[[7601,2683],[0,1],[1,-1],[-1,0]],[[7602,2727],[-19,-70],[7,-44],[-24,44],[36,70]],[[7649,2837],[0,0]],[[7626,2800],[-53,-38],[-65,139],[150,36],[-32,-137]],[[7648,2856],[0,0]],[[7643,2857],[0,0]],[[7639,2858],[0,0]],[[7636,2859],[-1,0],[1,1],[0,-1]],[[7649,2859],[0,0]],[[7651,2863],[0,0]],[[7658,2913],[0,0]],[[7653,2918],[-1,0],[0,2],[1,0],[0,-2]],[[7656,2943],[0,0]],[[7692,3020],[0,0]],[[7679,3049],[-12,119],[54,13],[-72,-238],[30,106]],[[7695,3075],[-1,3],[0,1],[1,-4]],[[7660,3166],[-7,-22]],[[7704,3075],[0,0]],[[7699,3077],[2,7],[4,-5],[-3,-10],[-3,8]],[[7705,3077],[0,0]],[[7706,3079],[0,0]],[[7701,3087],[1,-1],[-1,0],[0,1]],[[7966,4446],[-124,213],[33,191],[2,-183],[89,-221]],[[7974,4492],[-1,1],[1,0],[0,-1]],[[7951,4567],[0,-1],[-1,3],[1,0],[0,-2]],[[7950,4576],[0,0]],[[7950,4578],[0,0]],[[7949,4582],[0,0]],[[7948,4587],[0,-1]],[[7942,4608],[1,-1],[-1,0],[0,1]],[[7933,4685],[0,1],[1,-2],[-1,1]],[[7919,4722],[-2,1],[1,1],[1,-2]],[[7913,4816],[0,0]],[[7907,4819],[1,1],[0,-1],[-1,0]],[[7905,4867],[0,0]],[[7904,4868],[1,0],[-1,-1],[0,1]],[[7905,4868],[0,0]],[[7906,4869],[0,0]],[[7907,4869],[1,1],[-2,-1],[1,0]],[[7908,4872],[0,0]],[[7908,4873],[0,0]],[[7886,4884],[-6,122],[17,23],[17,-134],[-28,-11]],[[7908,4949],[0,0]],[[2558,2726],[0,0]],[[2558,2735],[0,0]],[[2557,2735],[0,0]],[[2558,2736],[0,0]],[[2559,2736],[0,0]],[[2556,2736],[0,0]],[[2560,2737],[0,0]],[[2556,2737],[0,0]],[[2558,2737],[0,0]],[[2559,2737],[0,0]],[[2559,2738],[0,0]],[[2558,2738],[0,0]],[[2558,2739],[0,0]],[[2558,2740],[0,0]],[[2558,2742],[0,0]],[[2555,2747],[0,0]],[[2555,2749],[0,0]],[[2556,2751],[1,-1],[-1,0],[0,1]],[[2557,2753],[0,0]],[[2556,2763],[0,0]],[[2558,2768],[0,0]],[[2558,2769],[0,0]],[[2554,2785],[0,0]],[[2553,2785],[0,0]],[[2553,2786],[0,0]],[[2553,2787],[0,0]],[[2553,2788],[0,0]],[[2554,2789],[0,0]],[[2554,2798],[0,0]],[[2554,2800],[0,0]],[[2554,2801],[0,0]],[[2554,2803],[0,0]],[[2554,2804],[0,0]],[[2554,2805],[0,0]],[[2554,2806],[0,0]],[[2554,2814],[0,0]],[[2553,2910],[0,0]],[[2553,2911],[0,0]],[[2554,2911],[0,0]],[[2555,2942],[0,0]],[[2555,2947],[0,0]],[[2555,2951],[0,0]],[[5826,2300],[0,0]],[[5826,2302],[0,0]],[[5828,2307],[-1,-1],[0,1],[1,0]],[[5868,2349],[0,2],[1,-1],[-1,-1]],[[5871,2357],[-1,0],[0,1],[1,0],[0,-1]],[[5874,2364],[0,-1],[-1,0],[1,1]],[[2580,2692],[0,0]],[[2584,2693],[0,0]],[[2583,2694],[0,0]],[[2584,2694],[0,0]],[[2583,2696],[0,0]],[[2579,2696],[0,0]],[[2582,2697],[0,0]],[[2582,2698],[-1,1],[1,0],[0,-1]],[[2578,2701],[0,0]],[[2577,2701],[0,0]],[[2577,2703],[0,0]],[[2577,2704],[0,0]],[[2574,2704],[0,0]],[[2576,2704],[0,0]],[[2574,2705],[0,0]],[[2576,2705],[0,0]],[[2577,2706],[0,0]],[[2576,2706],[0,0]],[[2573,2706],[0,0]],[[2574,2707],[0,0]],[[2573,2707],[0,0]],[[2577,2708],[0,0]],[[2575,2708],[0,0]],[[2573,2708],[0,0]],[[2573,2711],[0,0]],[[2572,2712],[0,0]],[[2572,2713],[0,0]],[[2564,2718],[0,0]],[[2563,2719],[0,0]],[[2564,2719],[0,0]],[[2564,2720],[0,0]],[[2577,2726],[0,0]],[[2578,2731],[0,0]],[[2581,2735],[0,0]],[[2715,2830],[-7,-5]],[[5870,2865],[2,6],[2,-17],[-4,3],[0,8]],[[2735,3360],[-27,-485],[-132,-167],[153,719],[-114,183]],[[2648,3337],[-1,11],[6,-26],[-3,1],[-2,14]],[[2648,3357],[0,0]],[[2647,3359],[1,0],[0,-2],[-1,1],[0,1]],[[7071,286],[0,-1],[-1,0],[1,1]],[[7076,290],[0,0]],[[7075,290],[0,0]],[[7076,291],[0,-1]],[[7076,290],[-1,1]],[[7075,291],[0,0]],[[7075,291],[1,0]],[[7076,291],[0,0]],[[7077,293],[0,0]],[[7064,679],[26,33],[18,-85],[-64,-10],[20,62]],[[7060,681],[0,0]],[[7062,681],[0,0]],[[7060,682],[0,0]],[[7061,684],[1,-1],[-1,-2],[0,3]],[[6818,1496],[0,0]],[[6817,1496],[0,0]],[[6817,1497],[0,0]],[[6784,1509],[0,0]],[[6785,1509],[0,0]],[[6800,1529],[12,-3],[7,-31],[-34,14],[15,20]],[[6753,1514],[0,0]],[[6816,1516],[1,-3],[0,-1],[-2,3],[1,1]],[[6753,1515],[0,0]],[[6752,1515],[0,0]],[[6752,1516],[0,0]],[[6755,1516],[0,0]],[[6754,1516],[0,0]],[[6755,1517],[0,0]],[[6809,1528],[0,0]],[[6783,1554],[-10,-36],[-24,10],[0,21],[34,5]],[[6718,1582],[0,0]],[[6722,1584],[0,1]],[[6722,1585],[0,-1]],[[6722,1584],[0,1]],[[6724,1588],[0,0]],[[6818,1602],[-4,-13],[-7,-1],[11,14]],[[6816,1596],[0,2]],[[6816,1598],[0,-2]],[[6361,1753],[-24,-38]],[[6437,1952],[97,-64]],[[7266,2487],[-105,169]],[[7225,2760],[256,-48],[-169,388]],[[7769,3311],[115,1141],[-151,-50]],[[7846,4901],[-78,633],[151,-388],[-77,-487],[140,-293],[-81,-700],[-73,-401],[-320,-364],[127,-111],[-46,-281],[-96,-258],[-78,165],[-63,-315]],[[7074,2061],[-219,-95],[216,-272],[-55,-210],[-195,20],[1,253],[-114,31],[14,-206],[-144,-152],[-213,130],[212,73]],[[6687,1765],[-3,-20]],[[6684,1745],[3,20]],[[7367,2483],[-45,13]],[[7322,2496],[45,-13]],[[7436,2498],[28,-113],[37,82],[-23,74],[-42,-43]],[[7364,2405],[-7,-1]],[[7357,2404],[7,1]],[[7660,3166],[-7,-22]],[[7653,3144],[7,22]],[[7070,2031],[6,-4]],[[6850,2340],[0,6]],[[5876,2359],[0,0]],[[5882,2370],[0,1],[1,-1],[-1,0]],[[6756,2390],[17,-34]],[[6013,2432],[-213,-88],[37,502],[150,-115]],[[5916,2513],[-1,5]],[[5915,2518],[1,-5]],[[7087,207],[0,0]],[[7088,207],[0,0]],[[7088,208],[0,0]],[[7088,179],[-46,69],[3,62],[95,-34],[-52,-97]],[[7134,252],[0,0]],[[7134,253],[0,0]],[[7118,266],[0,0]],[[7118,267],[0,0]],[[7124,267],[0,0]],[[7128,269],[0,0]],[[7125,270],[0,0]],[[7126,274],[0,0]],[[7113,277],[0,0]],[[7114,278],[0,0]],[[7114,280],[0,0]],[[7114,281],[0,0]],[[7077,291],[0,0]],[[7077,292],[0,0]],[[7306,2134],[2,-5],[0,-2],[-3,3],[1,4]],[[7500,2285],[-1,0],[1,1],[0,-1]],[[7504,2289],[0,0]],[[7507,2310],[0,-1]],[[7507,2309],[0,1]],[[7501,2313],[0,0]],[[7501,2317],[0,0]],[[7510,2321],[0,0]],[[7513,2326],[0,0]],[[7515,2333],[-1,0],[0,1],[1,0],[0,-1]],[[7518,2344],[0,-1],[-1,1],[1,0]],[[7521,2357],[0,-1],[-1,1],[1,0]],[[7521,2357],[0,0]],[[7522,2359],[0,0]],[[7526,2366],[0,0]],[[7529,2373],[1,1],[0,-2],[-1,1]],[[7543,2448],[1,-1],[-1,0],[0,1]],[[7568,2473],[0,0]],[[7579,2491],[-1,1],[1,2],[0,-3]],[[7261,2842],[53,-11]],[[7284,2941],[0,-4],[-2,0],[0,7],[2,-3]],[[7633,2952],[0,0]],[[7466,3142],[3,4]],[[7416,3232],[7,-11],[1,-20],[-17,13],[9,18]],[[7292,3314],[-25,-6],[-2,30],[28,3],[-1,-27]],[[7561,3577],[-2,5],[4,6],[0,-9],[-2,-2]],[[7587,3700],[25,-94]],[[7592,5842],[-1,-2],[-2,3],[2,0],[1,-1]],[[7588,5842],[-1,2],[1,0],[0,-2]],[[7586,5844],[0,-1],[-1,1],[1,0]],[[7593,5848],[-1,-3],[-2,1],[1,1],[2,1]],[[7512,5903],[59,88],[-9,-239],[-46,5],[-4,146]],[[7585,5891],[0,0]],[[7588,5911],[0,0]],[[7584,5944],[0,0]],[[7368,6521],[-1,1],[1,1],[0,-2]],[[7365,6525],[-1,0],[1,2],[0,-2]],[[7358,6531],[-16,-40],[-7,85],[27,-22],[-4,-23]],[[7365,6544],[0,0]],[[7352,6578],[0,-1],[-1,0],[0,2],[1,-1]],[[7654,2930],[-7,-18],[-6,14],[10,13],[3,-9]],[[7637,2953],[9,-16],[-14,-19],[-4,16],[9,19]],[[7645,2948],[-1,0],[2,1],[-1,-1]],[[7640,2950],[1,2],[1,-1],[-1,-1],[-1,0]],[[7636,2956],[0,1],[1,-3],[-1,1],[0,1]],[[7698,3073],[5,-4],[-2,-16],[-6,1],[3,19]],[[7765,3164],[0,0]],[[7769,3165],[0,0]],[[7763,3165],[0,0]],[[7769,3166],[0,0]],[[7773,3171],[0,0]],[[7772,3171],[0,0]],[[7772,3172],[0,0]],[[7774,3172],[0,0]],[[7773,3172],[0,0]],[[7775,3172],[0,0]],[[7776,3173],[0,0]],[[7777,3175],[0,0]],[[7780,3177],[-1,-1],[-1,0],[1,3],[1,-2]],[[7781,3178],[-1,1],[1,0],[0,-1]],[[7749,3188],[0,0]],[[7784,3189],[0,0]],[[7751,3191],[1,0],[0,-2],[-1,2]],[[7760,3190],[0,0]],[[7786,3191],[0,0]],[[7760,3191],[0,0]],[[7759,3192],[0,0]],[[7761,3193],[0,0]],[[7783,3193],[0,0]],[[7759,3193],[0,0]],[[7783,3194],[0,1],[1,-1],[-1,-1],[0,1]],[[7747,3199],[1,1],[0,-4],[-1,2],[0,1]],[[7754,3198],[0,0]],[[7749,3199],[0,0]],[[7749,3198],[0,-1],[-1,4],[1,-2],[0,-1]],[[7750,3200],[0,0]],[[7829,3259],[0,1],[1,0],[-1,-1]],[[7828,3264],[0,0]],[[7828,3370],[0,0]],[[7829,3373],[0,0]],[[7731,3777],[-13,114]],[[7850,3877],[3,-9]],[[7707,3905],[-1,-7],[-1,14],[3,-2],[-1,-5]],[[7716,4042],[2,5]],[[7650,4589],[0,-8]],[[7720,4924],[-22,91],[73,-50],[-3,-71],[-48,30]],[[7743,5053],[4,-18]],[[7743,5055],[3,3]],[[7875,5254],[1,1]],[[7873,5256],[0,0]],[[7869,5275],[2,0],[-1,-1],[-1,1]],[[7872,5275],[0,2]],[[7870,5276],[0,0]],[[7872,5277],[0,-2]],[[7872,5275],[0,2]],[[7873,5279],[0,0]],[[7874,5284],[0,0]],[[7874,5288],[1,0],[1,-1],[-2,-1],[0,2]],[[7831,5366],[2,0],[1,-2],[-3,0],[0,2]],[[7821,5437],[0,0]],[[7672,5690],[0,0]],[[7672,5690],[-1,3],[1,2],[1,-4],[-1,-1]],[[7650,5749],[22,-42],[0,-58],[-22,100]],[[7642,5758],[1,0],[-1,-1],[0,1]],[[7643,5759],[0,0]],[[7883,3553],[0,0]],[[7882,3554],[0,0]],[[7883,3557],[0,0]],[[7881,3558],[0,0]],[[7883,5201],[0,0]],[[7881,5237],[0,0]],[[7882,5239],[0,-3],[-1,2],[1,1]],[[7880,5241],[0,-1],[-1,0],[0,1],[1,0]],[[7880,5241],[0,0]],[[7880,5243],[0,0]],[[7883,5241],[-1,2],[1,4],[1,-3],[-1,-3]],[[7877,5244],[0,0]],[[7876,5245],[0,-1],[-1,1],[1,0]],[[7875,5245],[0,0]],[[7876,5245],[0,1]],[[7877,5249],[1,0],[0,-6],[-1,1],[0,5]],[[7882,5245],[0,-2],[-1,7],[1,-2],[0,-3]],[[7880,5247],[0,0]],[[7879,5248],[0,0]],[[7875,5250],[1,0]],[[7876,5250],[-1,-2]],[[7875,5248],[0,2]],[[7879,5249],[0,0]],[[7877,5249],[0,0]],[[7878,5250],[0,0]],[[7877,5250],[0,0]],[[7881,5250],[0,0]],[[7879,5250],[-1,0],[1,1],[0,-1]],[[7880,5251],[0,1],[1,-1],[-1,0]],[[7879,5252],[0,0]],[[7876,5252],[0,-1]],[[7876,5251],[0,-1]],[[7876,5250],[0,4]],[[7877,5252],[1,2],[1,-3],[-2,-1],[0,2]],[[7876,5254],[0,-2]],[[7876,5252],[0,2]],[[7875,5254],[0,0]],[[7881,5253],[-1,0],[1,2],[0,-2]],[[7876,5254],[-1,0]],[[7875,5254],[1,1]],[[7876,5255],[0,-1]],[[7876,5254],[0,0]],[[7881,5256],[0,-1],[0,1]],[[7879,5253],[0,1]],[[7879,5254],[0,-1]],[[7876,5256],[1,1],[1,0],[-1,-2],[-1,1]],[[7876,5256],[0,0]],[[7876,5257],[0,0]],[[7878,5257],[0,0]],[[7879,5259],[0,0]],[[7879,5260],[0,0]],[[7879,5261],[0,0]],[[7880,5265],[0,7],[6,5],[-2,-10],[-4,-2]],[[7879,5271],[0,0]],[[7881,5274],[-1,-1],[0,1],[1,0]],[[7880,5276],[1,0],[-1,-1],[0,1]],[[7881,5275],[0,1],[1,1],[-1,-2]],[[7885,5278],[0,0]],[[7885,5285],[0,0]],[[7884,5285],[0,0]],[[7885,5286],[0,0]],[[7878,5293],[0,0]],[[7879,5294],[0,0]],[[7880,5294],[0,0]],[[7879,5295],[0,0]],[[7900,3661],[0,0]],[[7901,3665],[0,0]],[[7902,3666],[0,0]],[[7901,3666],[0,0]],[[7902,3668],[0,0]],[[7903,3697],[0,0]],[[7906,3700],[0,0]],[[7907,3700],[0,0]],[[7905,3707],[0,0]],[[7905,3708],[0,0]],[[7904,3712],[0,0]],[[7898,3716],[0,0]],[[7903,3717],[0,0]],[[7895,3784],[0,0]],[[7903,3846],[0,0]],[[7913,3884],[0,0]],[[7913,3886],[0,-1],[-1,1],[1,0]],[[7918,3901],[-1,1],[1,0],[0,-1]],[[7914,3904],[0,0]],[[7921,3933],[0,0]],[[7921,3934],[0,0]],[[7922,3943],[0,0]],[[7921,3943],[0,0]],[[7922,3951],[0,0]],[[7907,4828],[0,0]],[[7896,4834],[2,13],[10,-25],[-9,1],[-3,11]],[[7904,4835],[-1,0],[0,3],[1,-1],[0,-2]],[[7903,4838],[0,0]],[[7900,4845],[0,0]],[[7902,4844],[0,0]],[[7902,4846],[0,0]],[[7910,4829],[-7,32],[8,32],[10,-79],[-11,15]],[[7903,4852],[1,0],[-2,-1],[1,1]],[[7903,4859],[0,-3],[-1,1],[1,2]],[[7902,4861],[0,-1],[-1,0],[1,1]],[[7901,4863],[0,0]],[[7901,4864],[0,2],[1,-1],[-1,-2],[0,1]],[[7909,4874],[0,0]],[[7909,4876],[1,0],[0,-1],[-1,0],[0,1]],[[7909,4879],[1,-1],[-1,-1],[0,2]],[[7909,4884],[1,-1],[-1,0],[0,1]],[[7892,5136],[0,0]],[[7893,5140],[0,0]],[[7896,5144],[0,0]],[[7897,5145],[0,0]],[[7897,5155],[0,0]],[[7901,5161],[0,0]],[[7900,5160],[-1,1],[1,-1]],[[7899,5164],[0,0]],[[7900,5165],[0,0]],[[7899,5166],[0,0]],[[7898,5172],[0,0]],[[7898,5173],[0,0]],[[7899,5174],[0,0]],[[7897,5175],[1,0],[0,-1],[-1,1]],[[7899,5174],[-1,-1],[1,5],[0,-4]],[[7890,5185],[-1,0],[1,1],[0,-1]],[[7885,5255],[0,-1]],[[7886,5258],[-1,-1],[1,0],[0,1]],[[7886,5270],[0,-1]],[[7886,5269],[0,1]],[[7888,5276],[-1,-2],[0,5],[1,-1],[0,-2]],[[7930,3912],[0,0]],[[7924,3925],[0,0]],[[7930,3967],[0,0]],[[7929,3979],[0,0]],[[7947,3991],[0,1],[1,-2],[-1,1]],[[7947,3992],[0,0]],[[7931,3994],[0,0]],[[7935,4037],[0,0]],[[7944,4156],[0,0]],[[7943,4157],[0,0]],[[7973,4297],[-1,-1],[0,1],[1,0]],[[7979,4340],[0,0]],[[7979,4343],[0,0]],[[7980,4345],[0,0]],[[7979,4345],[0,0]],[[7951,4578],[0,0]],[[7951,4584],[0,3],[1,-3],[-1,0]],[[7951,4587],[0,0]],[[7949,4588],[0,0]],[[7949,4590],[0,-1],[-1,1],[1,0]],[[7948,4587],[0,-1]],[[7948,4586],[0,1]],[[7950,4593],[0,-1]],[[7950,4592],[0,1]],[[7954,4616],[0,-1]],[[7948,4598],[0,-1],[-2,-2],[0,2],[2,1]],[[7947,4598],[0,-1],[-1,1],[1,0]],[[7948,4598],[0,0]],[[7948,4598],[0,1]],[[7948,4599],[1,0]],[[7949,4599],[0,-1]],[[7949,4598],[-1,1]],[[7946,4599],[0,0]],[[7949,4599],[0,0]],[[7946,4600],[0,0]],[[7948,4599],[0,-1]],[[7948,4598],[0,1]],[[7949,4600],[0,0]],[[7949,4601],[0,0]],[[7949,4602],[0,2],[1,0],[-1,-3],[0,1]],[[7950,4604],[0,0]],[[7951,4604],[0,0]],[[7951,4605],[0,-1]],[[7951,4604],[0,1]],[[7945,4606],[0,0]],[[7945,4606],[0,-1]],[[7951,4606],[0,0]],[[7950,4605],[0,1],[2,3],[-2,-5],[0,1]],[[7945,4605],[0,1]],[[7945,4606],[2,1]],[[7947,4608],[0,1]],[[7946,4611],[-1,-6]],[[7951,4607],[0,0]],[[7946,4608],[1,0]],[[7947,4608],[0,-1]],[[7947,4607],[-1,0]],[[7951,4608],[0,0]],[[7951,4610],[1,2],[-1,-4],[0,2]],[[7951,4611],[0,0]],[[7953,4613],[0,0]],[[7954,4615],[-1,0]],[[7953,4615],[1,1]],[[7954,4616],[0,-1]],[[7946,4611],[1,-2]],[[7947,4609],[-1,-1]],[[7946,4608],[0,-1]],[[7946,4607],[0,4]],[[7955,4625],[0,-2],[-1,1],[1,1]],[[7935,4632],[0,0]],[[7937,4633],[-1,0],[1,1],[0,-1]],[[7937,4642],[2,-1],[1,-4],[-2,1],[-1,4]],[[7942,4646],[1,-6],[-1,-1],[0,7]],[[7938,4653],[2,-2],[-1,-7],[-1,6],[0,3]],[[7939,4659],[3,-4],[-1,-1],[-2,5]],[[7947,4658],[0,-1],[-2,-1],[1,4],[1,-2]],[[7939,4660],[0,2],[1,1],[0,-3],[-1,0]],[[7938,4663],[0,0]],[[7943,4667],[2,-8],[-2,-4],[-2,3],[2,9]],[[7938,4672],[-1,1],[3,2],[0,-3],[-2,0]],[[2957,2471],[0,1],[1,-1],[-1,0]],[[2961,2472],[-3,1],[3,1],[0,-2]],[[2920,2489],[0,0]],[[2968,2490],[0,0]],[[2965,2491],[0,0]],[[2956,2492],[0,0]],[[2956,2493],[0,0]],[[2978,2494],[0,0]],[[2946,2495],[0,0]],[[2970,2499],[0,0]],[[2972,2504],[0,0]],[[2926,2505],[1,-1],[-1,0],[0,1]],[[2930,2505],[0,0]],[[2926,2505],[0,0]],[[2985,2507],[0,0]],[[2982,2507],[0,0]],[[2986,2507],[0,0]],[[2857,2507],[0,0]],[[2982,2507],[-1,2],[4,-2],[-3,0]],[[2968,2508],[0,0]],[[2967,2508],[0,0]],[[2966,2510],[0,0]],[[2934,2511],[0,0]],[[2933,2511],[0,0]],[[2933,2511],[-1,0],[0,1],[1,0],[0,-1]],[[2980,2513],[1,2],[2,-2],[-3,0]],[[2998,2518],[0,0]],[[2872,2518],[0,0]],[[2872,2519],[0,0]],[[3000,2522],[1,-1],[-1,0],[0,1]],[[2998,2525],[0,1],[1,-1],[-1,-1],[0,1]],[[3006,2525],[-1,2],[1,-1],[0,-1]],[[3029,2541],[0,0]],[[3028,2543],[0,0]],[[3041,2546],[-4,5],[1,3],[6,-5],[-3,-3]],[[3021,2554],[0,0]],[[2735,3360],[122,74],[-242,176]],[[2615,3610],[-55,340],[445,-391],[-112,-231],[163,-716],[-478,110],[170,250],[-13,388]],[[2715,2830],[-7,-5]],[[2708,2825],[7,5]],[[3017,3542],[-7,-3],[-2,4],[8,5],[1,-6]],[[3494,3630],[-13,0]],[[2600,3674],[0,0]],[[2599,3680],[0,0]],[[2581,3732],[0,0]],[[3455,3751],[21,-5]],[[2569,3774],[0,0]],[[2569,3775],[0,0]],[[2570,3779],[0,0]],[[2570,3781],[0,0]],[[2561,3818],[0,0]],[[2561,3820],[0,0]],[[2557,3840],[0,0]],[[2554,3843],[0,0]],[[2554,3844],[0,0]],[[2554,3869],[0,0]],[[2554,3870],[0,0]],[[2553,3875],[-1,-1],[0,1],[1,0]],[[2552,3875],[0,0]],[[2553,3878],[0,0]],[[2554,3880],[0,0]],[[2554,3879],[1,2],[1,-1],[-1,-1],[-1,0]],[[2555,3881],[0,0]],[[2555,3889],[0,0]],[[2555,3890],[0,0]],[[2550,3893],[0,0]],[[2554,3904],[0,0]],[[2553,3911],[0,0]],[[2574,4286],[86,-129],[-107,-100],[-73,440],[94,-211]],[[4795,8994],[0,-5],[-1,4],[1,1]],[[4794,8995],[0,0]],[[4785,9012],[0,0]],[[4783,9012],[-1,-1],[1,5],[1,-1],[-1,-3]],[[4795,9018],[0,0]],[[4794,9021],[0,0]],[[4802,9128],[0,-1],[-1,0],[0,2],[1,-1]],[[4804,9129],[-1,0],[1,1],[0,-1]],[[4804,9130],[1,2],[0,-1],[-1,-1]],[[4809,9145],[2,-8],[-9,2],[7,6]],[[4814,9157],[5,0],[1,-2],[-9,-2],[3,4]],[[4802,9158],[3,5],[6,0],[-3,-6],[-6,1]],[[6810,836],[0,0]],[[6811,836],[0,0]],[[6783,847],[0,0]],[[6775,863],[0,1],[8,-13],[-8,4],[0,8]],[[6812,860],[0,0]],[[6771,861],[0,0]],[[6761,864],[0,0]],[[6758,865],[-1,-1],[-1,0],[2,1]],[[6811,867],[0,0]],[[6810,867],[0,0]],[[6810,868],[0,0]],[[6544,1433],[0,0]],[[6525,1437],[0,0]],[[6503,1466],[0,0]],[[6502,1467],[0,0]],[[6502,1468],[0,0]],[[6501,1468],[0,0]],[[6500,1469],[0,0]],[[6499,1470],[0,0]],[[6498,1471],[0,0]],[[6497,1472],[0,0]],[[6496,1473],[0,0]],[[6494,1474],[0,0]],[[6491,1477],[0,0]],[[6470,1483],[28,60],[85,-71],[-24,-61],[-89,72]],[[6348,1538],[-1,-2],[-1,2],[3,2],[-1,-2]],[[6159,1641],[0,0]],[[6159,1642],[0,0]],[[6160,1642],[0,0]],[[6174,1642],[0,0]],[[6146,1653],[0,0]],[[6111,1718],[0,0]],[[6107,1728],[0,0]],[[6087,1774],[0,0]],[[6085,1777],[0,0]],[[6085,1778],[0,0]],[[6067,1804],[0,0]],[[6068,1804],[0,0]],[[6068,1805],[0,0]],[[6045,1854],[0,0]],[[6029,1897],[0,0]],[[6027,1922],[0,0]],[[6027,1923],[0,0]],[[7358,5980],[207,203],[-58,-393],[229,-128],[110,-761]],[[7846,4901],[-241,-167],[128,-332]],[[7733,4402],[142,85],[43,-278],[-149,-898]],[[7769,3311],[-189,86],[14,-416],[-282,119]],[[7312,3100],[172,-384],[-259,44]],[[7225,2760],[-64,-104]],[[7161,2656],[105,-169]],[[7266,2487],[-200,130],[-75,-360],[-324,-19],[-133,-350]],[[6534,1888],[-97,64]],[[6437,1952],[140,-319]],[[6577,1633],[-294,-99],[-253,361],[97,207],[-218,263],[104,67]],[[6013,2432],[-26,299]],[[5987,2731],[-149,116],[-129,-285],[84,508],[-41,197],[-78,-354],[-100,96]],[[5976,2872],[818,-303],[570,1088],[155,1037],[-92,299],[193,279],[-21,245],[-186,-84]],[[6339,2536],[-237,-41],[25,-331],[305,146]],[[6361,1753],[-24,-38]],[[6337,1715],[24,38]],[[5873,2856],[0,13],[-1,2],[-4,-5],[5,-10]],[[6850,2340],[0,6]],[[6850,2346],[0,-6]],[[6756,2390],[17,-34]],[[6773,2356],[-17,34]],[[7261,2842],[53,-11]],[[7314,2831],[-53,11]],[[7283,2937],[2,6],[0,2],[-3,-1],[1,-7]],[[7292,3328],[-10,19],[-17,-9],[7,-33],[20,23]],[[7704,3907],[1,-2],[1,-7],[2,10],[-4,-1]],[[7716,4042],[2,5]],[[7718,4047],[-2,-5]],[[7563,3579],[1,7],[-2,2],[-3,-6],[4,-3]],[[7587,3700],[25,-94]],[[7612,3606],[-25,94]],[[7731,3777],[-13,114]],[[7718,3891],[13,-114]],[[7853,3868],[-3,9]],[[7850,3877],[3,-9]],[[7466,3142],[3,4]],[[7469,3146],[-3,-4]],[[7414,3211],[10,-10],[-19,29],[2,-16],[7,-3]],[[7743,5055],[3,3]],[[7746,5058],[-3,-3]],[[7650,4589],[0,-8]],[[7650,4581],[0,8]],[[7770,4896],[0,71],[-76,43],[12,-95],[64,-19]],[[7743,5053],[4,-18]],[[7747,5035],[-4,18]],[[6567,2635],[-3,-5]],[[6743,2671],[1,-12]],[[5694,2677],[4,-6],[-4,-10],[-2,10],[2,6]],[[5702,2682],[-1,-1],[0,1],[1,0]],[[5696,2683],[0,0]],[[5695,2685],[1,-1],[-1,0],[0,1]],[[5703,2687],[0,0]],[[5720,2811],[0,0]],[[5721,2812],[0,0]],[[5720,2812],[0,0]],[[5716,2813],[2,0],[-1,-1],[-1,1]],[[5718,2814],[0,0]],[[5722,2819],[0,0]],[[5719,2820],[0,1],[2,-1],[-2,0]],[[5768,3006],[0,1],[1,-3],[-1,1],[0,1]],[[5768,3008],[0,0]],[[5760,3229],[0,0]],[[6286,3426],[-22,-34]],[[4789,9076],[52,27],[-11,-179],[-44,1],[3,151]],[[4815,9170],[5,3],[1,-4],[-9,0],[3,1]],[[6962,727],[0,0]],[[6960,732],[0,0]],[[6960,733],[0,-1],[-1,0],[1,1]],[[6959,732],[0,0]],[[6959,733],[0,0]],[[6954,741],[0,0]],[[6945,742],[-1,-1]],[[6944,741],[0,1]],[[6944,742],[0,0]],[[6944,742],[0,1]],[[6944,743],[1,-1]],[[6945,742],[-1,0]],[[6944,743],[0,0]],[[6955,745],[0,0]],[[6927,746],[0,0]],[[6953,747],[0,0]],[[6932,752],[0,0]],[[6928,753],[0,0]],[[6927,755],[0,0]],[[6927,756],[0,0]],[[6925,757],[0,0]],[[6927,757],[0,0]],[[6926,757],[0,0]],[[6844,824],[0,0]],[[6830,824],[0,0]],[[6842,827],[0,0]],[[6841,830],[0,0]],[[6839,834],[0,0]],[[6825,835],[0,0]],[[6812,837],[0,0]],[[6950,1325],[0,0]],[[6951,1325],[0,0]],[[6952,1325],[0,2],[1,-2],[-1,0]],[[6951,1326],[0,0]],[[6952,1326],[0,0]],[[6954,1328],[0,1],[-1,2],[2,-1],[-1,-2]],[[6959,1330],[2,0],[-2,-1],[0,1]],[[6943,1337],[0,0]],[[6942,1337],[0,0]],[[6942,1339],[0,2],[1,-2],[-1,0]],[[6941,1345],[-1,4],[3,-5],[-2,1]],[[6943,1365],[1,-2],[-1,-2],[-1,3],[1,1]],[[6940,1379],[1,1],[1,-1],[-2,-1],[0,1]],[[6913,1431],[62,2],[1,-82],[-78,45],[15,35]],[[6961,1416],[0,0]],[[6948,1436],[0,0]],[[6817,1537],[0,0]],[[6820,1540],[1,-2],[-1,0],[0,2]],[[6825,1550],[-19,-9],[3,36],[30,-20],[-14,-7]],[[6973,6846],[-18,-36],[-33,24],[19,61],[32,-49]],[[6913,7363],[3,-4],[0,-2],[-4,3],[-1,9],[2,-6]],[[6930,7503],[0,0]],[[6931,7512],[0,1],[1,0],[-1,-1]],[[6931,7515],[0,0]],[[6934,7532],[0,0]],[[6932,7533],[0,1],[1,-1],[-1,0]],[[6933,7534],[0,0]],[[6933,7535],[0,0]],[[6931,7538],[0,0]],[[6915,7576],[0,0]],[[6922,7663],[0,0]],[[6922,7664],[0,0]],[[6920,7667],[0,0]],[[6920,7668],[-1,1],[1,0],[0,-1]],[[6863,7797],[67,-256],[-39,-135],[-144,345],[66,197],[50,-151]],[[6910,7684],[1,-1],[0,-2],[-1,2],[0,1]],[[6895,7730],[0,0]],[[6909,7749],[-1,-4],[-1,1],[1,4],[1,-1]],[[6910,7750],[0,0]],[[6894,7761],[0,0]],[[6905,7798],[1,0],[0,-1],[-1,1]],[[6866,7806],[0,0]],[[6864,7807],[1,1],[0,-1],[-1,0]],[[6849,7905],[-1,0],[0,1],[1,-1]],[[6847,7906],[0,1],[1,0],[-1,-1]],[[6848,7907],[0,0]],[[7033,45],[2,1],[1,1],[0,-2],[-3,0]],[[7048,55],[1,-1],[-1,0],[0,1]],[[7039,57],[0,0]],[[7049,62],[0,0]],[[7036,64],[0,0]],[[7036,65],[0,0]],[[7042,72],[0,0]],[[7042,73],[0,0]],[[7042,75],[0,0]],[[7046,75],[0,0]],[[7050,77],[0,-1]],[[7050,77],[0,-1]],[[7046,85],[0,0]],[[7051,116],[0,0]],[[7051,117],[0,-1],[-1,0],[1,1]],[[7049,116],[0,0]],[[7055,116],[0,1],[1,0],[-1,-1]],[[7049,117],[0,0]],[[7055,118],[0,0]],[[7047,119],[0,-1],[0,1]],[[7048,119],[0,0]],[[7047,120],[-1,0]],[[7047,120],[-1,0]],[[7046,120],[0,0]],[[7054,120],[0,0]],[[7050,175],[0,0]],[[7050,179],[0,2],[1,-1],[-1,-3],[0,2]],[[7052,181],[0,0]],[[7051,183],[0,0]],[[7050,184],[0,0]],[[7051,182],[0,1]],[[7051,183],[0,-1]],[[7051,186],[0,0]],[[7053,191],[1,1],[-2,-4],[0,2],[1,1]],[[7052,191],[0,0]],[[7054,192],[0,0]],[[7053,192],[1,5],[1,2],[-1,-5],[-1,-2]],[[7055,197],[0,0]],[[6999,391],[11,195],[-232,18],[-38,238],[342,-245],[-63,179],[198,63],[-35,-546],[-137,17],[-15,-269],[-31,350]],[[6994,718],[0,0]],[[6993,721],[0,0]],[[6988,721],[0,0]],[[7045,722],[0,0]],[[6988,723],[1,1],[0,-1],[-1,0]],[[6989,724],[0,0]],[[6965,726],[0,0],[0,0]],[[6964,727],[0,0]],[[6990,731],[0,0]],[[7037,732],[0,0]],[[7036,732],[0,0]],[[6991,734],[0,0]],[[6989,741],[0,0]],[[6989,741],[-1,0],[0,1],[1,-1]],[[6988,743],[0,0]],[[6989,743],[0,0]],[[6989,743],[1,0],[0,-1],[-1,1]],[[6992,744],[0,0]],[[6992,746],[0,0]],[[6968,747],[0,0]],[[7017,748],[0,0]],[[6987,748],[0,0]],[[6969,750],[0,0]],[[7030,750],[0,0]],[[7025,752],[0,0]],[[6986,754],[0,0]],[[6986,756],[0,0]],[[7020,760],[0,0]],[[7005,1383],[-1,0],[1,1],[0,-1]],[[7008,1384],[0,0]],[[7004,1387],[0,0]],[[7002,1393],[0,0]],[[6981,1396],[0,0]],[[6964,1426],[0,0]],[[6976,1457],[-12,-6],[1,35],[18,-6],[-7,-23]],[[7056,7071],[0,0]],[[7058,7072],[0,0]],[[7028,7100],[-6,4],[-3,10],[14,4],[-5,-18]],[[6993,7140],[2,3],[1,-2],[-1,-2],[-2,1]],[[6998,7144],[1,-3],[-2,0],[1,3]],[[6999,7161],[-1,-1],[0,1],[1,0]],[[7091,61],[0,0]],[[7090,63],[1,0],[0,-2],[-1,2]],[[7091,62],[0,0]],[[7092,65],[0,0]],[[7090,66],[0,0]],[[7068,70],[0,0]],[[7069,70],[0,0]],[[7069,71],[0,-1],[-1,0],[0,1],[1,0]],[[7084,71],[0,0]],[[7074,71],[0,0]],[[7074,72],[0,0]],[[7071,72],[0,0]],[[7073,72],[0,0]],[[7076,75],[0,0]],[[7084,76],[0,0]],[[7077,79],[0,0]],[[7065,87],[0,0]],[[7097,87],[0,0]],[[7064,88],[0,0]],[[7074,91],[0,0]],[[7078,92],[0,0]],[[7079,93],[0,0]],[[7079,94],[0,0]],[[7100,97],[0,0]],[[7101,99],[0,-1],[-1,0],[1,1]],[[7063,98],[0,1],[1,3],[0,-6],[-1,2]],[[7101,101],[0,0]],[[7103,106],[0,0]],[[7097,108],[0,0]],[[7101,113],[0,0]],[[7081,121],[-1,1],[1,1],[0,-2]],[[7093,128],[0,1]],[[7093,128],[0,1]],[[7090,165],[10,31],[10,-48],[-7,-47],[-34,-30],[21,94]],[[7069,130],[1,2],[0,-3],[-1,1]],[[7075,131],[0,0]],[[7067,140],[1,1],[0,-4],[-1,1],[0,2]],[[7109,141],[0,0]],[[7086,149],[0,0]],[[7090,157],[0,0]],[[7107,158],[0,0]],[[7149,159],[0,0]],[[7148,162],[0,0]],[[7091,164],[0,0]],[[7147,169],[0,0]],[[7143,174],[0,1],[1,2],[0,-3],[-1,0]],[[7137,192],[0,0]],[[7118,193],[0,0]],[[7118,195],[0,0]],[[7108,197],[0,0]],[[7118,197],[0,-2],[-2,6],[2,0],[0,-4]],[[7117,203],[0,0]],[[7118,204],[0,0]],[[7117,205],[0,0]],[[7116,211],[-8,-11],[-4,21],[12,-10]],[[7151,217],[0,0]],[[7104,221],[0,0]],[[7106,223],[0,0]],[[7140,226],[-1,3],[1,1],[1,-1],[-1,-3]],[[7142,231],[0,0]],[[7141,241],[0,0]],[[7126,822],[0,0]],[[7130,823],[0,0]],[[7127,823],[0,0]],[[7138,843],[0,0]],[[7139,853],[1,3],[-4,-10],[3,7]],[[7074,2061],[65,410],[148,-3],[65,-367]],[[7352,2101],[63,315],[51,-618],[-241,202],[81,-279],[-299,-257],[80,181],[-213,171],[200,245]],[[7070,2031],[6,-4]],[[7076,2027],[-6,4]],[[7307,2129],[1,0],[-2,4],[-1,-3],[2,-1]],[[7102,7052],[0,-3],[-1,0],[1,3]],[[7058,7071],[0,0]],[[7059,7076],[0,0]],[[7058,7079],[0,0]],[[7161,145],[0,0]],[[7159,146],[0,0]],[[7159,149],[0,0]],[[7185,151],[0,0]],[[7183,152],[0,0]],[[7182,152],[0,0]],[[7170,153],[0,0]],[[7175,159],[0,0]],[[7172,167],[0,0]],[[7172,168],[0,0]],[[7171,171],[0,0]],[[7152,182],[0,0]],[[7153,184],[0,0]],[[7186,185],[0,0]],[[7185,190],[0,0]],[[7184,192],[0,0]],[[7169,219],[17,34],[5,-104],[-22,70]],[[7182,205],[1,0],[-1,-1],[0,1]],[[7168,207],[1,0],[0,-1],[-1,1]],[[7182,211],[0,0]],[[7168,212],[0,0]],[[7167,212],[0,0]],[[7167,213],[0,0]],[[7183,214],[0,0]],[[7184,217],[0,0]],[[7184,218],[0,0]],[[7165,220],[0,0]],[[7165,229],[0,-1],[1,0],[-1,-1],[0,2]],[[7159,230],[0,1],[1,-3],[-1,2]],[[7170,232],[0,0]],[[7159,240],[1,0],[0,-1],[-1,1]],[[7187,248],[0,0]],[[7186,248],[0,0]],[[7187,256],[-1,-1]],[[7187,256],[-1,-1]],[[7186,255],[1,1]],[[7181,315],[0,0]],[[7182,315],[-1,1],[1,0],[0,-1]],[[7181,316],[0,0]],[[7187,318],[0,0]],[[7177,354],[0,0]],[[7177,355],[0,0]],[[7177,356],[0,0]],[[7182,403],[0,0]],[[7183,404],[0,0]],[[7184,405],[-1,-1]],[[7183,405],[1,0]],[[7184,405],[-1,-1]],[[7183,404],[0,1]],[[7187,410],[0,2],[1,-1],[-1,-1]],[[7160,827],[0,0]],[[7159,827],[0,0]],[[7156,831],[0,0]],[[7156,834],[1,0],[-1,-1],[0,1]],[[7182,859],[0,-1],[-1,1],[1,0]],[[7181,859],[0,0]],[[7181,860],[0,0]],[[7181,861],[0,0]],[[7183,863],[0,0]],[[7184,866],[0,0]],[[7185,866],[0,0]],[[7183,867],[0,-1]],[[7183,866],[0,0]],[[7183,867],[0,-1]],[[7185,867],[0,0]],[[7183,867],[0,0]],[[7184,869],[0,0]],[[7186,870],[0,0]],[[7186,872],[0,0]],[[7186,872],[0,1],[1,-1],[-1,0]],[[7165,3482],[0,-6]],[[7284,6694],[116,-409],[-116,59],[-94,479],[-205,129],[-54,335],[353,-593]],[[7176,6904],[0,1],[1,0],[-1,-1]],[[7191,143],[0,0]],[[7190,146],[1,-2],[-1,-1],[0,3]],[[7188,149],[0,0]],[[7192,150],[0,0]],[[7189,152],[0,0]],[[7191,172],[0,0]],[[7191,174],[0,0]],[[7191,175],[0,0]],[[7198,179],[0,0]],[[7197,179],[0,0]],[[7195,179],[0,0]],[[7187,182],[0,0]],[[7187,183],[0,0]],[[7188,222],[0,0]],[[7190,226],[0,0]],[[7191,226],[0,0]],[[7191,371],[0,0]],[[7188,409],[0,0]],[[7188,410],[0,0]],[[7194,429],[0,0]],[[7194,430],[0,0]],[[7233,677],[0,0]],[[7238,690],[0,1],[-1,1],[1,0],[0,-2]],[[7237,717],[0,0]],[[7238,720],[0,0]],[[7236,720],[0,0]],[[7230,732],[1,0],[0,-1],[-1,0],[0,1]],[[7231,743],[0,0]],[[7231,744],[0,0]],[[7219,838],[0,0]],[[7215,844],[0,0]],[[7194,864],[0,0]],[[7202,867],[0,0]],[[7203,866],[0,3],[5,2],[-2,-4],[-3,-1]],[[7202,872],[-1,-1],[0,1],[1,0]],[[7201,874],[0,0]],[[7458,1785],[0,3],[-1,2],[2,-6],[-1,1]],[[7449,1788],[0,0]],[[7465,1915],[0,0]],[[7465,1916],[0,0]],[[7465,1917],[0,0]],[[7459,1927],[0,0]],[[7459,1928],[0,0]],[[7463,1932],[0,0]],[[7463,1933],[0,0]],[[7464,1943],[0,0]],[[7463,1963],[0,0]],[[7461,1978],[0,0]],[[7462,1981],[0,0]],[[7467,2010],[0,0]],[[7467,2012],[0,0]],[[7468,2018],[0,0]],[[7469,2020],[-1,0]],[[7438,2503],[41,38],[22,-74],[-63,36]],[[7296,4972],[15,-15]],[[7208,5870],[143,78],[11,-123],[-29,-123],[-125,168]],[[7241,6116],[-2,-6]],[[7259,6299],[-76,-103],[-55,60],[49,149],[82,-106]],[[7339,6595],[0,0]],[[7308,6623],[0,0]],[[7312,6629],[1,0],[-1,-1],[0,1]],[[7313,6631],[0,0]],[[7310,6631],[0,1],[1,-1],[-1,0]],[[7309,6632],[0,0]],[[7309,6633],[0,1],[1,0],[-1,-1]],[[7310,6635],[0,0]],[[7298,6661],[-1,0],[0,1],[1,-1]],[[7296,6667],[0,0]],[[7288,6784],[0,0]],[[7252,6843],[0,0]],[[7478,1872],[0,0]],[[7474,1893],[0,0]],[[7474,1895],[0,0]],[[7473,1895],[0,0]],[[7472,1898],[0,0]],[[7472,1901],[0,0]],[[7472,1907],[0,0]],[[7471,1907],[0,0]],[[7469,2020],[0,0]],[[7468,2020],[1,0]],[[7469,2020],[-1,0]],[[7470,2026],[0,0]],[[7473,2050],[0,0]],[[7478,2068],[0,0]],[[7479,2093],[0,0]],[[7479,2094],[0,0]],[[7479,2096],[0,0]],[[7481,2102],[0,0]],[[7481,2103],[0,0]],[[7481,2104],[0,0]],[[7481,2106],[0,0]],[[7481,2107],[0,0]],[[7481,2108],[0,0]],[[7481,2109],[0,0]],[[7482,2115],[0,0]],[[7481,2115],[0,0]],[[7480,2116],[0,0]],[[7480,2117],[0,0]],[[7482,2128],[0,0]],[[7482,2129],[0,0]],[[7490,2147],[0,0]],[[7490,2149],[0,0]],[[7490,2150],[0,0]],[[7491,2159],[0,0]],[[7492,2160],[0,0]],[[7492,2161],[0,0]],[[7502,2163],[0,0]],[[7503,2166],[0,-4],[-1,4],[1,0]],[[7503,2166],[0,0]],[[7492,2170],[0,-1]],[[7492,2169],[0,1]],[[7491,2170],[0,0]],[[7491,2174],[0,0]],[[7532,6136],[0,0]],[[7528,6141],[0,0]],[[7517,6160],[0,-1],[-1,1],[1,0]],[[7508,6180],[1,3],[2,-2],[-5,-3],[2,2]],[[7507,6184],[0,0]],[[7515,6189],[0,0]],[[7500,6189],[-1,1],[0,2],[1,-1],[0,-2]],[[7505,6194],[0,0]],[[7513,6194],[0,0]],[[7503,6194],[0,0]],[[7503,6200],[0,0]],[[7531,6211],[0,0]],[[7532,6223],[0,1],[1,0],[0,-1],[-1,0]],[[7796,3211],[0,0]],[[7797,3211],[0,0]],[[7797,3212],[0,0]],[[7796,3213],[0,0]],[[7798,3214],[1,0],[0,-1],[-1,1]],[[7797,3215],[-1,-3],[-1,6],[1,-2],[1,-1]],[[7945,4651],[6,2],[-5,-20],[-1,18]],[[7948,4647],[1,3],[1,0],[-2,-4],[0,1]],[[7944,4654],[3,-1],[-4,1],[1,0]],[[7925,4716],[0,-2],[-1,3],[1,0],[0,-1]],[[7924,4727],[2,3],[0,-8],[-2,2],[0,3]],[[7925,4742],[2,3],[3,-5],[-3,-3],[-2,5]],[[7734,5657],[0,1],[1,0],[-1,-1]],[[7852,5671],[0,3],[1,-2],[-1,-1]],[[7688,5684],[0,-2],[-1,-2],[0,2],[1,2]],[[7677,5686],[0,0]],[[7677,5687],[0,1],[1,-1],[-1,0]],[[7713,5688],[1,0],[0,-1],[-1,1]],[[7676,5688],[0,0]],[[7706,5689],[0,0]],[[7705,5690],[1,-1],[-1,0],[0,1]],[[7704,5690],[1,1],[0,-1],[-1,0]],[[7676,5691],[0,0]],[[7704,5693],[0,-3],[-2,2],[2,0],[0,1]],[[7713,5691],[0,1],[1,0],[-1,-1]],[[7677,5692],[0,2],[1,-4],[-1,2]],[[7702,5695],[1,0],[1,-2],[-2,1],[0,1]],[[7715,5696],[0,0]],[[7699,5699],[2,-1],[-2,0],[0,1]],[[7714,5700],[0,0]],[[7699,5701],[0,0]],[[7807,5733],[0,0]],[[7803,5744],[0,0]],[[7804,5746],[0,1]],[[7804,5746],[0,1]],[[7804,5747],[0,-1]],[[7793,5761],[-1,-1],[0,1],[1,0]],[[7794,5763],[0,0]],[[7590,6086],[0,-1],[-1,0],[0,1],[1,0]],[[7571,6103],[0,0]],[[7574,6108],[0,-1]],[[7574,6108],[0,-1]],[[7567,6118],[-1,0],[1,0]],[[7583,6121],[0,0]],[[7566,6120],[0,0]],[[7568,6122],[0,0]],[[7541,6124],[-1,0],[1,3],[0,-3]],[[7534,6133],[0,0]],[[7579,6134],[0,0]],[[7534,6134],[-1,0],[0,1],[1,-1]],[[7580,6144],[0,0]],[[7577,6145],[0,0]],[[7578,6147],[0,0]],[[7576,6152],[0,0]],[[7578,6154],[0,0]],[[7574,6156],[0,0]],[[7574,6159],[-1,-1],[0,1],[1,0]],[[7546,6159],[0,0]],[[7573,6160],[0,0]],[[7546,6160],[0,0]],[[7576,6164],[0,-1],[-1,2],[1,0],[0,-1]],[[7575,6167],[0,0]],[[7546,6172],[0,0]],[[7542,6173],[1,1],[0,-2],[-1,1]],[[7545,6175],[0,-1]],[[7545,6174],[0,1]],[[7565,6183],[0,0]],[[7563,6184],[0,0]],[[7572,6185],[0,0]],[[7571,6185],[0,0]],[[7536,6185],[0,0]],[[7564,6187],[0,-2],[-1,2],[1,0]],[[7534,6190],[0,0]],[[7534,6192],[0,-2],[-1,2],[1,0]],[[7534,6195],[1,-1],[-1,1]],[[7538,6202],[2,21],[10,-25],[-11,-16],[-1,20]],[[7547,6206],[0,0]],[[7530,6203],[3,13],[3,2],[0,-10],[-6,-5]],[[7537,6223],[0,0]],[[2797,2506],[0,0]],[[2798,2511],[0,-1],[-1,2],[1,-1]],[[2797,2512],[0,0]],[[2763,2517],[0,0]],[[2764,2517],[1,2],[1,-1],[-1,-2],[-1,1]],[[2700,2565],[0,0]],[[2700,2565],[0,0],[0,0]],[[2699,2566],[0,0]],[[2709,2569],[0,0]],[[2694,2570],[0,0]],[[2719,2690],[43,-57],[37,-118],[-104,57],[24,118]],[[3068,2612],[0,0]],[[3068,2612],[1,1],[0,-1],[-1,0]],[[3083,2644],[1,-1],[-1,0],[0,1]],[[3135,2669],[0,0]],[[3157,2669],[0,0]],[[3135,2670],[0,0]],[[3135,2671],[0,0]],[[3167,2676],[0,0]],[[3536,2680],[1,-1],[-1,-1],[0,2]],[[3536,2683],[0,0]],[[3174,2693],[0,0]],[[3203,2705],[0,0]],[[3197,2707],[1,1],[1,0],[-2,-2],[0,1]],[[3201,2707],[-1,2],[2,-3],[-1,1]],[[3517,2726],[0,0]],[[3530,2763],[0,0]],[[3492,2764],[0,0]],[[3490,2764],[0,0]],[[3540,2766],[-1,1],[1,0],[0,-1]],[[3541,2767],[-1,0],[1,1],[0,-1]],[[3542,2771],[0,0]],[[3540,2772],[0,1],[2,-1],[-1,-1],[-1,1]],[[3523,2774],[0,0]],[[3527,2775],[0,0]],[[3529,2776],[0,0]],[[3523,2776],[0,0]],[[3535,2779],[0,0]],[[3533,2780],[0,0]],[[3537,2780],[0,0]],[[3534,2780],[0,0]],[[3534,2782],[1,0],[0,-2],[-1,0],[0,2]],[[3538,2781],[-2,-1],[0,2],[2,-1]],[[3213,2792],[0,0]],[[3541,2796],[0,0]],[[3538,2796],[1,1],[2,-1],[-3,-1],[0,1]],[[3537,2796],[-1,-1],[-2,1],[2,2],[1,-2]],[[3519,2799],[-1,-1],[0,1],[1,0]],[[3220,2799],[0,0]],[[3532,2802],[1,0],[2,-1],[-4,-3],[1,4]],[[3522,2801],[0,0]],[[3482,2803],[0,0]],[[3520,2803],[0,0]],[[3224,2804],[0,0]],[[3226,2805],[1,0],[-1,-2],[0,2]],[[3539,2808],[-1,-4],[-3,0],[4,5],[0,-1]],[[3489,2807],[0,0]],[[3481,2806],[1,5],[2,0],[-1,-6],[-2,1]],[[3489,2809],[0,0]],[[3488,2810],[0,0]],[[3487,2810],[0,0]],[[3487,2812],[0,0]],[[3491,2815],[2,2],[1,-4],[-3,1],[0,1]],[[3495,2816],[0,0]],[[3536,2817],[0,0]],[[3541,2818],[0,-1],[-1,0],[1,1]],[[3494,2819],[-1,-2],[-1,2],[2,0]],[[3537,2820],[1,-1],[-2,-1],[1,2]],[[3539,2819],[0,0]],[[3541,2821],[0,0]],[[3537,2823],[-2,-2],[-1,2],[3,0]],[[3534,2822],[0,0]],[[3538,2827],[1,1],[2,-2],[-3,-3],[0,4]],[[3535,2836],[1,-1],[-1,0],[0,1]],[[3522,2836],[0,0]],[[3533,2836],[0,0]],[[3534,2836],[0,0]],[[3505,2837],[0,0]],[[3508,2838],[1,1],[1,-3],[-1,-1],[-1,3]],[[3520,2837],[0,2],[1,-1],[0,-2],[-1,1]],[[3512,2838],[0,0]],[[3525,2839],[0,-2],[-2,1],[1,0],[1,1]],[[3537,2839],[0,-2],[-1,1],[0,1],[1,0]],[[3506,2839],[-1,0],[1,1],[0,-1]],[[3518,2840],[0,0]],[[3520,2840],[0,0]],[[3523,2840],[0,-1],[-1,1],[1,0]],[[3512,2841],[0,0]],[[3522,2843],[0,0]],[[3488,2844],[0,0]],[[3513,2846],[0,0]],[[3371,2846],[0,0]],[[3371,2847],[0,0]],[[3371,2848],[0,0]],[[3372,2849],[0,0]],[[3541,2849],[0,0]],[[3533,2851],[1,0],[0,-1],[-1,0],[0,1]],[[3447,2853],[-1,-1],[1,2],[0,-1]],[[3533,2857],[0,0]],[[3522,2849],[-155,-1],[-6,134],[162,109],[117,-185],[-118,-57]],[[2632,3388],[0,-1],[-1,1],[1,0]],[[2632,3389],[0,0]],[[2631,3393],[-3,-8],[-11,0],[9,12],[5,-4]],[[3258,3334],[-173,-46],[184,-442],[-212,-235],[-163,692],[111,256],[-450,370],[103,321],[-249,522]],[[2849,4028],[410,-103]],[[3014,3546],[-3,-1],[-3,-2],[9,-4],[-3,7]],[[2546,3931],[0,0]],[[2546,3934],[1,-1],[-1,0],[0,1]],[[2548,3960],[0,0]],[[2549,3964],[0,0]],[[2549,3978],[0,0]],[[2551,3987],[0,0]],[[2551,3988],[0,0]],[[2551,3990],[0,0]],[[2537,4027],[0,0]],[[2453,4487],[0,0]],[[2817,6652],[-1,-20],[-15,5],[2,23],[14,-8]],[[2869,6656],[1,0],[0,-1],[-1,1]],[[2859,6664],[15,-12],[-25,-27],[12,65],[-2,-26]],[[2873,6664],[-1,0],[0,1],[1,-1]],[[2865,6671],[1,0],[0,-1],[-1,1]],[[2869,6672],[0,0]],[[2869,6673],[0,0]],[[2810,6692],[-3,-15],[-14,-10],[23,43],[-6,-18]],[[2860,6700],[0,0]],[[3056,6761],[10,14],[6,-25],[-16,-11],[0,22]],[[5369,2588],[0,0]],[[5368,2589],[1,0],[-1,-1],[0,1]],[[5368,2590],[0,0]],[[5368,2593],[0,0]],[[5370,2596],[-1,0],[1,2],[0,-2]],[[5375,2597],[0,0]],[[5386,2604],[-1,-1],[1,2],[0,-1]],[[5404,2611],[0,1],[1,0],[-1,-2],[0,1]],[[5410,2612],[0,1],[1,0],[-2,-1],[1,0]],[[5394,2653],[0,-1],[-1,1],[1,0]],[[3568,2708],[0,0]],[[3568,2709],[0,0]],[[3568,2739],[0,0]],[[5400,2740],[0,0]],[[3547,2748],[0,0]],[[3559,2751],[0,-1],[-1,0],[0,1],[1,0]],[[3548,2751],[0,0]],[[3548,2752],[0,1],[1,-1],[-1,0]],[[3559,2753],[0,0]],[[3549,2753],[0,1],[1,-2],[-1,1]],[[3587,2755],[0,-1],[-1,0],[0,1],[1,0]],[[3587,2757],[0,-1],[-1,-1],[0,1],[1,1]],[[3558,2756],[0,0]],[[3552,2759],[1,0],[0,-2],[-1,0],[0,2]],[[3608,2759],[0,0]],[[3609,2759],[0,0]],[[3606,2759],[0,0]],[[3568,2771],[0,0]],[[3568,2772],[0,0]],[[3582,2773],[0,0]],[[3545,2772],[-1,2],[-1,0],[2,1],[0,-3]],[[3555,2774],[0,0]],[[3571,2777],[-1,7],[2,-16],[-1,9]],[[3568,2777],[0,0]],[[3586,2781],[0,0]],[[3586,2786],[0,0]],[[3555,2785],[0,0]],[[3554,2786],[0,2],[1,0],[0,-2],[-1,0]],[[3553,2786],[0,0]],[[3613,2790],[0,-1],[1,1],[-1,-2],[0,2]],[[3561,2793],[0,-2],[-1,1],[0,1],[1,0]],[[3560,2793],[0,0]],[[3552,2797],[0,1],[1,-2],[-2,0],[1,1]],[[3547,2798],[0,0]],[[3567,2802],[0,0]],[[3550,2802],[0,0]],[[3545,2803],[-1,1],[1,0],[0,-1]],[[3573,2805],[0,0]],[[3570,2806],[1,-1],[-1,0],[0,1]],[[3556,2806],[2,1],[1,-2],[-1,-1],[-2,2]],[[3559,2806],[0,0]],[[3572,2807],[0,0]],[[3580,2808],[-1,1],[1,0],[0,-1]],[[3554,2809],[0,0]],[[3581,2809],[-1,1],[1,0],[0,-1]],[[3580,2810],[0,0]],[[3620,2810],[0,0]],[[3558,2810],[-1,-1],[0,1],[1,0]],[[3550,2811],[0,-1],[-1,0],[1,1]],[[3565,2810],[0,0]],[[3581,2812],[1,-1],[-2,-1],[1,2]],[[3618,2812],[0,0]],[[3571,2811],[0,1]],[[3571,2812],[0,-1]],[[3619,2813],[0,0]],[[3629,2814],[1,0],[-1,-1],[0,1]],[[3620,2814],[0,-1],[-1,1],[1,0]],[[3614,2815],[0,-2],[-1,0],[0,1],[1,1]],[[3626,2814],[0,2],[1,-1],[-1,-1]],[[3618,2815],[0,0]],[[3630,2816],[-1,0]],[[3625,2817],[1,-1],[-1,0],[0,1]],[[3629,2816],[1,0]],[[3630,2816],[-1,0]],[[3578,2817],[-1,0],[0,1],[1,-1]],[[3581,2818],[0,0]],[[3626,2818],[0,0]],[[3631,2818],[0,0]],[[3630,2818],[0,0]],[[3627,2819],[0,0]],[[3580,2818],[0,0]],[[3630,2819],[0,1],[1,-1],[-1,0]],[[3579,2819],[1,1],[0,-1],[-1,0]],[[3586,2820],[0,0]],[[3599,2820],[-1,0],[1,1],[0,-1]],[[3579,2820],[1,1],[0,-1],[-1,0]],[[3580,2821],[0,0]],[[3576,2822],[0,0]],[[3610,2826],[0,-1],[-1,0],[0,1],[1,0]],[[3580,2826],[0,1],[1,-2],[-1,1]],[[3611,2826],[0,0]],[[3595,2828],[0,0]],[[3604,2829],[0,0]],[[3609,2829],[-1,-1],[0,2],[1,-1]],[[3581,2829],[0,0]],[[3617,2829],[-1,1],[1,0],[0,-1]],[[3604,2829],[-1,1],[1,0],[0,-1]],[[3612,2830],[0,0]],[[3612,2831],[0,0]],[[3621,2835],[0,0]],[[3623,2838],[0,0]],[[3543,2851],[0,0]],[[5058,5989],[398,-138],[48,-373]],[[3571,7448],[-5,73],[41,-34],[-36,-39]],[[4596,8530],[-6,-9]],[[5027,8273],[-349,563],[65,220],[333,32],[7,-321]],[[4674,8828],[2,0],[1,-9],[-3,9]],[[4664,8852],[0,-9],[8,-11],[-8,0],[0,20]],[[4746,8970],[0,0]],[[4750,8976],[-1,-2],[0,3],[1,-1]],[[4713,8981],[0,-2],[-1,3],[1,-1]],[[4734,9006],[-2,-9],[5,-29],[-7,25],[4,13]],[[4725,8991],[1,2],[0,-4],[-1,2]],[[4713,8988],[0,6],[4,-2],[-1,-5],[-3,1]],[[4719,8997],[-2,-1],[-2,3],[1,1],[3,-3]],[[4784,9002],[-1,0],[1,1],[0,-1]],[[4718,9005],[1,-1],[1,-4],[-3,0],[1,5]],[[4720,9010],[2,-4],[-2,-4],[-2,5],[2,3]],[[4721,9018],[-1,0],[1,1],[0,-1]],[[4723,9023],[-1,-1],[1,3],[0,-2]],[[5094,9087],[-13,-17]],[[4993,9120],[-2,2],[1,6],[1,-4],[0,-4]],[[4991,9149],[8,2],[1,-17],[-6,3],[-3,12]],[[4850,9142],[1,3],[1,-3],[-2,0]],[[4750,9247],[1,-5],[-3,-4],[-1,6],[3,3]],[[6713,789],[0,0]],[[6713,790],[0,0]],[[6713,809],[0,0]],[[6073,2133],[54,-31],[-26,-123],[-81,186],[53,-32]],[[5601,2213],[0,0]],[[5603,2218],[0,0]],[[5632,2224],[0,0]],[[5621,2227],[0,0]],[[5685,2239],[0,0]],[[5586,2251],[0,0]],[[5582,2264],[0,0]],[[5580,2266],[-1,-1],[0,1],[1,0]],[[5756,2286],[0,0]],[[5755,2286],[0,0]],[[5757,2287],[0,0]],[[5755,2288],[0,0]],[[5753,2289],[1,0],[0,-1],[-1,1]],[[5758,2290],[0,-1],[0,1]],[[5733,2335],[71,-53],[-225,-12],[110,89],[44,-24]],[[5750,2290],[0,0]],[[5755,2290],[0,0]],[[5754,2290],[0,0]],[[5753,2290],[0,0]],[[5750,2293],[0,0]],[[6339,2536],[93,-226]],[[6432,2310],[-254,-146],[-52,356],[213,16]],[[5735,2346],[0,0]],[[5623,2418],[0,0]],[[5625,2419],[0,1],[1,-1],[-1,-2],[0,2]],[[5623,2419],[0,0]],[[5633,2428],[0,0]],[[5520,2429],[0,1],[2,-2],[-2,1]],[[5520,2433],[1,1],[-1,-3],[0,2]],[[5632,2433],[0,-1],[-1,1],[1,0]],[[5621,2460],[0,0]],[[5512,2459],[1,3],[2,-2],[-1,-3],[-2,2]],[[5515,2461],[1,0],[0,-1],[-1,0],[0,1]],[[5621,2463],[0,1],[0,-1]],[[5622,2469],[0,0]],[[5572,2473],[0,0]],[[5573,2474],[0,0]],[[5515,2478],[0,0]],[[5568,2485],[5,-5],[0,-5],[-6,5],[1,5]],[[5570,2492],[1,0],[0,-1],[-1,0],[0,1]],[[5694,2544],[65,25],[-139,-114],[74,89]],[[5634,2518],[0,0]],[[5501,2519],[0,-4],[-2,5],[2,-1]],[[5524,2527],[-8,15],[17,-34],[-9,19]],[[5450,2528],[0,4],[1,0],[0,-7],[-1,3]],[[5508,2532],[0,0]],[[5512,2536],[1,2],[1,-1],[-2,-3],[0,2]],[[5509,2539],[0,-1],[-1,1],[1,0]],[[5485,2540],[1,-1],[-1,0],[0,1]],[[5460,2540],[0,0]],[[5508,2541],[0,0]],[[5460,2541],[0,0]],[[5460,2542],[0,0]],[[5487,2543],[-1,-2],[0,1],[1,1]],[[5486,2545],[1,0],[0,-2],[-1,1],[0,1]],[[5486,2546],[0,0]],[[5487,2545],[0,0]],[[5509,2553],[1,0],[-2,-3],[0,1],[1,2]],[[5484,2555],[0,0]],[[5506,2557],[0,0]],[[5483,2558],[0,0]],[[5504,2562],[2,3],[0,-7],[-1,0],[-1,4]],[[5506,2567],[0,-1],[-1,1],[1,0]],[[5534,2580],[0,0]],[[5486,2591],[0,1],[1,1],[-1,-3],[0,1]],[[5498,2599],[0,0]],[[5498,2600],[0,0]],[[5504,2607],[0,0]],[[5493,2611],[0,10],[5,-15],[-5,5]],[[5543,2618],[-1,0],[0,3],[2,-3],[-1,0]],[[5554,2624],[-1,-6],[-3,6],[1,3],[3,-3]],[[5549,2626],[0,0]],[[5557,2627],[0,0]],[[5556,2629],[0,0]],[[5530,2628],[-1,1],[1,1],[0,-2]],[[5532,2631],[0,0]],[[5424,2636],[1,0],[0,-1],[-1,1]],[[5502,2639],[0,0]],[[5417,2643],[0,0]],[[5540,2644],[1,0],[-2,-1],[1,1]],[[5416,2643],[0,0]],[[5548,2644],[1,1],[1,-1],[-1,-1],[-1,1]],[[5497,2645],[1,2],[-1,4],[1,-2],[-1,-4]],[[5545,2648],[1,-1],[-1,0],[0,1]],[[5545,2651],[0,0]],[[5538,2653],[0,-1],[-1,0],[0,1],[1,0]],[[5534,2657],[0,0]],[[5541,2659],[0,-1],[-1,0],[1,1]],[[5544,2663],[-1,-7],[4,14],[-3,-7]],[[5539,2664],[1,1],[1,-1],[-1,-1],[-1,1]],[[5539,2668],[1,0],[0,-1],[-1,0],[0,1]],[[5544,2674],[1,0],[-1,-1],[-1,1],[1,0]],[[5753,3410],[37,272],[360,-95],[73,331],[244,62],[5,-510],[-107,-249],[340,-204]],[[7065,4579],[179,756],[-61,344],[-142,-70]],[[7026,6112],[-56,752],[-150,-107],[-152,227],[100,569],[217,-601],[513,-763],[11,-204],[-151,-5]],[[7358,5980],[55,-547]],[[7413,5433],[189,75],[17,-245],[-206,-370],[106,-199],[-138,-980],[-587,-1145],[-818,303]],[[5976,2872],[-107,596],[-295,-459]],[[5574,3009],[73,-113],[-148,-371],[-120,120],[166,782]],[[6567,2635],[-3,-5]],[[6564,2630],[3,5]],[[6743,2671],[1,-12]],[[6744,2659],[-1,12]],[[6264,3392],[22,34]],[[6286,3426],[-22,-34]],[[7165,3482],[0,-6]],[[7165,3476],[0,6]],[[7241,6116],[-2,-6]],[[7239,6110],[2,6]],[[7178,6206],[82,96],[-83,103],[-49,-132],[50,-67]],[[7296,4972],[15,-15]],[[7311,4957],[-15,15]],[[7331,5949],[-55,-111],[-93,-5],[151,-131],[-3,247]],[[5638,3861],[-15,-70]],[[6002,6649],[-10,-13],[2,36],[5,-8],[3,-15]],[[6134,6652],[6,2]],[[6716,781],[0,0]],[[6717,782],[0,0]],[[6716,783],[0,0]],[[6717,783],[0,0]],[[6716,784],[0,0]],[[6715,785],[0,0]],[[6715,786],[0,0]],[[6714,786],[0,0]],[[6714,788],[0,0]],[[6714,790],[0,0]],[[6715,790],[0,0]],[[6716,790],[0,0]],[[6716,791],[0,0]],[[6716,797],[0,0]],[[6716,798],[0,0]],[[6716,799],[0,0]],[[6717,799],[0,0]],[[6717,800],[0,0]],[[6716,805],[0,0]],[[6716,806],[0,0]],[[6715,807],[0,0]],[[6714,807],[0,0]],[[6714,808],[0,0]],[[6715,808],[0,0]],[[6714,809],[0,0]],[[6714,810],[0,0]],[[6715,811],[0,0]],[[6714,811],[0,0]],[[6714,812],[0,0]],[[6716,812],[0,0]],[[6715,812],[0,0]],[[6716,813],[0,0]],[[6716,814],[0,0]],[[6717,814],[0,0]],[[6723,728],[0,0]],[[6723,743],[0,0]],[[6723,745],[0,0]],[[6722,746],[0,0]],[[6723,746],[0,0]],[[6723,751],[0,0]],[[6722,755],[0,0]],[[6722,756],[0,0]],[[6723,762],[0,0]],[[6722,762],[0,0]],[[6721,775],[0,0]],[[6721,776],[0,0]],[[6720,777],[0,0]],[[6720,778],[0,0]],[[6719,778],[0,0]],[[6719,779],[0,0]],[[6717,779],[0,0]],[[6718,779],[0,0]],[[6718,780],[0,0]],[[6717,780],[0,0]],[[6717,781],[0,0]],[[6718,815],[0,0]],[[6717,815],[0,0]],[[6719,815],[0,0]],[[6717,816],[0,0]],[[6718,816],[0,0]],[[6720,817],[0,0]],[[6720,818],[0,0]],[[6723,819],[0,0]],[[6722,819],[0,0]],[[6720,819],[0,0]],[[6721,820],[0,0]],[[6719,820],[0,0]],[[6717,820],[0,0]],[[6717,821],[0,0]],[[6718,821],[0,0]],[[6719,821],[0,0]],[[6720,821],[0,0]],[[6719,822],[0,0]],[[6723,875],[0,0]],[[6723,887],[0,0]],[[6722,887],[0,0]],[[6723,918],[0,0]],[[6719,971],[0,0]],[[6720,971],[0,0]],[[6720,972],[0,0]],[[6720,974],[0,0]],[[6726,718],[0,0]],[[6726,719],[0,0]],[[6725,719],[0,0]],[[6724,720],[0,0]],[[6725,720],[0,0]],[[6724,721],[0,0]],[[6725,721],[0,0]],[[6724,729],[0,0]],[[6724,730],[0,0]],[[6725,730],[0,0]],[[6724,731],[0,0]],[[6723,739],[0,0]],[[6724,739],[0,0]],[[6724,740],[-1,0]],[[6723,740],[1,0]],[[6723,740],[0,0]],[[6723,741],[0,0]],[[6724,741],[0,0]],[[6724,742],[0,0]],[[6723,742],[0,0]],[[6723,749],[0,0]],[[6726,842],[0,0]],[[6726,844],[0,0]],[[6726,845],[0,0]],[[6726,846],[0,0]],[[6726,848],[0,0]],[[6726,849],[0,0]],[[6726,850],[0,0]],[[6726,853],[0,0]],[[6725,854],[0,0]],[[6726,854],[0,0]],[[6726,855],[0,0]],[[6726,856],[0,0]],[[6723,871],[0,0]],[[6723,872],[0,0]],[[6724,872],[0,0]],[[6724,873],[0,0]],[[6723,874],[0,0]],[[6724,877],[0,0]],[[6725,878],[0,0]],[[6725,879],[0,0]],[[6724,883],[0,0]],[[6725,883],[0,0]],[[6724,884],[0,0]],[[6724,886],[0,0]],[[6723,887],[1,0],[0,-1],[-1,1]],[[6724,887],[0,0]],[[6724,897],[0,0]],[[6724,899],[-1,1],[3,-2],[-1,-2],[-1,3]],[[6723,899],[0,0]],[[6724,899],[0,0]],[[6723,900],[0,0]],[[6724,905],[0,0]],[[6724,912],[0,0]],[[6724,913],[0,0]],[[6724,917],[0,1],[-1,0],[1,1],[0,-2]],[[6724,919],[0,0]],[[6731,699],[0,0]],[[6731,700],[0,0]],[[6730,703],[0,0]],[[6729,704],[0,0]],[[6730,704],[0,0]],[[6730,705],[0,0]],[[6729,705],[0,0]],[[6728,706],[0,0]],[[6729,706],[0,0]],[[6729,708],[0,0]],[[6729,709],[0,0]],[[6728,709],[0,0]],[[6728,710],[0,0]],[[6727,710],[0,0]],[[6728,711],[0,0]],[[6728,712],[0,0]],[[6728,713],[0,0]],[[6727,715],[0,0]],[[6727,717],[0,0]],[[6727,840],[0,0]],[[6727,850],[0,0]],[[6727,851],[0,0]],[[6727,852],[0,0]],[[6727,853],[0,0]],[[6727,862],[0,0]],[[6727,863],[0,0]],[[6727,891],[0,0]],[[6727,892],[0,0]],[[6729,893],[0,0]],[[6727,895],[0,0]],[[6729,895],[0,0]],[[6731,895],[0,0]],[[6730,896],[0,0]],[[6731,896],[0,0]],[[6729,905],[0,0]],[[6730,906],[0,0]],[[6729,907],[0,1],[1,-3],[-1,1],[0,1]],[[6730,907],[0,0]],[[6729,908],[0,0]],[[6731,912],[0,0]],[[6728,913],[0,0]],[[6730,914],[0,0]],[[6730,915],[0,0]],[[6730,923],[0,0]],[[6730,924],[0,0]],[[6730,925],[0,0]],[[6730,926],[0,0]],[[6729,929],[0,0]],[[6727,933],[0,0]],[[6727,934],[0,0]],[[6727,935],[1,-1],[-1,0],[0,1]],[[6728,935],[0,0]],[[6727,935],[0,0]],[[6728,939],[0,0]],[[6728,940],[0,0]],[[6728,941],[0,0]],[[6730,942],[0,0]],[[6735,665],[0,0]],[[6736,665],[0,0]],[[6735,666],[0,0]],[[6735,667],[0,0]],[[6735,668],[0,0]],[[6735,669],[0,0]],[[6734,669],[0,0]],[[6733,670],[0,0]],[[6733,671],[0,0]],[[6734,672],[0,0]],[[6734,673],[0,0]],[[6734,674],[0,0]],[[6733,695],[0,0]],[[6733,696],[0,0]],[[6732,697],[0,0]],[[6732,698],[0,0]],[[6731,698],[0,0]],[[6732,702],[0,0]],[[6731,703],[0,0]],[[6736,866],[0,0]],[[6735,880],[0,0]],[[6732,890],[0,0]],[[6733,890],[0,0]],[[6731,900],[0,0]],[[6731,901],[0,0]],[[6732,901],[0,0]],[[6732,902],[0,0]],[[6732,903],[0,0]],[[6732,909],[0,0]],[[6739,964],[0,-7]],[[6739,956],[0,9]],[[6732,940],[0,0]],[[6742,650],[0,0]],[[6742,651],[0,0]],[[6742,652],[0,0]],[[6741,654],[0,0]],[[6741,655],[0,0]],[[6740,655],[0,0]],[[6740,656],[0,0]],[[6740,657],[0,0]],[[6739,658],[0,0]],[[6740,658],[0,0]],[[6739,659],[0,0]],[[6739,660],[0,0]],[[6739,661],[0,0]],[[6739,662],[0,0]],[[6738,663],[0,0]],[[6738,664],[0,0]],[[6736,666],[0,0]],[[6739,768],[0,0]],[[6738,772],[0,0]],[[6736,867],[0,0]],[[6737,905],[0,1],[1,1],[-1,-2]],[[6737,907],[0,0]],[[6738,907],[0,0]],[[6738,908],[0,0]],[[6742,914],[0,0]],[[6742,915],[0,0]],[[6739,934],[0,0]],[[6739,943],[0,0]],[[6736,946],[0,0]],[[6736,949],[0,0]],[[6736,950],[0,0]],[[6736,952],[0,0]],[[6736,955],[0,0]],[[6736,956],[0,0]],[[6737,956],[0,0]],[[6739,956],[0,1]],[[6739,957],[0,0]],[[6737,958],[0,0]],[[6739,958],[0,0]],[[6737,959],[0,0]],[[6738,961],[0,0]],[[6738,962],[0,0]],[[6738,963],[0,0]],[[6738,964],[0,0]],[[6739,965],[0,-1]],[[6738,965],[0,0]],[[6739,965],[0,0]],[[6757,587],[0,0]],[[6756,587],[0,0]],[[6756,588],[1,0],[-1,-1],[0,1]],[[6756,601],[0,0]],[[6755,603],[0,0]],[[6755,604],[0,0]],[[6755,605],[0,0]],[[6755,607],[0,0]],[[6754,607],[0,0]],[[6754,608],[0,0]],[[6755,611],[0,0]],[[6755,612],[0,0]],[[6754,613],[0,0]],[[6755,614],[-1,-1],[0,1],[1,0]],[[6754,614],[0,0]],[[6754,615],[0,0]],[[6754,616],[0,0]],[[6754,617],[0,0]],[[6754,618],[0,0]],[[6753,618],[0,0]],[[6753,619],[0,0]],[[6753,620],[0,0]],[[6753,621],[0,0]],[[6752,622],[0,0]],[[6752,623],[0,0]],[[6752,624],[0,0]],[[6750,630],[0,0]],[[6745,645],[0,0]],[[6744,646],[0,0]],[[6744,647],[0,0]],[[6743,647],[0,0]],[[6743,648],[0,0]],[[6743,649],[0,0]],[[6743,650],[0,0]],[[6746,864],[0,0]],[[6746,865],[0,0]],[[6750,866],[0,0]],[[6750,867],[0,0]],[[6747,869],[0,0]],[[6751,869],[0,0]],[[6751,870],[0,0]],[[6750,871],[1,-1],[-1,0],[0,1]],[[6750,871],[1,1],[0,-1],[-1,0]],[[6750,871],[0,0]],[[6750,872],[0,-1]],[[6750,871],[0,1]],[[6749,872],[0,0]],[[6747,873],[0,0]],[[6750,875],[1,-1],[-1,0],[0,1]],[[6745,875],[0,0]],[[6745,881],[1,-1],[-2,-1],[0,1],[1,1]],[[6753,941],[0,0]],[[6755,942],[0,0]],[[6752,943],[0,0]],[[6746,952],[0,0]],[[6745,953],[8,16],[11,-11],[-10,-17],[-9,12]],[[6747,956],[0,0]],[[6746,956],[0,0]],[[6752,966],[0,0]],[[6756,967],[-1,0],[1,1],[0,-1]],[[6822,278],[0,1]],[[6822,278],[0,1]],[[6809,320],[0,0]],[[6806,321],[0,0]],[[6807,328],[0,1],[1,-1],[-1,0]],[[6807,342],[0,0]],[[6800,382],[0,0]],[[6831,390],[0,1],[1,0],[-1,-1]],[[6832,407],[0,-1],[-1,0],[1,1]],[[6793,414],[0,0]],[[6794,414],[0,0]],[[6807,425],[0,0]],[[6796,431],[0,0]],[[6795,432],[0,0]],[[6795,433],[0,0]],[[6795,434],[0,0]],[[6795,436],[0,0]],[[6800,438],[0,0]],[[6795,438],[0,0]],[[6800,439],[0,0]],[[6794,440],[0,0]],[[6809,441],[0,0]],[[6799,442],[0,0]],[[6795,442],[0,0]],[[6794,443],[0,0]],[[6793,443],[0,0],[0,0]],[[6797,445],[0,0]],[[6796,446],[0,0]],[[6792,446],[0,0]],[[6819,447],[0,0]],[[6810,448],[0,1],[1,0],[-1,-1]],[[6809,449],[0,0]],[[6809,450],[0,0]],[[6810,450],[0,0]],[[6811,450],[-1,1],[1,0],[0,-1]],[[6811,451],[0,0]],[[6783,538],[0,0]],[[6782,540],[0,0]],[[6779,545],[0,0]],[[6778,548],[0,0]],[[6778,549],[0,0]],[[6773,557],[0,0]],[[6760,582],[0,0]],[[6759,582],[0,0]],[[6761,584],[0,0]],[[6757,599],[0,0]],[[6758,600],[0,0]],[[6757,600],[0,0]],[[6775,617],[0,0]],[[6723,777],[7,119],[96,-142],[-69,-155],[-34,178]],[[6766,868],[-1,0]],[[6765,868],[1,0]],[[6766,870],[0,0]],[[6766,871],[0,0]],[[6765,871],[0,0]],[[6766,874],[0,0]],[[6774,875],[0,0]],[[6763,875],[0,0]],[[6764,875],[0,0]],[[6765,876],[0,0]],[[6750,872],[9,29],[19,-26],[-28,-3]],[[6763,891],[0,0]],[[6758,912],[2,-1],[0,-12],[-2,13]],[[6759,911],[0,0]],[[6759,912],[0,0]],[[6757,912],[0,0]],[[6758,914],[0,0]],[[6759,914],[0,0]],[[6757,915],[0,0]],[[6757,916],[1,0],[0,-1],[-1,1]],[[6759,917],[-1,0]],[[6758,917],[1,0]],[[6758,917],[0,0]],[[6760,919],[0,0]],[[6757,943],[0,0]],[[6759,946],[0,0]],[[6760,948],[0,0]],[[6764,956],[0,0]],[[6765,958],[0,0]],[[6764,959],[0,0]],[[6763,961],[0,0]],[[6763,962],[0,0]],[[6762,962],[0,0]],[[6763,963],[0,0]],[[6763,964],[0,0]],[[6763,965],[0,0]],[[6763,966],[0,0]],[[6760,966],[0,0]],[[6760,967],[0,0]],[[6757,967],[0,0]],[[6758,967],[0,0]],[[6761,967],[0,0]],[[6761,968],[0,0]],[[6762,968],[0,0]],[[6788,7669],[-25,-104],[-25,-1],[3,88],[47,17]],[[6831,7968],[0,0]],[[6831,8090],[0,0]],[[6829,8025],[-146,-101],[105,431],[30,-35],[11,-295]],[[6815,8131],[1,0],[0,-1],[-1,1]],[[6817,8153],[0,0]],[[6961,1],[1,0],[-1,-1],[0,1]],[[6946,22],[0,0]],[[6945,22],[0,0]],[[6944,23],[0,0]],[[6946,23],[0,0]],[[6948,30],[1,-4],[-2,-2],[1,6]],[[6962,28],[-1,-1],[0,1],[1,0]],[[6963,29],[0,0]],[[6947,32],[0,0]],[[6945,32],[0,0]],[[6949,35],[1,2],[1,-2],[-2,-1],[0,1]],[[6958,44],[4,0],[0,-2],[-5,-3],[1,5]],[[6982,48],[1,3],[1,0],[-3,-5],[1,2]],[[6919,52],[0,0]],[[6924,53],[0,0]],[[6922,53],[0,0]],[[6968,58],[0,0]],[[6959,59],[0,0]],[[6960,59],[0,0]],[[6962,59],[0,0]],[[6954,59],[0,0]],[[6959,60],[1,0],[0,-1],[-1,0],[0,1]],[[6954,60],[0,0]],[[6954,61],[0,0]],[[6926,61],[0,0]],[[6931,64],[0,0]],[[6932,64],[0,0]],[[6988,65],[0,0]],[[6910,81],[0,0]],[[6910,82],[0,0]],[[6909,87],[0,0]],[[6904,90],[0,0]],[[6909,91],[0,0]],[[6905,91],[0,0]],[[6903,91],[0,0]],[[6902,91],[0,0]],[[6902,92],[0,0]],[[6899,93],[1,0],[0,-1],[-1,1]],[[6904,92],[0,3],[1,0],[0,-4],[-1,1]],[[6898,93],[0,0]],[[6899,93],[0,0]],[[6899,95],[0,0]],[[6900,96],[0,0]],[[6899,96],[0,0]],[[6899,102],[0,0]],[[6930,104],[0,0]],[[6931,106],[1,0],[-1,-1],[0,1]],[[6931,106],[0,0]],[[6931,107],[0,0]],[[6930,108],[0,-1],[-1,0],[1,1]],[[6929,108],[0,0]],[[6934,110],[0,0]],[[6906,111],[0,0]],[[6903,113],[0,0]],[[6904,114],[0,0]],[[6903,114],[0,0]],[[6916,116],[0,0]],[[6910,116],[1,1],[0,-1],[-1,0]],[[6904,117],[0,0]],[[6904,119],[1,1],[-1,-3],[0,2]],[[6908,119],[0,0]],[[6904,119],[0,0]],[[6905,120],[0,0]],[[6932,122],[0,0]],[[6882,126],[0,0]],[[6883,128],[0,1],[1,-2],[-1,1]],[[6882,133],[0,0]],[[6883,133],[0,0]],[[6878,149],[1,1],[0,-1],[-1,0]],[[6898,155],[-1,-1],[1,0],[0,1]],[[6897,157],[0,0]],[[6866,181],[0,0]],[[6865,182],[0,0]],[[6862,190],[0,0]],[[6863,190],[-1,0],[0,1],[1,-1]],[[6857,208],[0,0]],[[6855,210],[0,0]],[[6854,211],[0,0]],[[6837,223],[0,0]],[[6862,595],[148,-9],[21,-557],[-226,294],[-49,271],[106,1]],[[6833,392],[0,0]],[[6839,403],[0,-1],[-1,1],[1,0]],[[6989,1445],[14,-2],[-17,-13],[-12,15],[15,0]],[[6985,1443],[0,0]],[[6985,1444],[0,0]],[[6985,1444],[1,1],[1,0],[-1,-1],[-1,0]],[[6983,1445],[0,0]],[[6974,1447],[0,0]],[[6981,1450],[0,0]],[[6974,1453],[2,0],[3,-1],[-8,-3],[3,4]],[[6983,1453],[0,0]],[[6988,1453],[1,0],[0,-1],[-1,1]],[[6986,1456],[2,0],[0,-1],[-2,1]],[[6990,1456],[-1,-1],[0,2],[1,-1]],[[6989,1458],[0,-1],[-1,1],[1,0]],[[6989,1459],[0,0]],[[6888,3540],[0,-8],[-3,0],[-1,10],[4,-2]],[[6957,7272],[-13,-4],[4,26],[9,-22]],[[6936,7303],[0,3],[2,0],[0,-3],[-2,0]],[[6934,7312],[0,1],[2,0],[-3,-3],[1,2]],[[6935,7314],[-1,-1],[1,3],[0,-2]],[[6934,7314],[-1,3],[1,1],[0,-4]],[[6932,7319],[1,3],[2,-2],[-2,-2],[-1,1]],[[6934,7327],[0,-4]],[[6934,7327],[0,-4]],[[6934,7323],[0,4]],[[6937,7425],[0,1],[1,-2],[-1,0],[0,1]],[[6937,7426],[0,0]],[[6933,7428],[1,0],[1,-1],[-1,0],[-1,1]],[[6937,7428],[0,0]],[[6932,7432],[1,0],[0,-1],[-1,0],[0,1]],[[6930,7437],[-1,1],[1,2],[1,-4],[-1,1]],[[6928,7444],[0,0]],[[6929,7452],[0,0]],[[6931,7453],[-3,5],[6,-9],[-3,4]],[[6928,7461],[0,0]],[[6839,7931],[-1,2],[1,-1],[0,-1]],[[6833,8095],[0,0]],[[6999,44],[0,0]],[[6999,45],[0,0]],[[6993,49],[0,0]],[[6991,49],[0,0]],[[6994,52],[0,0]],[[7200,306],[-8,-17],[8,49],[14,-22],[-14,-10]],[[7199,341],[1,0],[0,-1],[-1,1]],[[7234,398],[0,0]],[[7234,399],[0,0]],[[7234,400],[0,0]],[[7230,406],[0,0]],[[7231,407],[-6,1],[-2,6],[16,-10],[-8,3]],[[7233,425],[0,0]],[[7227,452],[0,-1],[-1,1],[1,0]],[[7227,452],[0,0]],[[7235,454],[0,0]],[[7235,464],[0,0]],[[7228,467],[0,0]],[[7236,479],[0,0]],[[7218,481],[0,0]],[[7210,482],[0,0]],[[7211,482],[0,0]],[[7208,483],[0,0]],[[7210,483],[1,1],[0,-1],[-1,0]],[[7210,484],[0,0]],[[7211,485],[0,0]],[[7216,492],[0,0]],[[7217,493],[0,0]],[[7216,493],[0,0]],[[7221,496],[0,0]],[[7215,499],[0,0]],[[7219,499],[0,0]],[[7220,500],[0,0]],[[7220,502],[0,0]],[[7224,505],[0,0]],[[7224,506],[0,0]],[[7207,476],[-46,-59],[74,201],[-28,-142]],[[7233,535],[0,0]],[[7234,539],[0,0]],[[7234,540],[0,0]],[[7231,541],[0,0]],[[7231,544],[0,-1],[-1,1],[1,1],[0,-1]],[[7230,544],[0,0]],[[7229,544],[0,0]],[[7229,790],[-8,-5],[-7,52],[25,-43],[-10,-4]],[[7235,814],[0,0]],[[7235,817],[0,0]],[[7227,823],[0,0]],[[7225,825],[0,0]],[[7222,827],[0,0]],[[7223,827],[0,0]],[[7223,828],[0,0]],[[6996,1442],[3,2],[-1,-2],[-2,0]],[[6997,1450],[3,0],[3,1],[-2,-2],[-4,1]],[[7010,1456],[-5,-8],[-1,1],[6,7]],[[6997,1450],[-6,3],[13,1],[-1,-2],[-6,-2]],[[7006,1453],[-1,1],[1,0],[0,-1]],[[7006,1454],[1,1],[0,-1],[-1,0]],[[6990,1455],[0,0]],[[6990,1456],[0,0]],[[7008,1456],[0,0]],[[7006,1457],[0,0]],[[6990,1457],[0,0]],[[7006,1458],[0,-1],[-1,0],[1,1]],[[6997,1459],[0,-1],[-1,0],[1,1]],[[6992,1460],[0,0]],[[7000,1461],[0,0]],[[7006,1461],[0,0]],[[7005,1461],[0,0]],[[6999,1461],[1,0],[-1,0]],[[6994,1461],[-1,0],[1,1],[0,-1]],[[7011,1461],[0,0]],[[7007,1461],[1,2],[1,-3],[-2,-1],[0,2]],[[7023,1463],[2,-2],[-10,-1],[6,4],[2,-1]],[[7003,1462],[2,1],[0,-3],[-2,2]],[[7012,1462],[0,0]],[[7006,1462],[0,0]],[[6994,1462],[0,0]],[[6997,1463],[1,0],[-1,-1],[0,1]],[[7025,1463],[0,0]],[[7012,1463],[0,0]],[[7011,1463],[0,0]],[[7014,1463],[0,1]],[[7022,1464],[0,0]],[[7009,1464],[0,0]],[[7014,1463],[0,1]],[[7015,1464],[0,0]],[[7005,1465],[0,0]],[[7011,1463],[-2,-2],[2,7],[0,-5]],[[7014,1464],[0,0]],[[7015,1465],[0,0]],[[7000,1465],[1,1],[-1,-2],[0,1]],[[7013,1466],[0,0]],[[7023,1466],[0,0]],[[7020,1467],[1,-1],[-1,0],[0,1]],[[7021,1466],[0,0]],[[7012,1466],[-1,2],[2,-2],[-1,0]],[[7014,1467],[0,0]],[[7022,1467],[1,0],[-1,0]],[[7024,1467],[0,0]],[[7023,1468],[-2,0],[-2,-2],[1,3],[3,-1]],[[7001,1468],[0,0]],[[7031,1472],[-5,-9],[-1,0],[1,7],[5,2]],[[7018,1469],[0,0]],[[7016,1468],[-1,2],[3,-2],[-2,0]],[[7029,1475],[0,0]],[[7029,1476],[-5,-5],[-4,5],[13,5],[-4,-5]],[[7032,1476],[0,0],[0,0]],[[7033,1483],[0,0]],[[7041,1489],[-4,-7],[-4,-6],[10,17],[-2,-4]],[[7234,6831],[0,0]],[[7232,6838],[0,0]],[[7229,6852],[2,0],[0,-2],[-2,0],[0,2]],[[6991,7217],[-1,27],[17,-24],[-16,-3]],[[7238,403],[0,0]],[[7236,436],[0,0]],[[7237,436],[0,0]],[[7237,437],[0,0]],[[7239,443],[0,0]],[[7240,444],[0,0]],[[7238,464],[0,0]],[[7238,464],[-1,0],[0,1],[1,0],[0,-1]],[[7239,470],[0,0]],[[7240,469],[0,0]],[[7240,792],[0,0]],[[7236,811],[0,0]],[[7236,813],[0,0]],[[7236,815],[0,0]],[[7225,1777],[0,223],[167,-138],[-23,-146],[-144,61]],[[7949,4696],[20,19],[-17,-91],[-5,10],[2,62]],[[7946,4689],[0,0]],[[7940,4690],[0,5],[5,1],[-1,-3],[-4,-3]],[[7948,4739],[0,2],[1,3],[0,-6],[-1,1]],[[7944,4806],[14,24],[-6,-97],[-8,47],[0,26]],[[7886,5235],[0,3],[1,0],[-1,-6],[0,3]],[[7886,5242],[1,-1],[-1,-2],[0,3]],[[7885,5243],[1,0],[0,-1],[-1,1]],[[7885,5254],[0,1]],[[7885,5255],[0,-1]],[[7884,5256],[0,-2]],[[7884,5256],[0,0]],[[7884,5254],[0,1]],[[7884,5255],[0,1]],[[7884,5256],[0,-2]],[[7886,5260],[0,0]],[[7884,5307],[0,0]],[[7884,5308],[0,0]],[[7884,5310],[0,0]],[[7893,5314],[0,0]],[[7892,5316],[0,0]],[[7895,5324],[1,-1],[-1,3],[0,-2]],[[7890,5326],[1,-7],[-7,18],[2,-1],[4,-10]],[[7882,5333],[0,0]],[[7929,5455],[14,-41],[-44,-228],[-8,166],[38,103]],[[7659,5752],[0,-1],[-1,1],[1,0]],[[7659,5754],[0,0]],[[7665,5741],[0,-1]],[[7665,5740],[0,1]],[[7646,5761],[0,0]],[[7651,5762],[1,-1],[0,-4],[-1,4],[0,1]],[[7647,5760],[0,0]],[[7645,5762],[0,0]],[[7644,5763],[0,-1],[-1,0],[1,1]],[[7648,5764],[1,-1],[0,-1],[-1,1],[0,1]],[[7647,5767],[1,1],[0,-2],[-1,1]],[[7656,5773],[0,0]],[[7642,5848],[14,-73],[-5,-11],[-43,88],[34,-4]],[[7713,5839],[1,-1],[-1,0],[0,1]],[[7650,5839],[-1,0],[1,1],[0,-1]],[[7650,5840],[0,0]],[[7764,5848],[1,0],[0,-1],[-1,1]],[[7720,5849],[0,0]],[[7638,5850],[-2,1],[2,-1]],[[7625,5855],[1,0],[-1,-1],[0,1]],[[7626,5856],[-1,0],[1,-1],[0,1]],[[7740,5866],[-1,0],[1,1],[0,-1]],[[7618,5870],[0,0]],[[7634,5879],[-1,-2],[-1,2],[1,-1],[1,1]],[[7603,5895],[0,-1],[-1,2],[1,-1]],[[7746,5898],[0,0]],[[7590,5903],[0,0]],[[7740,5906],[0,0]],[[7601,5906],[0,0]],[[7601,5907],[0,0]],[[7712,5908],[-1,-1],[-1,1],[1,2],[1,-2]],[[7596,5913],[-1,0],[0,2],[1,-2]],[[7721,5922],[-1,0],[1,1],[0,-1]],[[7593,5923],[0,0]],[[7594,5924],[-1,0],[1,1],[0,-1]],[[7608,5934],[0,-2],[-2,0],[2,2]],[[7607,5937],[0,0]],[[7603,5937],[-1,9],[6,5],[2,-12],[-7,-2]],[[7600,5947],[1,-2],[-2,2],[1,0]],[[7621,5947],[1,2],[1,-1],[-1,-1],[-1,0]],[[7623,5949],[0,1],[1,-1],[-1,0]],[[7598,5949],[0,1],[0,-1]],[[7597,5965],[0,0]],[[7598,5968],[0,-1],[-1,0],[1,1]],[[7596,5970],[-1,2],[2,7],[2,-10],[-3,1]],[[7605,5976],[0,0]],[[7596,5980],[0,0]],[[7595,5980],[-1,1],[1,0],[0,-1]],[[7594,5984],[0,0]],[[7473,6101],[0,2]],[[7473,6103],[0,-2]],[[7472,6105],[0,1],[1,0],[0,-1],[-1,0]],[[7467,6141],[-1,3],[0,2],[1,-2],[0,-3]],[[7457,6149],[1,-2],[0,-2],[-1,2],[0,2]],[[7437,6167],[1,-2],[-2,-1],[0,3],[1,0]],[[7438,6169],[-1,-1],[0,2],[1,-1]],[[7439,6180],[1,-1],[-1,0],[0,1]],[[7459,6194],[0,0]],[[7459,6194],[0,2],[1,-2],[-1,0]],[[7461,6209],[0,0]],[[7462,6217],[0,1],[1,0],[0,-1],[-1,0]],[[7462,6218],[0,2],[1,2],[-1,-3],[0,-1]],[[7484,6229],[0,0]],[[7483,6232],[0,0]],[[7479,6245],[0,0]],[[7478,6245],[0,0]],[[7325,6610],[0,-1],[-1,0],[1,1]],[[7325,6610],[0,0]],[[7316,6611],[0,0]],[[7322,6612],[1,0],[-1,-1],[0,1]],[[7322,6612],[0,0]],[[7320,6612],[1,1],[0,-1],[-1,0]],[[7322,6613],[0,0]],[[7320,6615],[-1,-1],[0,2],[1,-1]],[[7321,6616],[1,-1],[-2,1],[1,0]],[[7315,6620],[2,2],[1,-8],[-2,0],[-1,6]],[[7325,6761],[3,-1],[-4,-8],[-1,13],[2,-4]],[[7265,6843],[0,1],[1,0],[0,-1],[-1,0]],[[7257,6856],[-5,-8],[1,21],[4,-8],[0,-5]],[[7268,6864],[0,-2],[1,2],[-1,0]],[[7242,6866],[-1,-1],[-1,1],[1,1],[1,-1]],[[7240,6940],[0,1],[1,-2],[-1,0],[0,1]],[[2396,4284],[0,0]],[[2395,4286],[0,0]],[[2396,4287],[0,0]],[[2394,4287],[0,0]],[[2394,4289],[0,0]],[[2394,4293],[0,0]],[[2384,4325],[0,0]],[[2387,4332],[0,-1],[-1,1],[1,0]],[[2387,4333],[0,0]],[[2387,4334],[1,0],[-1,-1],[0,1]],[[2388,4335],[0,0]],[[2383,4335],[0,0]],[[2383,4337],[0,0]],[[2384,4337],[0,0]],[[2384,4339],[0,0]],[[2391,4339],[-1,0],[1,1],[0,-1]],[[2384,4340],[0,0]],[[2384,4341],[-1,-1],[0,4],[1,0],[0,-3]],[[2391,4346],[0,0]],[[2383,4347],[0,0]],[[2391,4348],[0,0]],[[2394,4350],[1,0],[0,1],[-1,-2],[0,1]],[[2390,4351],[0,0]],[[2390,4352],[1,0],[-1,-1],[0,1]],[[2394,4352],[0,0]],[[2394,4354],[0,0]],[[2393,4354],[0,0]],[[2390,4355],[0,0]],[[2394,4355],[0,0]],[[2393,4355],[0,0]],[[2394,4356],[0,0]],[[2390,4356],[0,0]],[[2397,4358],[-1,-1],[0,1],[1,0]],[[2381,4405],[0,0]],[[2377,4406],[0,0]],[[2383,4409],[0,0]],[[2386,4409],[0,0]],[[2376,4411],[0,0]],[[2378,4411],[0,0]],[[2384,4412],[0,0]],[[2373,4412],[0,0]],[[2372,4412],[0,0]],[[2387,4412],[0,0]],[[2382,4414],[0,0]],[[2381,4413],[0,0]],[[2373,4414],[0,0]],[[2388,4414],[-1,1],[1,0],[0,-1]],[[2370,4413],[-1,5],[3,4],[1,-7],[-3,-2]],[[2374,4416],[0,-1],[-1,0],[1,1]],[[2382,4416],[0,0]],[[2375,4416],[0,0]],[[2369,4417],[0,0]],[[2374,4417],[0,0]],[[2375,4418],[1,0],[-1,-1],[0,1]],[[2374,4419],[0,0]],[[2374,4424],[1,1],[3,1],[-3,-6],[-1,4]],[[2357,4465],[1,-2],[-1,-3],[-1,1],[1,4]],[[2367,4936],[0,0]],[[2367,4950],[0,0]],[[2365,4956],[0,0]],[[2375,4958],[0,0]],[[2375,4959],[0,0]],[[2362,4961],[0,0]],[[2364,4967],[0,0]],[[2370,4970],[0,0]],[[2382,4971],[-1,-3],[-1,4],[2,2],[0,-3]],[[2371,4973],[0,0]],[[2365,4978],[0,-1],[-1,0],[0,2],[1,-1]],[[2356,4986],[0,0]],[[2354,4986],[0,0]],[[2359,4986],[0,0]],[[2370,4987],[0,0]],[[2360,4996],[0,0]],[[2381,4999],[0,0]],[[2353,4999],[0,0]],[[2360,5007],[0,0]],[[2344,5008],[0,0]],[[2360,5009],[0,0]],[[2344,5011],[0,0]],[[2345,5012],[0,0]],[[2326,5015],[0,0]],[[2396,5015],[0,0]],[[2394,5024],[1,2],[0,-10],[-1,9],[0,-1]],[[2353,5021],[0,0]],[[2353,5022],[0,0]],[[2395,5027],[0,0]],[[2345,5029],[0,0]],[[2344,5035],[0,0]],[[2321,5034],[-1,2],[1,2],[0,-4]],[[2344,5040],[0,0]],[[2345,5061],[0,0]],[[2344,5061],[0,0]],[[2326,5069],[0,0]],[[2375,5069],[0,0]],[[2373,5087],[0,-1],[-1,5],[1,-3],[0,-1]],[[2307,5091],[0,0]],[[2372,5094],[0,0]],[[2330,5097],[0,0]],[[2354,5100],[0,0]],[[2331,5101],[0,0]],[[2317,5102],[0,0]],[[2373,5104],[0,0]],[[2374,5109],[1,0],[-3,-9],[2,9]],[[2396,5106],[0,1],[1,0],[-1,-1]],[[2397,5107],[-2,-4],[2,10],[0,-6]],[[2329,5111],[0,0]],[[2374,5111],[0,0]],[[2374,5116],[0,0]],[[2391,5126],[4,-4],[2,-7],[-6,11]],[[2396,5124],[0,0]],[[2302,5127],[0,0]],[[2395,5131],[0,0]],[[2295,5153],[0,0]],[[2394,5166],[0,-1],[-1,2],[1,-1]],[[2275,5257],[29,-141],[0,-36],[-35,110],[6,67]],[[2395,5184],[0,0]],[[2287,5364],[-3,-27],[6,81],[1,-19],[-4,-35]],[[2364,5448],[-1,1],[1,2],[1,-2],[-1,-1]],[[2363,5446],[0,-2],[-3,9],[4,0],[-1,-7]],[[2291,5457],[5,30],[-6,-67],[1,37]],[[2361,5454],[-1,1],[2,0],[-1,-1]],[[2360,5456],[0,0]],[[2297,5475],[0,0]],[[2296,5489],[0,0]],[[2331,5564],[0,0]],[[4,9114],[0,0]],[[3,9114],[1,0]],[[4,9115],[0,0]],[[11,9115],[0,0]],[[9,9115],[0,0]],[[7,9116],[0,0]],[[14,9116],[0,0]],[[10,9116],[0,0]],[[9,9116],[0,0]],[[13,9116],[0,0]],[[12,9116],[0,0]],[[12,9117],[0,0]],[[5,9117],[0,0]],[[10,9117],[0,0]],[[14,9119],[1,-1],[-1,0],[0,1]],[[14,9119],[0,0]],[[14,9120],[0,0]],[[10,9115],[5,1],[0,11],[0,-11],[-5,-1]],[[15,9120],[0,0]],[[2,9122],[0,0]],[[2,9123],[0,0]],[[1,9123],[0,0]],[[3,9114],[1,0]],[[4,9114],[-1,0]],[[1,9124],[0,0]],[[14,9125],[0,0]],[[14,9126],[0,0]],[[14,9127],[0,0]],[[14,9128],[0,0]],[[14,9129],[0,0]],[[14,9131],[1,-1],[-1,0],[0,1]],[[14,9133],[-1,1],[1,0],[0,-1]],[[13,9134],[0,0]],[[13,9135],[0,0]],[[13,9136],[0,0]],[[13,9137],[0,0]],[[11,9140],[-1,1],[0,1],[1,-2]],[[10,9143],[0,0]],[[9,9148],[1,0],[0,-2],[-2,1],[1,1]],[[4,9150],[0,-1],[-2,2],[1,1],[1,-2]],[[0,9225],[1,1],[0,-5],[-1,4]],[[1246,9631],[-3,-44],[-18,16],[2,20],[19,8]],[[2408,4264],[0,0]],[[2409,4279],[6,10],[-7,-25],[1,15]],[[2396,4285],[0,0]],[[2397,4286],[0,0]],[[2401,4286],[1,2],[0,-2],[-1,0]],[[2406,4289],[0,0]],[[2415,4289],[0,0]],[[2414,4289],[0,0]],[[2399,4289],[0,1],[1,0],[-1,-1]],[[2403,4292],[0,0]],[[2408,4296],[0,0]],[[2397,4297],[0,0]],[[2409,4297],[0,0]],[[2414,4297],[0,0]],[[2412,4297],[0,0]],[[2409,4298],[0,1],[1,0],[-1,-1]],[[2412,4299],[0,0]],[[2410,4300],[1,-1],[-1,-1],[0,2]],[[2414,4299],[-1,0],[0,1],[1,-1]],[[2416,4303],[0,0]],[[2419,4318],[0,0]],[[2397,4355],[-1,0],[0,1],[1,-1]],[[2397,4358],[0,0]],[[2397,4367],[0,0]],[[2397,4995],[0,1],[0,-1]],[[2397,4999],[0,-1]],[[2397,4998],[0,1]],[[2408,5055],[0,1],[1,0],[-1,-1]],[[2446,5081],[0,0]],[[2446,5095],[0,-1],[-1,1],[1,0]],[[2446,5095],[0,0]],[[2446,5098],[0,0]],[[2447,5102],[0,0]],[[2397,5121],[-1,0],[0,1],[1,-1]],[[2401,5139],[0,0]],[[2399,5141],[1,-1],[0,-1],[-2,2],[1,0]],[[2402,5170],[-5,-10],[-4,20],[9,-10]],[[2402,5172],[0,0]],[[2424,5217],[0,0]],[[2423,5218],[0,1],[1,-1],[-1,0]],[[2422,5219],[0,0]],[[2418,5225],[-1,0],[0,1],[1,-1]],[[2419,5227],[0,0]],[[2419,5228],[0,0]],[[2418,5231],[0,-3],[-1,4],[1,-1]],[[2417,5232],[0,0]],[[2417,5233],[0,0]],[[2414,5238],[0,0]],[[2401,5301],[0,0]],[[2398,5319],[0,0]],[[2397,5322],[0,-1],[1,-1],[-1,0],[0,2]],[[2397,5322],[0,0]],[[2464,6142],[0,0]],[[2462,6142],[0,0]],[[2438,6152],[-1,-6],[-2,-4],[2,12],[1,-2]],[[2470,6149],[0,0]],[[2432,6151],[0,0]],[[2433,6155],[0,1],[1,1],[-1,-2]],[[2435,6155],[0,0]],[[2467,6156],[0,0]],[[2467,6157],[0,0]],[[2456,6159],[0,0]],[[2440,6164],[0,-3],[-1,-1],[0,4],[1,0]],[[2469,6167],[0,0]],[[2440,6168],[0,-1],[-1,0],[1,1]],[[2468,6168],[0,-1],[-1,2],[1,-1]],[[2467,6170],[0,0]],[[2442,6181],[0,0]],[[2478,6190],[0,0]],[[2472,6192],[0,1],[1,-1],[-1,0]],[[2477,6198],[-1,-1],[0,1],[1,0]],[[2478,6199],[0,-1],[-1,0],[1,1]],[[2475,6199],[-1,0],[0,1],[1,-1]],[[2479,6213],[-1,-1],[-1,2],[2,-1]],[[2475,6219],[0,0]],[[2474,6220],[0,0]],[[2483,6221],[0,0]],[[2483,6222],[0,0]],[[2478,6223],[1,0],[-1,-1],[0,1]],[[2467,6227],[0,0]],[[2480,6231],[0,0]],[[2483,6240],[0,-1]],[[2485,6240],[0,0]],[[2483,6239],[0,1]],[[2483,6240],[0,-1]],[[2482,6244],[0,2],[1,3],[0,-5],[-1,0]],[[2486,6250],[0,0]],[[2485,6253],[1,3],[0,-4],[-1,1]],[[2491,6265],[-1,0],[1,1],[0,-1]],[[2490,6269],[1,-3],[-1,0],[0,3]],[[2485,6284],[5,-3],[-1,-16],[-5,15],[1,4]],[[2491,6283],[0,1],[1,0],[-1,-1]],[[2494,6288],[2,-2],[-2,-3],[-1,4],[1,1]],[[2483,6294],[0,0]],[[2487,6295],[0,0]],[[2473,6298],[0,-2],[-1,0],[1,2]],[[2487,6304],[0,0]],[[2475,6306],[-1,-1],[0,1],[1,0]],[[2493,6317],[0,-2],[-1,2],[1,0]],[[2491,6320],[0,0]],[[2498,6320],[0,0]],[[2492,6339],[-1,-1],[0,2],[1,-1]],[[2492,6340],[0,0]],[[2490,6358],[0,0]],[[2522,6366],[0,-1],[-1,-1],[0,2],[1,0]],[[2473,6369],[0,0]],[[2460,6377],[3,4],[-6,-15],[0,3],[3,8]],[[2553,6376],[0,0]],[[2552,6377],[0,0]],[[2506,6385],[0,0]],[[2466,6391],[3,-2],[-5,-5],[1,3],[1,4]],[[2515,6395],[0,0]],[[2508,6397],[-1,4],[5,-10],[-2,-1],[-2,7]],[[2502,6397],[-1,0],[0,2],[1,-2]],[[2485,6398],[0,1],[1,-1],[-1,0]],[[2546,6401],[-1,-1],[0,2],[1,-1]],[[2586,6405],[3,3],[-5,-9],[2,6]],[[2535,6405],[0,0]],[[2513,6409],[0,0]],[[2609,6413],[0,0]],[[2523,6413],[0,0]],[[2616,6416],[0,0]],[[2573,6418],[0,-1],[-1,1],[1,0]],[[2521,6419],[-1,1],[1,2],[0,-3]],[[2583,6422],[0,0]],[[2622,6424],[2,0],[-1,-7],[-1,7]],[[2604,6423],[0,0]],[[2616,6428],[4,1],[-6,-9],[-1,2],[3,6]],[[2585,6425],[0,0]],[[2603,6425],[0,0]],[[2614,6427],[0,-2],[-2,-2],[0,2],[2,2]],[[2604,6425],[0,0]],[[2605,6426],[0,0]],[[2625,6434],[0,0]],[[2604,6435],[1,-3],[-1,-1],[0,4]],[[2625,6437],[0,0]],[[2558,6440],[-1,-2],[-7,1],[4,3],[4,-2]],[[2606,6438],[-1,1],[2,5],[0,-3],[-1,-3]],[[2626,6441],[0,0]],[[2607,6444],[0,0]],[[2626,6444],[0,0]],[[2613,6447],[0,0]],[[2551,6448],[0,0]],[[2627,6449],[1,0],[-1,-1],[0,1]],[[2551,6450],[0,0]],[[2616,6451],[-1,-1],[0,1],[1,0]],[[2622,6451],[0,0]],[[2615,6452],[0,0]],[[2611,6454],[0,0],[0,0]],[[2615,6464],[0,0]],[[2616,6468],[0,0]],[[2616,6469],[0,0]],[[2615,6477],[0,0]],[[2578,6478],[-1,0],[0,1],[1,0],[0,-1]],[[2618,6483],[-1,-1],[1,2],[0,-1]],[[2625,6487],[0,-1],[-1,1],[1,1],[0,-1]],[[2558,6495],[0,0]],[[2557,6496],[1,0],[-1,-1],[0,1]],[[2620,6496],[-1,0],[0,1],[1,-1]],[[2602,6583],[0,0]],[[2600,6583],[-1,4],[3,-5],[-2,1]],[[2599,6602],[2,-3],[-2,-9],[1,5],[-1,7]],[[2601,6631],[14,37],[5,-3],[-10,-60],[-9,26]],[[2625,6674],[0,0]],[[2627,6679],[1,0],[-1,-1],[0,1]],[[2628,6679],[0,0]],[[2629,6679],[0,0]],[[2629,6680],[0,0]],[[2628,6712],[1,0],[-1,-1],[0,1]],[[2628,6712],[0,0]],[[2629,6730],[1,-6],[-3,-9],[2,27],[0,-12]],[[2628,6741],[1,-2],[-1,-2],[0,4]],[[2630,6745],[-2,-4],[-1,0],[1,3],[2,1]],[[2628,6746],[-1,-1],[0,4],[1,0],[0,-3]],[[2629,6748],[0,0]],[[2627,6750],[0,0]],[[2628,6749],[0,2],[1,0],[0,-1],[-1,-1]],[[2628,6752],[-1,-1],[0,1],[1,0]],[[2626,6753],[0,2],[2,-1],[-1,-2],[-1,1]],[[2629,6757],[1,-3],[-4,2],[1,2],[2,-1]],[[3273,2827],[0,0]],[[3360,2844],[0,0]],[[3354,2845],[0,0]],[[3347,2846],[0,0]],[[3349,2847],[0,0]],[[5027,8273],[-92,312],[148,182]],[[5083,8767],[-67,560],[-108,48],[584,-188],[15,-156],[77,177],[58,-135],[-214,-752],[691,-789],[148,460],[23,1020],[132,540],[174,-1069],[193,-130],[-104,-315],[131,-182],[-148,-872],[277,-150],[81,-722]],[[7026,6112],[96,-126],[-81,-377]],[[7041,5609],[173,10],[37,-548],[-193,-220],[7,-272]],[[7065,4579],[222,-293],[-582,-1269]],[[6705,3017],[-308,99],[75,801],[-98,73],[-167,-96],[-57,-307],[-319,118],[-78,-295]],[[5753,3410],[-208,17]],[[5545,3427],[-126,-595],[-242,531],[-354,185],[-729,-238],[-392,-500],[-179,281],[-344,-219],[-55,290],[90,24],[-129,106],[173,42]],[[3258,3334],[1,591]],[[3259,3925],[-410,103]],[[2849,4028],[-263,722],[-177,22]],[[2409,4772],[-114,311],[102,-103],[-52,291],[102,-234],[-117,532],[87,757],[45,-192],[262,486],[679,361],[265,924],[92,-343]],[[3760,7564],[-4,402],[44,-78],[147,8],[-77,216],[148,-7],[-82,155],[165,356],[199,-4],[126,-452],[13,205],[178,-101],[-45,233],[123,306],[332,-530]],[[3494,3630],[-13,0]],[[3481,3630],[13,0]],[[3455,3751],[21,-5]],[[3476,3746],[-21,5]],[[5638,3861],[-15,-70]],[[5623,3791],[15,70]],[[5094,9087],[-13,-17]],[[5081,9070],[13,17]],[[4596,8530],[-6,-9]],[[4590,8521],[6,9]],[[5058,5989],[139,-578],[307,67]],[[5504,5478],[-48,373],[-398,138]],[[5994,6637],[10,2],[-9,34],[-2,-7],[1,-29]],[[6134,6652],[6,2]],[[6140,6654],[-6,-2]],[[6886,3532],[3,8],[-3,6],[-2,-5],[2,-9]],[[2631,6461],[0,-1],[-1,-2],[0,4],[1,-1]],[[2647,6484],[0,0]],[[2635,6487],[0,0]],[[2638,6493],[0,0]],[[2658,6496],[0,-1],[-1,0],[0,1],[1,0]],[[2665,6496],[0,0]],[[2658,6497],[0,0]],[[2664,6506],[0,0]],[[2661,6505],[-1,0],[0,1],[1,0],[0,-1]],[[2644,6514],[1,4],[0,-1],[-1,-3]],[[2666,6517],[0,0]],[[2647,6526],[0,0]],[[2657,6531],[0,0]],[[2671,6533],[1,1],[0,-1],[-1,0]],[[2665,6542],[0,0]],[[2646,6541],[0,0]],[[2684,6548],[0,0]],[[2671,6548],[-1,1],[0,1],[1,-2]],[[2672,6558],[0,0]],[[2674,6570],[0,-4],[-1,2],[1,2]],[[2676,6578],[-1,0],[0,1],[1,1],[0,-2]],[[2693,6582],[-1,0],[0,1],[1,-1]],[[2719,6591],[1,-3],[-1,-3],[0,6]],[[2681,6589],[0,-4],[-3,2],[1,4],[2,-2]],[[2715,6589],[1,3],[1,-4],[-1,-1],[-1,2]],[[2700,6599],[0,-2],[-1,3],[1,-1]],[[2687,6607],[-1,0],[0,1],[1,-1]],[[2729,6609],[0,0]],[[2729,6610],[0,1],[1,0],[0,-1],[-1,0]],[[2735,6613],[0,-1],[-1,1],[1,0]],[[2722,6622],[0,0]],[[2705,6623],[-1,0],[-1,2],[2,-2]],[[2730,6626],[-1,-2],[0,5],[1,-3]],[[2739,6635],[-1,2],[0,1],[1,0],[0,-3]],[[2899,6643],[0,0]],[[2898,6644],[0,0]],[[2898,6645],[0,0]],[[2775,6656],[0,-1],[-1,0],[1,1]],[[2779,6659],[5,7],[2,-2],[-10,-14],[3,9]],[[2776,6662],[0,-1],[-1,0],[1,1]],[[2635,6663],[0,0]],[[2635,6664],[0,0]],[[2915,6664],[0,1],[1,0],[0,-1],[-1,0]],[[2788,6666],[-1,-1],[-1,2],[1,-1],[1,0]],[[2636,6666],[0,0]],[[2636,6667],[-1,0],[1,3],[0,-3]],[[2789,6668],[0,-1],[-1,1],[1,1],[0,-1]],[[2783,6669],[0,0]],[[2829,6669],[-1,0],[1,1],[0,-1]],[[2635,6670],[0,0]],[[2758,6673],[0,-5],[-2,3],[2,2]],[[2830,6671],[0,0]],[[2788,6672],[0,0],[0,0]],[[2791,6674],[2,1],[-3,-5],[-1,3],[2,1]],[[2755,6672],[0,0]],[[2786,6672],[-1,0],[0,1],[1,-1]],[[2636,6673],[0,-3],[-2,6],[2,-3]],[[2794,6674],[0,0]],[[2635,6676],[0,0]],[[2633,6677],[0,-1]],[[2931,6677],[-1,0],[-2,-2],[2,3],[1,-1]],[[2635,6677],[0,0]],[[2932,6676],[0,1],[1,0],[0,-1],[-1,0]],[[2633,6677],[0,-1]],[[2633,6676],[0,1]],[[2631,6678],[0,0]],[[2633,6677],[0,0]],[[2634,6678],[0,1],[1,-1],[-1,0]],[[2931,6678],[0,0]],[[2630,6678],[0,0]],[[2633,6678],[0,0]],[[2631,6679],[0,0]],[[2633,6679],[0,0]],[[2936,6685],[4,-5],[-2,-8],[-3,3],[1,10]],[[2630,6679],[0,0]],[[2634,6679],[0,0]],[[2632,6680],[0,0]],[[2842,6676],[-2,2],[8,5],[-1,-3],[-5,-4]],[[2634,6680],[0,0]],[[2632,6682],[0,0]],[[2631,6684],[0,0]],[[2790,6691],[-2,-11],[-4,-2],[2,10],[4,3]],[[2631,6686],[0,0]],[[2631,6687],[0,0]],[[2633,6687],[0,0]],[[2630,6688],[0,0]],[[2772,6682],[-7,-1],[-5,4],[17,10],[-5,-13]],[[2633,6690],[0,0]],[[2632,6691],[0,0]],[[2943,6691],[-1,0],[1,1],[0,-1]],[[2945,6692],[-1,-1],[-1,1],[1,1],[1,-1]],[[2632,6693],[0,0]],[[2782,6694],[3,5],[5,4],[-11,-19],[3,10]],[[2785,6702],[0,-2],[-1,1],[1,2],[0,-1]],[[2970,6702],[0,1],[1,0],[-1,-1]],[[2790,6704],[1,2],[-1,-3],[0,1]],[[2804,6705],[-1,-1],[1,2],[0,-1]],[[2772,6706],[0,-1],[-1,1],[1,0]],[[2957,6712],[-1,-5],[-2,-2],[1,3],[2,4]],[[2631,6709],[0,-1],[-1,1],[1,1],[0,-1]],[[2789,6712],[-1,-3],[-1,3],[2,0]],[[2792,6711],[0,0]],[[2786,6712],[-1,1],[1,0],[0,-1]],[[2631,6714],[0,0]],[[2790,6716],[2,-1],[-2,-5],[-1,1],[1,5]],[[2787,6715],[-1,-1],[0,2],[1,-1]],[[2631,6717],[0,1],[0,-1]],[[2806,6717],[1,7],[4,3],[-5,-16],[0,6]],[[2634,6720],[0,0]],[[2970,6721],[0,-1],[-1,0],[0,1],[1,0]],[[2630,6722],[0,0]],[[2770,6723],[0,1],[1,-1],[-1,-1],[0,1]],[[2781,6726],[-4,-10],[-3,5],[5,8],[2,-3]],[[2969,6723],[0,0]],[[2970,6724],[0,0]],[[2966,6724],[-1,1],[1,0],[0,-1]],[[2811,6719],[4,13],[4,7],[-2,-26],[-6,6]],[[2965,6724],[-1,-1],[2,4],[-1,-3]],[[2782,6725],[0,1],[1,0],[0,-1],[-1,0]],[[2636,6729],[0,0]],[[2784,6728],[-1,0],[0,2],[1,-2]],[[2812,6729],[1,0],[0,-1],[-1,1]],[[2810,6736],[3,2],[-6,-14],[0,7],[3,5]],[[2845,6737],[2,-5],[-1,-5],[-1,10]],[[2781,6733],[1,0],[-1,-1],[0,1]],[[2631,6732],[0,3],[1,-2],[-1,-1]],[[2636,6734],[0,0]],[[2832,6733],[-3,4],[2,1],[1,-5]],[[2639,6736],[0,0]],[[2811,6741],[1,-1],[-3,-7],[1,8],[1,0]],[[2631,6741],[0,-6],[-1,5],[1,1]],[[2637,6738],[0,1],[1,0],[-1,-1]],[[2812,6741],[0,1],[1,-1],[-1,0]],[[2809,6742],[1,2],[0,-3],[-1,1]],[[2814,6742],[-1,-1],[0,2],[1,-1]],[[2815,6744],[0,1]],[[2815,6745],[0,-1]],[[2815,6744],[0,1]],[[2631,6750],[2,2],[3,-12],[-5,10]],[[2811,6747],[0,-1],[1,4],[0,-1],[-1,-2]],[[2808,6749],[-1,1],[1,0],[0,-1]],[[2820,6745],[-6,7],[-2,7],[17,-19],[-9,5]],[[3004,6757],[0,0]],[[3040,6768],[0,1],[1,0],[-1,-1]],[[3047,6771],[2,1],[1,-1],[-3,-3],[0,3]],[[3095,6796],[0,0]],[[3089,6855],[0,1],[1,0],[-1,-1]],[[3185,6857],[0,0]],[[3178,6858],[0,0]],[[3211,6859],[-1,1],[1,0],[0,-1]],[[3215,6863],[1,0],[-1,-1],[0,1]],[[3129,6866],[0,0]],[[3102,6892],[-1,2],[1,0],[0,-2]],[[3130,6979],[0,0]],[[3488,7204],[0,0]],[[3488,7205],[0,0]],[[3495,7237],[0,0]],[[3500,7238],[0,0]],[[3506,7247],[0,0]],[[3508,7249],[0,0]],[[3500,7271],[0,0]],[[3509,7290],[0,0]],[[3510,7292],[0,0]],[[3511,7295],[0,0]],[[3512,7297],[0,0]],[[3561,7362],[0,0]],[[3562,7366],[0,-1],[1,3],[-1,-2]],[[3566,7368],[0,0]],[[3566,7369],[0,0]],[[3565,7757],[0,0]],[[3562,7762],[-1,0],[0,1],[1,-1]],[[3560,7766],[0,0]],[[3559,7769],[0,0]],[[3558,7769],[-1,0],[-1,1],[1,0],[1,-1]],[[3555,7771],[-2,-2],[-2,1],[4,1]],[[3698,2767],[-1,0],[0,1],[2,-1],[-1,0]],[[3726,2767],[0,1],[1,0],[0,-1],[-1,0]],[[3657,2777],[-1,0],[0,1],[1,0],[0,-1]],[[3687,2780],[0,1],[1,-1],[-1,0]],[[3688,2783],[0,-1],[-1,0],[1,1]],[[3682,2782],[0,1],[1,0],[-1,-1]],[[3706,2784],[-4,-5],[-2,4],[8,9],[-2,-8]],[[3693,2788],[0,1]],[[3693,2788],[0,1]],[[3655,2791],[0,-2],[-1,0],[0,1],[1,1]],[[3703,2792],[2,0],[-1,-2],[-1,2]],[[3673,2793],[1,2],[-1,-5],[0,3]],[[3696,2794],[0,0]],[[3688,2794],[0,0]],[[3711,2795],[-1,0],[0,2],[1,0],[0,-2]],[[3710,2797],[0,0]],[[3710,2798],[0,0]],[[3701,2799],[0,0]],[[3709,2800],[0,0]],[[3714,2800],[0,1],[1,0],[0,-1],[-1,0]],[[3710,2801],[0,-1],[-1,1],[1,0]],[[3644,2802],[0,0]],[[3712,2804],[-1,-1],[1,1]],[[3712,2806],[0,1]],[[3712,2806],[0,1]],[[3712,2807],[0,-1]],[[3701,2808],[-1,1],[1,0],[0,-1]],[[3719,2808],[-1,1],[1,2],[1,-1],[-1,-2]],[[3634,2810],[-1,0],[1,1],[0,-1]],[[3634,2811],[0,0]],[[3650,2813],[1,2],[1,-3],[-2,-1],[0,2]],[[3709,2814],[0,0]],[[3699,2814],[0,0]],[[3701,2814],[-1,0],[1,1],[0,-1]],[[3660,2814],[0,0]],[[3701,2815],[0,0]],[[3659,2820],[-2,-3],[-5,-3],[4,6],[3,0]],[[3638,2818],[0,0]],[[3660,2818],[1,0],[-1,-1],[0,1]],[[3699,2819],[0,0]],[[3638,2819],[0,1],[1,-1],[-1,0]],[[3664,2821],[0,0]],[[3698,2821],[-1,0],[1,1],[0,-1]],[[3652,2821],[1,1],[0,-1],[-1,0]],[[3664,2822],[0,0]],[[3664,2824],[0,0]],[[3656,2824],[0,1],[1,1],[0,-2],[-1,0]],[[3665,2825],[0,0]],[[3659,2826],[-1,-1],[1,1]],[[3663,2826],[1,0],[0,-1],[-1,1]],[[3650,2825],[0,0]],[[3652,2826],[0,0]],[[3669,2826],[0,1],[1,0],[-1,-1]],[[3695,2828],[0,0]],[[3638,2829],[0,0]],[[3699,2829],[0,0]],[[3638,2830],[0,0]],[[3699,2832],[0,0]],[[3635,2835],[0,0]],[[3698,2835],[0,0]],[[3651,2838],[0,0]],[[3632,2838],[0,0]],[[3725,2837],[0,0]],[[3660,2837],[0,0]],[[3726,2838],[0,0]],[[3638,2839],[-1,-1],[0,2],[1,-1]],[[3654,2839],[-1,0],[1,1],[0,-1]],[[3635,2840],[0,0]],[[3653,2841],[0,0]],[[3674,2842],[1,0],[-1,-1],[0,1]],[[3677,2843],[0,0]],[[3674,2844],[0,0]],[[3643,2845],[1,0],[-1,-2],[0,2]],[[3641,2844],[0,0]],[[3642,2845],[0,0]],[[3639,2845],[0,0]],[[3680,2854],[0,1],[1,0],[-1,-1]],[[3574,7680],[0,0]],[[3577,7683],[0,0]],[[3582,7684],[0,0]],[[3580,7685],[0,0]],[[3581,7689],[0,0]],[[3580,7690],[0,0]],[[3580,7694],[0,0]],[[3724,7703],[-1,-1],[-1,2],[1,0],[1,-1]],[[3616,7740],[0,0]],[[3617,7741],[-1,0],[0,1],[1,-1]],[[3616,7742],[0,0]],[[3698,7788],[0,0]],[[3694,7788],[0,0]],[[3694,7789],[0,0]],[[3653,7796],[1,0]],[[3654,7796],[-1,0]],[[3653,7796],[1,0]],[[3648,7797],[0,0]],[[3653,7799],[-1,-1],[1,2],[0,-1]],[[3684,7832],[0,0]],[[3723,7851],[0,-1],[-1,1],[1,0]],[[3727,7855],[0,0]],[[3678,7877],[0,0]],[[3726,7885],[0,0]],[[3696,7887],[0,0]],[[3727,7887],[0,0]],[[3690,7888],[0,0]],[[3693,7888],[1,1],[-1,-2],[0,1]],[[3690,7889],[0,-1]],[[3690,7888],[0,1]],[[3693,7889],[0,-1],[-1,0],[1,2],[0,-1]],[[3694,7889],[0,0]],[[3699,7891],[0,0]],[[3665,7890],[0,0]],[[3691,7891],[0,0]],[[3691,7892],[-1,0],[0,1],[1,-1]],[[3708,7892],[0,0]],[[3727,7896],[2,-2],[-2,-6],[-1,7],[1,1]],[[3695,7892],[1,-1],[-5,3],[2,1],[2,-3]],[[3690,7893],[0,0]],[[3701,7893],[-1,-1],[-1,0],[2,3],[0,-2]],[[3699,7894],[0,0]],[[3691,7894],[0,0]],[[3691,7895],[-1,1],[1,0],[0,-1]],[[3727,7897],[0,0]],[[3689,7898],[0,0]],[[3691,7897],[0,2],[1,-1],[-1,-1]],[[3700,7901],[2,-1],[-2,-5],[1,5],[-1,1]],[[3696,7901],[1,0],[-1,-6],[-1,4],[1,2]],[[3707,7902],[-2,-10],[-4,2],[1,11],[5,-3]],[[3708,7897],[-2,-3],[2,10],[2,-5],[-2,-2]],[[3698,7900],[0,0]],[[3695,7902],[0,0]],[[3701,7902],[0,0]],[[3725,7902],[0,0]],[[3686,7903],[0,0]],[[3724,7902],[0,0]],[[3688,7903],[0,0]],[[3677,7903],[0,0]],[[3699,7903],[-1,2],[2,-3],[-1,1]],[[3698,7904],[0,0]],[[3697,7904],[-1,0],[0,1],[1,-1]],[[3721,7905],[0,0]],[[3721,7905],[0,1],[1,-1],[-1,0]],[[3688,7906],[0,0]],[[3697,7905],[-1,0],[-1,1],[2,1],[0,-2]],[[3668,7906],[0,0]],[[3697,7907],[0,0]],[[3676,7907],[0,1],[1,0],[-1,-1]],[[3710,7911],[1,0],[-1,-1],[-2,1],[2,0]],[[3704,7913],[2,0],[0,-1],[-4,0],[2,1]],[[3685,7916],[0,-1],[-1,0],[1,2],[0,-1]],[[3728,7913],[-3,0],[0,8],[2,-2],[1,-6]],[[3718,7924],[-2,4],[2,-2],[0,-2]],[[3722,7928],[1,-4],[-2,1],[1,3]],[[3721,7928],[-1,1]],[[3722,7929],[1,-1],[-1,0],[0,1]],[[3715,7929],[0,1],[1,-2],[-1,1]],[[3721,7929],[0,-1]],[[3721,7928],[0,1]],[[3721,7929],[-1,0]],[[3720,7929],[-1,1],[1,0],[0,-1]],[[3720,7930],[0,0]],[[3691,7932],[0,0]],[[3687,7937],[0,0]],[[3725,7966],[0,0]],[[3726,7966],[0,0]],[[3723,7968],[0,0]],[[3728,7970],[0,0]],[[3724,7970],[0,0]],[[3723,7971],[0,0]],[[3723,7973],[3,1],[1,-5],[-2,0],[-2,4]],[[3727,7973],[0,0]],[[3724,7976],[0,0]],[[3722,7976],[-1,2],[3,-1],[-2,-1]],[[3718,7979],[0,0]],[[3719,7979],[0,0]],[[3722,7978],[-2,0],[-1,3],[3,-3]],[[3718,7980],[0,0]],[[3719,7982],[0,1],[1,0],[-1,-1]],[[3727,8001],[1,-1],[-2,1],[1,0]],[[3726,8001],[0,0]],[[3716,8005],[1,1],[0,-1],[-1,0]],[[3721,8008],[-2,-4],[-2,1],[4,3]],[[3727,8006],[0,0]],[[3727,8007],[1,0],[-1,-1],[0,1]],[[3718,8007],[0,0]],[[3701,8155],[0,0]],[[3701,8157],[1,-3],[-2,-3],[-1,7],[2,-1]],[[3700,8156],[0,0]],[[3753,2711],[0,0]],[[3752,2814],[1,-2],[-1,-4],[1,2],[-1,4]],[[3750,2811],[0,0]],[[3754,2813],[0,0]],[[3754,2814],[0,0]],[[3752,7603],[0,0]],[[3747,7616],[1,-1],[1,-3],[-2,4]],[[3752,7629],[0,-4],[-2,6],[2,-2]],[[3742,7633],[0,-4],[-2,5],[1,0],[1,-1]],[[3737,7634],[0,0]],[[3735,7635],[0,0]],[[3752,7638],[1,-3],[0,-3],[-1,2],[0,4]],[[3734,7637],[0,0]],[[3738,7637],[-1,0],[1,0]],[[3734,7641],[3,-6],[0,-1],[-3,2],[0,5]],[[3756,7638],[-1,-2],[0,5],[1,-1],[0,-2]],[[3755,7642],[-1,-1],[0,3],[1,-2]],[[3738,7643],[-1,-1],[0,3],[1,-2]],[[3754,7645],[0,0]],[[3754,7658],[2,0],[-1,-14],[-1,5],[0,9]],[[3746,7827],[0,1],[1,-1],[-1,0]],[[3755,7834],[0,0]],[[3754,7835],[1,0],[-2,-1],[0,1],[1,0]],[[3753,7835],[-1,0],[0,1],[1,-1]],[[3754,7836],[0,0]],[[3743,7838],[6,-3],[4,6],[-3,-9],[-7,6]],[[3753,7839],[0,0]],[[3748,7842],[0,0]],[[3753,7843],[0,0]],[[3746,7844],[1,-1],[-2,-2],[1,2],[0,1]],[[3745,7843],[0,0]],[[3736,7842],[-1,0],[-1,2],[2,-2]],[[3750,7845],[1,0],[0,-1],[-1,1]],[[3752,7847],[2,-3],[-2,-2],[0,5]],[[3754,7851],[0,0]],[[3753,7851],[0,0]],[[3729,7850],[-2,10],[1,4],[5,-22],[-4,8]],[[3736,7864],[-1,0],[1,1],[0,-1]],[[3738,7865],[0,0]],[[3739,7865],[1,1],[2,-3],[-3,2]],[[3732,7867],[2,2],[0,-5],[-1,1],[-1,2]],[[3740,7868],[0,-1]],[[3740,7867],[0,1]],[[3740,7868],[0,-1]],[[3736,7869],[0,0]],[[3732,7869],[0,0]],[[3733,7870],[-1,0],[-1,1],[1,0],[1,-1]],[[3737,7871],[0,0]],[[3736,7871],[0,0]],[[3741,7872],[0,0]],[[3730,7872],[-1,0],[0,1],[1,-1]],[[3746,7873],[0,0]],[[3733,7873],[-2,1],[1,0],[1,-1]],[[3731,7874],[0,0]],[[3730,7875],[0,0]],[[3729,7876],[0,-1]],[[3744,7876],[0,0]],[[3746,7875],[-1,0],[0,1],[1,-1]],[[3752,7876],[0,-1],[-1,1],[1,0]],[[3729,7875],[0,1]],[[3729,7876],[-1,1],[0,1],[1,-2]],[[3740,7881],[0,0]],[[3740,7881],[0,1],[1,0],[-1,-1]],[[3739,7885],[1,-2],[-1,1],[0,1]],[[3737,7885],[1,-1],[-1,0],[0,1]],[[3737,7885],[0,0]],[[3734,7886],[0,1],[1,0],[-1,-1]],[[3745,7900],[3,-3],[-4,2],[1,1]],[[3755,7899],[0,-1],[1,0],[-2,1],[1,0]],[[3748,7899],[0,0]],[[3743,7900],[0,0]],[[3750,7902],[0,0]],[[3746,7903],[0,0]],[[3744,7904],[0,0]],[[3741,7905],[-1,1],[1,0],[0,-1]],[[3748,7907],[0,0]],[[3741,7907],[-1,-1],[-1,2],[1,0],[1,-1]],[[3749,7907],[0,0]],[[3739,7908],[0,0]],[[3738,7908],[0,-1],[-1,1],[1,1],[0,-1]],[[3735,7908],[0,0]],[[3736,7908],[0,0]],[[3732,7909],[1,1],[2,0],[-1,-3],[-2,2]],[[3745,7910],[0,0]],[[3747,7912],[1,0],[2,-3],[-3,3]],[[3731,7910],[-1,0],[1,1],[0,-1]],[[3745,7911],[0,0]],[[3746,7912],[0,0]],[[3739,7912],[-1,0],[-1,1],[2,-1]],[[3735,7915],[0,0]],[[3736,7916],[0,0]],[[3734,7917],[0,0]],[[3735,7918],[0,-1],[-1,0],[1,1]],[[3736,7918],[0,0]],[[3738,7919],[0,0]],[[3736,7919],[0,-1]],[[3736,7918],[0,1]],[[3737,7922],[0,0]],[[3738,7926],[-1,0],[0,1],[1,-1]],[[3736,7926],[0,1],[1,0],[-1,-1]],[[3738,7927],[0,1],[1,0],[0,-1],[-1,0]],[[3746,7932],[0,0]],[[3741,7933],[0,0]],[[3734,7933],[0,1],[1,0],[-1,-1]],[[3750,7936],[1,1],[-1,-6],[0,5]],[[3752,7934],[0,0]],[[3734,7935],[0,-1],[-1,1],[1,1],[0,-1]],[[3745,7935],[0,0]],[[3738,7935],[-1,-2],[0,3],[1,-1]],[[3754,7937],[0,0]],[[3736,7936],[-1,1],[1,-1]],[[3743,7937],[0,0]],[[3738,7939],[1,0],[-1,-3],[0,3]],[[3739,7939],[1,2],[3,-2],[-3,-2],[-1,2]],[[3754,7942],[-2,-5],[-3,5],[3,-1],[2,1]],[[3741,7952],[4,4],[8,-14],[-6,-7],[-6,17]],[[3744,7947],[0,0]],[[3743,7949],[1,-1],[-1,0],[0,1]],[[3747,7949],[0,0]],[[3749,7950],[0,0]],[[3749,7951],[1,-2],[-1,1],[0,1]],[[3740,7953],[0,-1]],[[3754,7953],[0,0]],[[3740,7952],[0,1]],[[3740,7953],[0,0]],[[3748,7951],[-1,4],[0,2],[2,-6],[-1,0]],[[3753,7956],[1,-1],[-1,2],[0,-1]],[[3754,7960],[0,0]],[[3754,7961],[0,2],[1,-7],[-1,5]],[[3740,7961],[0,0]],[[3741,7961],[0,0]],[[3745,7962],[0,0]],[[3742,7963],[0,0]],[[3752,7964],[0,0]],[[3739,7967],[-1,-1],[-1,2],[1,0],[1,-1]],[[3737,7967],[0,0]],[[3736,7968],[-1,0],[1,1],[0,-1]],[[3734,7969],[0,0]],[[3743,7969],[0,0]],[[3740,7972],[2,0],[1,-4],[-3,4]],[[3737,7972],[0,0]],[[3753,7972],[0,0]],[[3738,7972],[0,0]],[[3739,7973],[0,0]],[[3740,7973],[0,0]],[[3751,7976],[1,-1],[0,-5],[-2,0],[1,6]],[[3752,7975],[1,-2],[0,-2],[-1,4]],[[3741,7974],[-1,2],[3,-4],[-2,0],[0,2]],[[3744,7976],[1,-1],[-1,0],[0,1]],[[3743,7976],[0,1]],[[3743,7977],[0,-1]],[[3742,7977],[0,0]],[[3737,7977],[0,0]],[[3743,7977],[0,0]],[[3734,7978],[-1,0],[0,1],[1,-1]],[[3743,7979],[0,0]],[[3744,7979],[0,0]],[[3738,7980],[0,0]],[[3740,7981],[0,0]],[[3733,7980],[1,6],[3,-7],[-1,-2],[-3,3]],[[3730,7982],[0,0]],[[3741,7983],[0,0]],[[3741,7988],[0,0]],[[3740,7988],[1,1],[0,-1],[-1,0]],[[3739,7988],[-1,4],[1,3],[2,-10],[-2,3]],[[3741,7991],[0,0]],[[3752,7990],[0,0]],[[3734,7994],[0,0]],[[3754,7992],[-2,0],[0,8],[5,-5],[-3,-3]],[[3735,7994],[-2,3],[4,-5],[-2,2]],[[3741,7995],[0,0]],[[3740,7995],[0,1],[1,-1],[-1,0]],[[3739,7995],[0,0]],[[3732,7997],[-1,2],[1,-1],[0,-1]],[[3734,7999],[1,0],[3,-3],[-7,4],[3,-1]],[[3730,7999],[0,0]],[[3734,8000],[0,0]],[[3751,7999],[-1,1],[-1,2],[2,-2],[0,-1]],[[3730,8002],[1,-2],[-2,-1],[0,4],[1,-1]],[[3729,8005],[0,0]],[[3729,8006],[1,-1],[-1,0],[0,1]],[[3729,8006],[-1,0],[0,1],[1,-1]],[[3752,8011],[3,-8],[-3,4],[0,4]],[[3755,8008],[-1,1],[0,1],[1,-1],[0,-1]],[[3750,8013],[0,0]],[[3754,8021],[0,-1],[-1,1],[1,0]],[[3754,8022],[0,0]],[[3756,2714],[1,4],[-4,-12],[3,8]],[[3763,2749],[2,1],[-3,-4],[1,3]],[[3803,2785],[-1,-1],[0,2],[1,-1]],[[3801,2787],[0,0]],[[3805,2788],[0,0]],[[3804,2789],[0,0]],[[3755,2817],[1,0],[-1,-1],[0,1]],[[3756,2817],[0,0]],[[3757,2834],[0,0]],[[3769,2848],[0,0]],[[3770,2858],[0,0]],[[3772,2859],[0,0]],[[3781,2864],[0,0]],[[3782,2867],[0,1],[0,-1]],[[3790,2897],[0,0]],[[3760,7562],[0,2]],[[3760,7564],[0,-2]],[[3760,7629],[0,0]],[[3774,7717],[0,-1]],[[3774,7719],[0,-2]],[[3774,7717],[0,-1]],[[3774,7716],[0,5]],[[3774,7720],[0,-1]],[[3774,7720],[0,1]],[[3774,7721],[0,0]],[[3771,7722],[1,0],[0,-1],[-1,1]],[[3772,7722],[0,0]],[[3796,7756],[0,1],[1,1],[-1,-2]],[[3796,7757],[0,0]],[[3806,7762],[-1,0],[2,2],[0,-1],[-1,-1]],[[3804,7765],[0,0]],[[3804,7768],[0,0]],[[3778,7797],[-1,0],[0,2],[1,0],[0,-2]],[[3767,7806],[0,0]],[[3764,7809],[0,1],[1,0],[0,-1],[-1,0]],[[3757,7837],[0,0]],[[3756,7838],[0,0]],[[3758,7842],[0,0]],[[3757,7842],[0,0]],[[3756,7843],[-1,-1],[2,1],[-1,0]],[[3758,7849],[1,-2],[-1,1],[0,1]],[[3762,7855],[0,0]],[[3768,7865],[0,0]],[[3763,7869],[0,0]],[[3759,7872],[0,0]],[[3760,7872],[0,0]],[[3759,7873],[0,0]],[[3759,7874],[0,0]],[[3760,7875],[0,0]],[[3761,7875],[0,0]],[[3756,7887],[0,0]],[[3764,7896],[0,1],[2,-2],[-1,-2],[-1,3]],[[3772,7897],[0,0]],[[3773,7897],[0,0]],[[3765,7901],[2,0],[5,-5],[-3,0],[-4,5]],[[3773,7900],[0,-1],[-1,0],[1,1]],[[3798,7907],[0,-3],[-1,2],[1,1]],[[3763,7908],[1,-1],[-1,3],[0,-2]],[[3762,7911],[-1,3],[4,-6],[-3,3]],[[3773,7912],[0,1],[1,-1],[-1,0]],[[3760,7912],[0,1],[0,-1]],[[3761,7914],[-1,0],[1,-1],[0,1]],[[3759,7914],[0,0]],[[3764,7914],[0,0]],[[3760,7915],[0,0]],[[3777,7915],[0,0]],[[3770,7917],[2,-1],[1,-2],[-3,1],[0,2]],[[3776,7914],[-1,0],[-2,3],[3,-2],[0,-1]],[[3756,7917],[1,0],[0,-1],[-1,0],[0,1]],[[3802,7916],[0,0]],[[3801,7918],[0,0]],[[3764,7919],[2,-4],[-1,0],[-1,4]],[[3766,7919],[1,0],[0,-1],[-1,0],[0,1]],[[3759,7919],[0,0]],[[3800,7919],[1,0],[0,-1],[-1,1]],[[3758,7919],[0,0]],[[3767,7920],[-1,2],[5,-5],[-2,0],[-2,3]],[[3758,7920],[0,0]],[[3801,7921],[1,-1],[-1,0],[0,1]],[[3757,7921],[0,1],[1,-1],[-1,0]],[[3755,7921],[0,0]],[[3802,7922],[0,0]],[[3757,7922],[0,0]],[[3768,7922],[-1,1],[1,-1]],[[3802,7922],[0,1]],[[3802,7923],[0,-1]],[[3802,7924],[0,0]],[[3799,7925],[0,0]],[[3800,7925],[0,-1],[-1,1],[1,1],[0,-1]],[[3765,7925],[0,0]],[[3801,7925],[0,0]],[[3798,7927],[-1,1],[1,0],[0,-1]],[[3796,7929],[0,1],[1,-2],[-1,1]],[[3800,7934],[1,-2],[1,-7],[-3,8],[1,1]],[[3807,7931],[-1,0],[0,1],[1,-1]],[[3798,7933],[-1,1],[1,0],[0,-1]],[[3802,7934],[0,0]],[[3794,7936],[0,-1],[-1,2],[1,-1]],[[3789,7936],[0,0]],[[3799,7936],[0,0]],[[3794,7936],[0,1],[1,-1],[-1,0]],[[3795,7937],[0,0]],[[3788,7937],[0,0]],[[3787,7938],[1,-2],[-2,3],[1,-1]],[[3798,7938],[0,-2],[-1,1],[1,1]],[[3793,7938],[0,1]],[[3793,7938],[0,1]],[[3793,7939],[0,-1]],[[3800,7936],[-1,2],[-1,6],[5,-9],[-3,1]],[[3783,7942],[3,-1],[0,-2],[-3,1],[0,2]],[[3791,7941],[0,0]],[[3759,7940],[-1,-1],[1,4],[0,-3]],[[3786,7941],[0,0]],[[3759,7942],[1,0],[0,-1],[-1,1]],[[3795,7943],[0,0]],[[3806,7939],[-1,0],[-6,10],[11,-12],[-4,2]],[[3796,7943],[0,0]],[[3756,7943],[1,3],[2,-1],[-1,-4],[-2,2]],[[3796,7945],[0,0]],[[3796,7946],[0,0]],[[3792,7940],[-1,7],[4,6],[0,-7],[-3,-6]],[[3756,7946],[0,-1],[-1,1],[1,1],[0,-1]],[[3796,7948],[0,0]],[[3801,7949],[0,0]],[[3801,7950],[0,-1],[-1,0],[0,1],[1,0]],[[3796,7948],[0,1]],[[3796,7949],[0,-1]],[[3792,7949],[-1,1],[0,1],[1,-1],[0,-1]],[[3755,7952],[1,-2],[0,-2],[-1,4]],[[3761,7950],[0,0]],[[3799,7950],[0,-1],[-1,2],[1,0],[0,-1]],[[3800,7950],[0,0]],[[3801,7950],[0,0]],[[3755,7953],[0,1],[4,-7],[-2,0],[-2,6]],[[3788,7951],[0,0]],[[3757,7952],[-1,2],[1,0],[0,-2]],[[3760,7954],[0,0]],[[3756,7955],[0,0]],[[3800,7955],[-1,1],[1,1],[0,-2]],[[3792,7958],[0,-1]],[[3756,7957],[0,0]],[[3759,7957],[0,0]],[[3792,7957],[0,1]],[[3797,7957],[-1,1],[1,1],[0,-2]],[[3800,7962],[3,-4],[-2,-4],[0,5],[-1,3]],[[3795,7956],[0,2],[1,5],[0,-8],[-1,1]],[[3801,7959],[-1,-1],[-1,1],[1,1],[1,-1]],[[3790,7963],[1,0],[2,-3],[-1,0],[-2,3]],[[3793,7963],[0,0]],[[3792,7964],[0,0]],[[3787,7969],[1,-4],[4,-6],[-3,0],[-2,10]],[[3803,7964],[1,-2],[-3,6],[2,-4]],[[3791,7967],[1,-1],[0,-1],[-1,2]],[[3791,7968],[0,0]],[[3758,7967],[0,0]],[[3758,7968],[0,0]],[[3790,7969],[0,0]],[[3786,7970],[0,0]],[[3770,7972],[0,0]],[[3759,7973],[2,2],[1,-6],[-4,3],[1,1]],[[3795,7972],[0,1],[1,0],[-1,-1]],[[3795,7973],[-1,1],[1,0],[0,-1]],[[3778,7973],[-1,1],[0,1],[1,-2]],[[3794,7976],[-1,1],[1,0],[0,-1]],[[3784,7974],[-6,10],[-4,1],[15,-1],[-5,-10]],[[3798,7980],[1,-2],[0,-1],[-2,5],[1,-2]],[[3765,7982],[0,0]],[[3784,7985],[0,0]],[[3774,7985],[-1,0],[0,1],[1,-1]],[[3786,7985],[-1,1],[1,0],[0,-1]],[[3769,7986],[-1,1],[1,0],[0,-1]],[[3762,7992],[1,1],[5,-5],[-4,-1],[-4,7],[2,-2]],[[3757,7997],[-1,1],[0,1],[1,-2]],[[3757,8002],[0,0]],[[3756,8007],[0,0]],[[3756,8008],[0,-1],[-1,1],[1,0]],[[3757,8007],[0,0]],[[3757,8008],[0,0]],[[3775,8025],[0,0]],[[3774,8028],[0,0]],[[3776,8028],[0,0]],[[3775,8028],[0,0]],[[3776,8038],[1,-9],[-2,-2],[1,11]],[[3775,8046],[0,0]],[[3773,8053],[0,0]],[[3767,8054],[1,1],[0,-1],[-1,0]],[[3778,8055],[0,0]],[[3773,8056],[0,0]],[[3836,2856],[0,2],[1,-1],[-1,-1]],[[3836,2858],[0,0]],[[3838,2855],[-1,-1],[0,7],[2,-1],[-1,-5]],[[3816,2865],[0,0]],[[3843,2869],[0,0]],[[3824,2882],[1,1],[0,-1],[-1,0]],[[3841,2882],[0,1],[1,1],[-1,-2]],[[3831,2888],[0,0]],[[3836,2890],[0,0]],[[3832,2892],[1,0],[-2,-1],[1,1]],[[3830,2891],[0,0]],[[3830,2893],[-1,0],[1,1],[0,-1]],[[3832,2895],[1,2],[0,-1],[-1,-1]],[[3842,2896],[0,0]],[[3814,2919],[0,0]],[[3818,2921],[1,-1],[-1,0],[0,1]],[[3813,2921],[0,0]],[[3811,2921],[0,0]],[[3814,2922],[0,0]],[[3813,2923],[0,0]],[[3812,2923],[0,0]],[[3812,2924],[0,0]],[[3813,2925],[0,0]],[[3811,7768],[0,1],[1,1],[0,-1],[-1,-1]],[[3876,7861],[0,0]],[[3875,7864],[0,-1],[-1,1],[1,0]],[[3870,7894],[0,0]],[[3865,7896],[0,0]],[[3865,7897],[0,-1],[-1,1],[1,0]],[[3866,7899],[0,0]],[[3857,7903],[1,0],[1,-1],[-2,1]],[[3856,7904],[0,0]],[[3866,7909],[1,-3],[-1,0],[0,3]],[[3853,7905],[-3,2],[0,10],[3,-12]],[[3870,7912],[0,-2],[-1,-2],[0,4],[1,0]],[[3867,7915],[1,-1],[0,-2],[-2,1],[1,2]],[[3869,7916],[-1,-3],[-1,3],[1,3],[1,-3]],[[3851,7918],[-1,0],[0,2],[1,-1],[0,-1]],[[3810,7921],[2,-4],[-5,6],[3,-2]],[[3847,7920],[0,0]],[[3846,7921],[0,0]],[[3846,7922],[0,0]],[[3873,7923],[0,0]],[[3874,7925],[-1,-1],[0,2],[1,-1]],[[3873,7926],[0,0]],[[3874,7927],[0,0]],[[3847,7928],[0,0]],[[3870,7928],[0,1],[1,0],[0,-1],[-1,0]],[[3847,7931],[-1,-1],[0,1],[1,0]],[[3873,7931],[0,0]],[[3852,7932],[0,0]],[[3851,7934],[0,0]],[[3849,7936],[1,0],[-1,-1],[0,1]],[[3842,7938],[0,-1],[-1,1],[1,0]],[[3848,7937],[0,2],[1,-1],[-1,-1]],[[3843,7938],[-1,0],[0,1],[1,1],[0,-2]],[[3841,7939],[-1,-1],[0,2],[1,-1]],[[3839,7940],[-1,-1],[0,1],[1,0]],[[3874,7941],[0,1],[1,-1],[-1,0]],[[3831,7943],[0,0]],[[3831,7943],[1,0],[0,-1],[-1,1]],[[3835,7944],[0,0]],[[3830,7944],[0,0]],[[3828,7947],[1,0],[1,-2],[-1,-2],[-1,4]],[[3832,7944],[2,7],[5,-6],[-5,-3],[-2,2]],[[3820,7947],[0,1]],[[3819,7948],[0,0]],[[3821,7947],[0,0]],[[3820,7948],[0,-1]],[[3820,7947],[0,1]],[[3822,7948],[0,-1],[-1,1],[1,0]],[[3822,7948],[0,0]],[[3825,7947],[0,1],[-2,0],[2,-1]],[[3872,7948],[0,0]],[[3826,7948],[0,0]],[[3827,7949],[0,0]],[[3834,7950],[0,0]],[[3871,7950],[0,0]],[[3830,7949],[-1,3],[3,-2],[-1,-1],[-1,0]],[[3833,7950],[0,0]],[[3815,7950],[0,0]],[[3872,7950],[0,0]],[[3812,7952],[2,-1],[-4,2],[2,-1]],[[3815,7959],[-3,0],[2,2],[1,-2]],[[3815,7961],[0,0]],[[3830,7969],[-1,-2],[-1,2],[2,1],[0,-1]],[[3830,7971],[0,0]],[[3809,7973],[0,0]],[[3832,7972],[-4,1],[0,6],[4,-3],[0,-4]],[[3832,7983],[1,-1],[-1,-2],[0,3]],[[3831,7988],[0,0]],[[3828,7987],[1,7],[4,-10],[-5,3]],[[3828,7992],[-1,1],[1,0],[0,-1]],[[3828,7995],[0,0]],[[3826,7996],[0,0]],[[3817,7996],[0,0]],[[3810,7997],[0,0]],[[3809,7998],[0,0]],[[3824,8000],[-1,0],[0,1],[1,0],[0,-1]],[[3824,8002],[0,0]],[[3822,8013],[0,-1],[-3,2],[1,0],[2,-1]],[[3827,8024],[0,0]],[[3829,8025],[1,-1],[-2,2],[1,-1]],[[3846,8030],[0,0]],[[3862,8031],[0,0]],[[3843,8035],[2,-4],[0,-1],[-2,2],[0,3]],[[3846,8039],[5,-8],[0,-6],[-4,2],[-1,12]],[[3849,8036],[0,-5],[-1,2],[1,3]],[[3844,8033],[0,0]],[[3858,8036],[0,0]],[[3859,8036],[0,0]],[[3848,8036],[0,1]],[[3848,8037],[0,-1]],[[3864,8038],[0,0]],[[3866,8039],[0,0]],[[3866,8040],[0,0]],[[3867,8042],[0,0]],[[3867,8043],[-1,0],[1,2],[0,-2]],[[3861,8047],[0,0]],[[3874,8096],[0,0]],[[3877,8098],[0,0]],[[3876,8100],[0,0]],[[3872,8106],[0,0]],[[3873,8107],[0,0]],[[3875,8114],[0,0]],[[3872,8116],[0,0]],[[3877,8147],[0,0]],[[3876,8149],[1,1],[0,-2],[-1,0],[0,1]],[[3875,8149],[0,0]],[[3875,8152],[0,0]],[[3875,8160],[0,0]],[[3871,8190],[0,0]],[[3871,8195],[0,0]],[[3871,8194],[-1,-3],[-4,6],[2,5],[3,-8]],[[3861,8201],[0,-3],[-1,4],[1,-1]],[[3862,8201],[0,0]],[[3864,8202],[0,-1],[-1,1],[1,0]],[[3862,8201],[-1,1],[1,0],[0,-1]],[[3868,8202],[-1,-1],[-1,1],[2,1],[0,-1]],[[3863,8203],[0,0]],[[3870,8203],[0,0]],[[3861,8203],[0,0]],[[3869,8204],[0,0]],[[3868,8205],[0,0]],[[3866,8206],[0,0]],[[3875,8207],[-2,-1],[1,2],[1,-1]],[[3875,8208],[0,0]],[[3844,8209],[1,0],[0,-1],[-1,1]],[[3875,8209],[0,0]],[[3862,8209],[0,0]],[[3863,8209],[3,6],[1,0],[-4,-12],[0,6]],[[3863,8210],[0,0]],[[3873,8210],[0,0]],[[3848,8211],[0,-2],[-3,0],[0,1],[3,1]],[[3874,8210],[0,0]],[[3871,8211],[0,0]],[[3848,8211],[0,0]],[[3864,8211],[-1,0],[0,1],[1,0],[0,-1]],[[3874,8211],[0,0]],[[3853,8212],[0,0]],[[3848,8213],[0,0]],[[3853,8213],[0,0]],[[3851,8213],[-1,-1],[-1,2],[1,1],[1,-2]],[[3865,8214],[0,1],[1,-1],[-1,0]],[[3875,8216],[0,0]],[[3877,8217],[0,0]],[[3858,8216],[-7,-3],[6,12],[1,-9]],[[3860,8222],[0,0]],[[3871,8212],[-3,9],[13,13],[2,-16],[-12,-6]],[[3860,8224],[0,-1],[-1,-1],[1,3],[0,-1]],[[3868,8229],[-1,-1],[0,2],[1,-1]],[[3875,8232],[1,1],[0,-1],[-1,0]],[[3876,8233],[0,0]],[[3877,8233],[0,0]],[[3874,8239],[1,1],[-1,-6],[-2,6],[2,-1]],[[3870,8238],[0,0]],[[3872,8240],[0,0]],[[3878,8245],[-2,-1],[1,2],[1,-1]],[[3855,8244],[0,0]],[[3864,8289],[0,0]],[[3879,7871],[0,0]],[[3880,7874],[0,0]],[[3881,7911],[3,3],[-5,-3],[2,0]],[[3900,7918],[5,0],[5,-2],[-12,2],[2,0]],[[3898,7918],[0,0]],[[3886,7988],[0,0]],[[3882,8000],[0,0]],[[3885,8000],[0,-1],[-1,0],[0,2],[1,-1]],[[3884,8017],[0,-3],[-1,-5],[0,8],[1,0]],[[3908,8018],[0,1],[1,0],[-1,-1]],[[3885,8021],[0,0]],[[3882,8023],[0,0]],[[3902,8024],[0,0]],[[3888,8025],[0,0]],[[3886,8025],[1,2],[-1,-5],[-1,2],[1,1]],[[3884,8027],[1,1],[-1,-2],[0,1]],[[3902,8029],[0,0]],[[3885,8029],[0,0]],[[3885,8030],[0,0]],[[3888,8033],[0,0]],[[3884,8033],[0,0]],[[3887,8034],[0,-1]],[[3887,8033],[0,1]],[[3887,8034],[0,-1]],[[3886,8034],[0,0]],[[3882,8022],[0,1]],[[3882,8023],[0,-1]],[[3890,8035],[0,0]],[[3899,8031],[-6,-4],[9,17],[-1,-11],[-2,-2]],[[3877,8037],[1,1],[0,-1],[-1,0]],[[3899,8041],[0,-1],[0,1]],[[3904,8040],[0,0]],[[3902,8041],[0,0]],[[3904,8041],[0,0]],[[3905,8041],[0,0]],[[3903,8044],[0,0]],[[3883,8045],[0,0]],[[3883,8047],[0,-1],[-1,0],[1,1]],[[3904,8047],[0,0]],[[3882,8047],[0,0]],[[3882,8047],[-1,0],[0,1],[1,-1]],[[3883,8048],[0,0]],[[3882,8051],[1,-2],[-1,1],[0,1]],[[3882,8050],[0,0]],[[3882,8051],[0,0]],[[3907,8052],[0,0]],[[3881,8052],[0,2],[1,1],[0,-4],[-1,1]],[[3913,8058],[-1,0],[1,1],[0,-1]],[[3912,8059],[0,0]],[[3911,8059],[0,1],[1,-1],[-1,0]],[[3882,8064],[0,-7],[-1,5],[1,2]],[[3883,8066],[0,0]],[[3883,8068],[0,0]],[[3911,8078],[-1,-3],[-3,-1],[1,3],[3,1]],[[3907,8078],[0,0]],[[3908,8080],[-1,0],[0,1],[1,0],[0,-1]],[[3881,8117],[-1,-1],[0,1],[1,0]],[[3881,8117],[0,0]],[[3880,8130],[0,0]],[[3879,8130],[0,0]],[[3880,8152],[0,0]],[[3883,8153],[0,0]],[[3901,8158],[0,0]],[[3907,8160],[0,-1],[-1,0],[1,1]],[[3907,8160],[0,0]],[[3903,8162],[0,0]],[[3897,8163],[-1,0],[1,2],[0,-2]],[[3905,8165],[0,0]],[[3903,8166],[0,0]],[[3902,8166],[0,0]],[[3903,8169],[0,0]],[[3888,8170],[0,0]],[[3913,8169],[-1,0],[0,1],[1,-1]],[[3887,8171],[-1,0],[0,1],[1,-1]],[[3910,8173],[1,-1],[-1,0],[0,1]],[[3910,8174],[0,0]],[[3889,8175],[-1,-2],[-1,-1],[1,4],[1,-1]],[[3904,8176],[0,0]],[[3891,8176],[0,0]],[[3902,8178],[1,3],[3,0],[-2,-6],[-2,3]],[[3892,8179],[0,0]],[[3907,8179],[0,0]],[[3888,8181],[1,-3],[-4,-1],[0,1],[3,3]],[[3912,8181],[0,0]],[[3910,8182],[0,0]],[[3908,8183],[0,-1]],[[3908,8182],[0,1]],[[3906,8183],[0,0]],[[3913,8184],[-1,-1],[0,1],[1,0]],[[3909,8184],[0,0]],[[3909,8185],[0,0]],[[3910,8186],[-1,-1],[0,1],[1,0]],[[3908,8187],[1,0],[-1,-1],[0,1]],[[3892,8187],[0,0]],[[3908,8187],[0,0]],[[3896,8190],[0,0]],[[3885,8192],[-1,0],[1,1],[0,-1]],[[3884,8192],[-1,0],[1,1],[0,-1]],[[3910,8193],[0,0]],[[3909,8193],[0,0]],[[3882,8193],[0,1],[1,0],[0,-1],[-1,0]],[[3884,8193],[0,0]],[[3893,8195],[0,0]],[[3895,8198],[-1,0]],[[3893,8198],[0,0]],[[3901,8198],[0,0]],[[3895,8198],[-1,0]],[[3908,8198],[-1,-1],[0,3],[1,-1],[0,-1]],[[3880,8199],[0,0]],[[3883,8200],[-1,-1],[0,3],[1,-1],[0,-1]],[[3907,8202],[0,0]],[[3890,8200],[-6,-11],[4,33],[11,13],[12,-44],[-21,9]],[[3886,8207],[-1,-1],[0,1],[1,0]],[[3901,8207],[0,0]],[[3885,8208],[0,0]],[[3880,8212],[0,0]],[[3885,8213],[0,0]],[[3883,8213],[0,0]],[[3906,8212],[0,0]],[[3884,8213],[-1,0],[0,1],[1,0],[0,-1]],[[3886,8215],[1,-1],[-3,1],[1,1],[1,-1]],[[3885,8217],[0,0]],[[3898,8219],[0,0]],[[3888,8221],[0,0]],[[3882,8221],[0,0]],[[3900,8221],[0,0]],[[3898,8223],[0,0]],[[3882,8223],[0,0]],[[3889,8223],[-1,1],[1,1],[0,-2]],[[3907,8226],[1,-2],[-4,-1],[3,3]],[[3902,8226],[0,0]],[[3913,8227],[0,0]],[[3893,8227],[0,0]],[[3899,8231],[0,-1],[1,-2],[-1,0],[-1,4],[1,-1]],[[3904,8231],[-1,0],[1,0]],[[3900,8231],[0,-1],[1,2],[0,-1],[-1,0]],[[3879,8232],[0,0]],[[3901,8232],[0,0]],[[3878,8232],[0,0]],[[3878,8233],[0,0]],[[3899,8234],[0,0]],[[3894,8236],[0,0]],[[3892,8238],[0,-2],[-1,0],[0,2],[1,0]],[[3879,8237],[-1,-1],[0,2],[1,-1]],[[3893,8237],[-1,0],[1,1],[0,-1]],[[3894,8240],[1,-1],[-1,-2],[-1,1],[1,2]],[[3878,8239],[0,0]],[[3883,8239],[0,1],[1,0],[0,-1],[-1,0]],[[3891,8239],[0,0]],[[3887,8239],[-1,1],[1,0],[0,-1]],[[3888,8239],[0,0]],[[3892,8239],[0,0]],[[3894,8240],[0,0]],[[3895,8241],[-1,0],[0,1],[1,-1]],[[3889,8245],[2,0],[-1,-3],[-1,3]],[[3888,8245],[-1,2],[1,0],[0,-2]],[[3887,8246],[0,0]],[[3910,8257],[0,1],[1,-1],[-1,0]],[[3909,8259],[1,-2],[-1,-1],[0,3]],[[3911,8258],[0,0]],[[3910,8258],[1,1],[0,-1],[-1,0]],[[3896,8259],[0,0]],[[3912,8261],[0,1],[1,-1],[-1,0]],[[3912,8262],[0,0]],[[3889,8267],[0,0]],[[3889,8268],[0,0]],[[3891,8271],[0,0]],[[3891,8272],[0,0]],[[3894,8273],[-1,0],[1,1],[0,-1]],[[3904,8297],[0,0]],[[3903,8298],[0,0]],[[3905,8300],[0,0]],[[3903,8300],[0,0]],[[3903,8302],[0,0]],[[3902,8303],[0,0]],[[3899,8309],[0,0]],[[3894,8309],[0,0]],[[3911,8324],[2,0],[0,-3],[-1,0],[-1,3]],[[3939,7897],[1,1],[0,-1],[-1,0]],[[3931,7898],[0,0]],[[3942,7898],[1,1],[0,-1],[-1,0]],[[3920,7903],[0,0]],[[3950,7906],[1,0],[-1,-1],[0,1]],[[3914,7911],[4,2],[2,-5],[-5,0],[-1,3]],[[3913,7910],[1,0],[-2,1],[1,-1]],[[3913,7914],[3,2],[1,-2],[-1,-2],[-3,2]],[[3913,8052],[0,0]],[[3913,8056],[0,0]],[[3918,8072],[0,0]],[[3918,8085],[0,0]],[[3914,8087],[0,0]],[[3961,8151],[0,0]],[[3961,8152],[0,0]],[[3960,8153],[0,0]],[[3963,8157],[0,0]],[[3959,8161],[0,0]],[[3966,8162],[0,0]],[[3914,8165],[0,-1],[-1,0],[1,1]],[[3913,8169],[0,0]],[[3913,8170],[0,0]],[[3913,8173],[0,0]],[[3959,8179],[0,0]],[[3959,8180],[0,0]],[[3960,8182],[1,-1],[-1,-2],[0,3]],[[3967,8181],[0,0]],[[3953,8192],[0,0]],[[3951,8192],[-1,0],[0,1],[1,-1]],[[3949,8192],[0,0]],[[3950,8196],[0,0]],[[3952,8200],[0,0]],[[3955,8207],[2,-1],[-5,-5],[0,3],[3,3]],[[3943,8205],[0,0]],[[3963,8213],[-1,-14],[-4,-1],[0,5],[5,10]],[[3939,8205],[0,0]],[[3939,8208],[-1,-3],[-1,2],[2,1]],[[3924,8208],[0,0]],[[3939,8208],[0,0]],[[3939,8210],[0,0]],[[3941,8210],[0,0]],[[3959,8211],[0,-1],[-1,0],[0,1],[1,0]],[[3941,8211],[0,0]],[[3962,8214],[-1,-2],[-1,1],[1,2],[1,-1]],[[3962,8215],[0,0]],[[3964,8214],[0,0]],[[3966,8217],[0,-4],[-1,2],[1,2]],[[3940,8216],[0,0]],[[3933,8216],[0,0]],[[3963,8217],[0,0]],[[3933,8217],[0,0]],[[3931,8218],[0,0]],[[3934,8219],[0,0]],[[3963,8219],[0,0]],[[3939,8224],[1,-8],[-3,-1],[2,3],[0,6]],[[3936,8223],[0,0]],[[3937,8224],[0,0]],[[3941,8225],[-1,-1],[0,1],[1,0]],[[3937,8225],[0,0]],[[3941,8225],[0,0]],[[3941,8226],[0,0]],[[3940,8227],[0,0]],[[3921,8228],[0,0]],[[3933,8239],[6,-7],[-6,-14],[-3,5],[3,16]],[[3944,8229],[-1,-1],[2,3],[0,-2],[-1,0]],[[3943,8231],[0,0]],[[3917,8231],[0,0]],[[3931,8232],[0,0]],[[3948,8235],[0,0]],[[3948,8237],[-1,1],[1,0],[0,-1]],[[3932,8238],[0,0]],[[3949,8239],[0,0]],[[3946,8239],[0,0]],[[3933,8240],[0,0]],[[3935,8241],[0,-1],[-1,2],[1,-1]],[[3920,8242],[0,0]],[[3922,8243],[0,0]],[[3955,8244],[0,0]],[[3930,8242],[-1,2],[2,3],[1,-5],[-2,0]],[[3962,8245],[0,0]],[[3917,8245],[0,0]],[[3933,8246],[0,0]],[[3961,8247],[0,-3],[-1,3],[1,0]],[[3962,8247],[0,-1],[-1,0],[1,1]],[[3933,8247],[0,0]],[[3917,8248],[-1,-1],[0,1],[1,0]],[[3955,8248],[0,0]],[[3917,8250],[0,0]],[[3955,8253],[0,-3],[-1,0],[0,2],[1,1]],[[3956,8252],[-1,1],[1,1],[0,-2]],[[3967,8254],[0,0]],[[3956,8255],[0,0]],[[3957,8256],[0,0]],[[3965,8257],[0,0]],[[3913,8262],[1,0],[-1,-2],[0,2]],[[3940,8265],[0,0]],[[3954,8271],[0,0]],[[3953,8275],[0,0]],[[3946,8276],[0,0]],[[3952,8279],[0,0]],[[3920,8283],[0,0]],[[3953,8284],[0,0]],[[3920,8285],[0,0]],[[3951,8285],[-1,0],[0,1],[1,-1]],[[3953,8285],[2,9],[1,0],[-4,-16],[1,7]],[[3951,8288],[0,0]],[[3951,8289],[0,0]],[[3952,8288],[-1,2],[2,4],[0,-4],[-2,-6],[1,4]],[[3924,8296],[0,-1],[-1,1],[1,1],[0,-1]],[[3923,8297],[0,0]],[[3936,8298],[0,0]],[[3943,8299],[0,0]],[[3929,8303],[0,-3],[-2,-4],[0,5],[2,2]],[[3936,8300],[0,0],[0,0]],[[3939,8298],[-2,1],[2,4],[1,-4],[-1,-1]],[[3927,8301],[0,0]],[[3931,8302],[0,-1],[-1,2],[1,0],[0,-1]],[[3935,8302],[-1,1],[1,0],[0,-1]],[[3937,8305],[1,-3],[-1,0],[0,3]],[[3930,8305],[-1,-1],[1,2],[0,-1]],[[3938,8308],[0,0]],[[3924,8309],[0,0]],[[3948,8304],[-6,6],[5,19],[4,-37],[-3,12]],[[3935,8314],[0,-1],[-1,-1],[0,3],[1,-1]],[[3962,8316],[0,0]],[[3934,8316],[0,0]],[[3933,8316],[0,0]],[[3948,8321],[0,0]],[[3924,8323],[1,0],[1,-4],[-3,1],[1,3]],[[3942,8323],[2,-2],[-1,-2],[-1,4]],[[3914,8323],[1,0],[1,-4],[-2,4]],[[3927,8320],[0,4],[1,-3],[-1,-1]],[[3941,8324],[-1,-1],[0,3],[1,0],[0,-2]],[[3913,8324],[0,1],[1,0],[-1,-1]],[[3917,8324],[-1,1],[0,1],[1,-2]],[[3964,8326],[0,0]],[[3914,8326],[0,0]],[[3928,8327],[0,0]],[[3950,8327],[0,0]],[[3923,8332],[1,1],[-2,-10],[0,9],[1,0]],[[3946,8328],[0,0]],[[3950,8331],[1,0],[0,-1],[-1,1]],[[3950,8330],[0,0]],[[3915,8332],[0,-1],[-1,0],[0,1],[1,0]],[[3946,8331],[-1,0],[0,2],[1,0],[0,-2]],[[3949,8332],[0,0]],[[3920,8333],[0,1]],[[3920,8334],[0,-1]],[[3949,8334],[0,0]],[[3943,8335],[1,0],[-1,-1],[0,1]],[[3943,8335],[0,0]],[[3949,8337],[-1,-2],[0,3],[1,-1]],[[3943,8337],[0,-1],[-1,1],[1,1],[0,-1]],[[3943,8338],[0,0]],[[3919,8346],[2,1],[-2,-4],[0,3]],[[3927,8349],[0,-2],[-1,1],[1,1]],[[3922,8350],[-1,-2],[0,1],[1,1]],[[3964,8361],[-1,0],[1,2],[0,-2]],[[3964,8363],[0,0]],[[3962,8368],[0,-1],[-1,1],[1,0]],[[3962,8368],[-1,2],[2,4],[0,-5],[-1,-1]],[[3956,8388],[-1,2],[1,-1],[0,-1]],[[3964,8408],[0,0]],[[3949,8438],[0,0]],[[3949,8440],[1,-1],[-1,0],[0,1]],[[3950,8440],[0,0]],[[3962,8440],[0,0]],[[3961,8440],[-1,1],[1,1],[0,-2]],[[3948,8444],[0,0]],[[3949,8446],[0,-2],[-1,1],[0,1],[1,0]],[[3948,8447],[0,0]],[[3957,8443],[-1,6],[2,6],[1,-9],[-2,-3]],[[3955,8451],[-1,0],[1,2],[0,-2]],[[3954,8453],[0,0]],[[3954,8454],[0,0]],[[3960,8458],[0,-2],[-2,-1],[1,3],[1,0]],[[3960,8458],[0,0]],[[3957,8457],[0,0]],[[3957,8460],[-1,1],[1,-1]],[[3956,8470],[2,-2],[-2,-4],[-1,5],[1,1]],[[3964,8469],[-1,-1],[0,1],[1,0]],[[3953,8477],[0,0]],[[3954,8480],[3,1],[0,-8],[-3,7]],[[3995,8137],[0,0]],[[3991,8145],[0,0]],[[3991,8146],[0,0]],[[3990,8146],[0,0]],[[3982,8155],[0,0]],[[3982,8157],[1,1],[0,-1],[-1,0]],[[3980,8159],[0,0]],[[3980,8160],[0,0]],[[3979,8161],[0,0]],[[3978,8166],[0,0]],[[3977,8166],[0,0]],[[3978,8210],[0,0]],[[3977,8212],[0,0]],[[3976,8212],[0,0]],[[3981,8213],[0,0]],[[3973,8224],[0,0]],[[3987,8271],[0,0]],[[3990,8271],[0,0]],[[3979,8274],[0,0]],[[3990,8275],[0,0]],[[3983,8278],[0,0]],[[3982,8279],[0,0]],[[3982,8280],[0,0]],[[3992,8278],[-1,4],[3,2],[0,-5],[-2,-1]],[[3995,8281],[0,0]],[[3977,8282],[0,0]],[[3992,8283],[0,0]],[[3984,8287],[7,0],[0,-10],[-8,-5],[1,15]],[[3978,8290],[0,0]],[[3980,8291],[0,0]],[[3979,8292],[0,0]],[[3984,8295],[0,0]],[[3994,8297],[1,1],[0,-1],[-1,0]],[[3995,8298],[0,0]],[[3981,8298],[0,0]],[[3983,8299],[0,0]],[[3974,8305],[0,-1],[-1,0],[1,1]],[[3991,8306],[0,0]],[[3973,8309],[-1,1],[1,0],[0,-1]],[[3994,8311],[0,0]],[[3992,8309],[2,6],[1,-2],[-1,-5],[-2,1]],[[3988,8311],[0,0]],[[3996,8312],[0,0]],[[3986,8314],[0,0]],[[3991,8315],[0,0]],[[3991,8316],[0,0]],[[3984,8317],[1,1],[0,-1],[-1,0]],[[3982,8317],[-1,1],[1,0],[0,-1]],[[3984,8319],[0,0]],[[3987,8323],[0,-7],[-2,1],[2,6]],[[3986,8321],[0,0]],[[3986,8322],[0,0]],[[3990,8323],[0,0]],[[3989,8323],[0,0]],[[3984,8327],[0,-5],[-1,4],[1,1]],[[3980,8329],[0,0]],[[3977,8330],[0,0]],[[3992,8330],[0,0]],[[3989,8330],[0,0]],[[3979,8331],[0,0]],[[3993,8332],[0,0]],[[3991,8334],[0,-3],[-1,1],[1,2]],[[3994,8338],[0,0]],[[3988,8342],[0,0]],[[3988,8344],[1,0],[0,-1],[-1,1]],[[3990,8344],[0,0]],[[3985,8347],[1,-4],[-1,-1],[-1,7],[1,-2]],[[3985,8347],[0,0]],[[3985,8350],[0,0]],[[3984,8350],[0,0]],[[3988,8350],[-1,-1],[1,2],[0,-1]],[[3984,8351],[0,0]],[[3983,8352],[0,0]],[[3983,8353],[0,0]],[[3984,8354],[0,-2],[-1,1],[1,1]],[[3984,8354],[0,0]],[[3984,8355],[0,0]],[[3985,8356],[0,0]],[[3984,8357],[0,1],[1,-1],[-1,0]],[[3985,8359],[0,0]],[[3985,8363],[1,-1],[-1,0],[0,1]],[[3980,8365],[0,-2],[-1,-1],[0,2],[1,1]],[[3983,8365],[0,1],[1,0],[-1,-1]],[[3982,8367],[0,0]],[[3981,8368],[0,0]],[[3980,8369],[1,0],[-1,-1],[0,1]],[[3980,8370],[0,0]],[[3979,8370],[0,0]],[[3980,8371],[-1,0],[1,1],[0,-1]],[[3981,8372],[0,0]],[[3979,8372],[0,0]],[[3977,8375],[0,0]],[[3978,8379],[0,-1]],[[3976,8377],[0,0]],[[3979,8377],[0,0]],[[3977,8377],[1,0],[-2,-1],[1,1]],[[3978,8379],[0,-1]],[[3980,8381],[0,0]],[[3987,8394],[0,0]],[[3986,8395],[0,0]],[[3987,8397],[0,2],[1,-1],[-1,-1]],[[3986,8399],[0,-1],[-1,1],[1,0]],[[3979,8400],[0,0]],[[3977,8401],[0,0]],[[3993,8401],[0,0]],[[3988,8401],[0,0]],[[3977,8402],[0,0]],[[3988,8402],[0,0]],[[3978,8403],[0,1],[2,-1],[-2,-1],[0,1]],[[3978,8404],[-1,-1],[0,1],[1,0]],[[3994,8406],[0,0]],[[3995,8406],[0,0]],[[3995,8408],[0,0]],[[3982,8409],[0,-3],[-1,1],[1,2]],[[3972,8408],[0,0]],[[3993,8409],[0,0]],[[3983,8408],[0,0]],[[3981,8409],[0,0]],[[3977,8409],[0,0]],[[3968,8409],[0,0]],[[3996,8408],[0,1]],[[3972,8411],[0,0]],[[3973,8413],[-1,-2],[0,2],[1,0]],[[3991,8412],[0,0]],[[3985,8414],[0,0]],[[3972,8413],[0,0]],[[3983,8414],[0,0]],[[3983,8415],[0,0]],[[3993,8418],[-1,0],[0,1],[1,0],[0,-1]],[[3988,8419],[1,0],[0,-1],[-1,1]],[[3995,8420],[-1,0],[0,1],[1,-1]],[[3972,8423],[0,0]],[[3969,8423],[0,0]],[[3972,8426],[0,0]],[[3991,8427],[-1,1],[1,0],[0,-1]],[[3988,8429],[0,0]],[[3969,8430],[0,0]],[[3986,8432],[0,0]],[[3978,8412],[-6,25],[10,31],[7,-48],[-11,-8]],[[3987,8438],[0,0]],[[3978,8440],[0,0]],[[3994,8440],[0,0]],[[3989,8443],[0,0]],[[3979,8443],[0,0]],[[3976,8448],[0,0]],[[3993,8448],[0,0]],[[3974,8451],[0,0]],[[3993,8454],[0,0]],[[3988,8455],[-1,0],[1,1],[0,-1]],[[3994,8455],[0,0]],[[3977,8456],[0,0]],[[3994,8456],[0,1],[1,1],[0,-4],[-1,2]],[[3977,8457],[0,0]],[[3978,8457],[0,0]],[[3986,8457],[0,0]],[[3986,8458],[0,0]],[[3987,8458],[0,0]],[[3996,8458],[-2,1],[0,2],[2,0],[1,-5],[-1,2]],[[3986,8459],[0,0]],[[3980,8459],[0,0]],[[3985,8460],[0,0]],[[3981,8460],[0,0]],[[3987,8460],[0,2],[1,-2],[-1,-1],[0,1]],[[3989,8461],[0,0]],[[3980,8461],[0,0]],[[3986,8461],[0,0]],[[3990,8462],[0,0]],[[3980,8462],[0,0]],[[3985,8462],[0,0]],[[3989,8463],[0,0]],[[3986,8463],[0,0]],[[3990,8464],[0,0]],[[3993,8469],[-1,-2],[0,3],[1,-1]],[[3993,8475],[0,-4],[-1,3],[1,1]],[[3994,8474],[1,2],[2,-1],[-2,-4],[-1,3]],[[3992,8476],[0,0]],[[3993,8477],[-1,-1],[0,1],[1,0]],[[3995,8482],[0,0]],[[3990,8510],[1,-3],[-2,-3],[0,2],[1,4]],[[3996,8137],[0,0]],[[4004,8263],[0,0]],[[4025,8266],[2,-3],[-5,3],[3,0]],[[4007,8265],[0,0]],[[4021,8266],[0,0],[0,0]],[[4020,8266],[-2,0],[1,1],[1,-1]],[[4023,8267],[-2,0],[1,1],[1,-1]],[[4013,8268],[-1,1],[-1,2],[2,-2],[0,-1]],[[4008,8271],[0,0]],[[4006,8278],[0,-2],[-1,4],[1,-1],[0,-1]],[[3996,8281],[-1,1],[1,0],[0,-1]],[[3998,8282],[0,0]],[[3997,8282],[0,0]],[[4008,8282],[0,0]],[[4010,8285],[0,-2],[-2,-1],[0,1],[2,2]],[[4007,8283],[0,0]],[[4002,8286],[-1,-1],[0,3],[1,-1],[0,-1]],[[4000,8291],[0,0]],[[4005,8291],[0,1],[1,0],[-1,-1]],[[3999,8298],[0,0]],[[3999,8300],[0,0]],[[4010,8302],[0,-2],[-1,-2],[0,4],[1,0]],[[4025,8305],[0,0]],[[3998,8307],[1,0],[0,-1],[-1,1]],[[3998,8310],[0,-1],[-1,0],[1,1]],[[3998,8310],[0,0]],[[3998,8310],[-1,0],[1,1],[0,-1]],[[3997,8314],[0,0]],[[3997,8327],[0,0]],[[3997,8328],[0,0]],[[4001,8330],[0,0]],[[3999,8330],[0,0]],[[4003,8339],[0,0]],[[3997,8344],[0,0]],[[3999,8344],[0,0]],[[3998,8406],[0,0]],[[4001,8409],[1,-1],[-1,-2],[0,3]],[[3996,8408],[0,1]],[[3998,8409],[0,-2],[-1,1],[1,2],[0,-1]],[[3997,8410],[0,0]],[[4020,8412],[0,0]],[[4051,8416],[1,2],[-1,-4],[0,2]],[[4051,8420],[0,0]],[[4019,8423],[0,0]],[[4021,8425],[1,1],[0,-1],[-1,0]],[[3998,8425],[0,0]],[[4010,8427],[0,0]],[[3996,8426],[-1,2],[2,4],[1,-5],[-2,-1]],[[4021,8430],[0,-2],[-1,-1],[0,1],[1,2]],[[4011,8428],[0,0]],[[4018,8429],[0,0]],[[4012,8430],[0,0]],[[4000,8430],[0,0]],[[4018,8431],[1,0],[0,-1],[-1,1]],[[4018,8431],[0,0]],[[4013,8432],[1,0],[0,-1],[-1,0],[0,1]],[[4014,8432],[0,0]],[[4003,8432],[0,0]],[[4025,8432],[0,0]],[[4017,8433],[0,0]],[[4043,8433],[0,0]],[[4020,8433],[0,0]],[[4017,8434],[0,0]],[[4018,8432],[0,1]],[[4018,8433],[0,-1]],[[3998,8434],[0,2],[1,-1],[-1,-1]],[[4014,8434],[0,1],[1,0],[0,-1],[-1,0]],[[4005,8435],[0,-1],[-1,2],[1,-1]],[[4017,8439],[0,0]],[[4020,8441],[1,-4],[-2,1],[1,3]],[[4017,8439],[-1,0],[0,1],[1,-1]],[[4024,8440],[0,0]],[[4037,8441],[0,0]],[[4021,8442],[0,0]],[[4017,8442],[0,1]],[[4004,8442],[-1,0],[0,1],[1,0],[0,-1]],[[4017,8442],[0,1]],[[4028,8446],[0,0]],[[4003,8446],[0,1],[1,0],[0,-1],[-1,0]],[[4006,8446],[0,2],[1,-2],[-1,0]],[[4008,8448],[0,0]],[[4009,8448],[0,0]],[[4029,8451],[1,-3],[-2,1],[1,2]],[[4012,8450],[0,0]],[[4008,8452],[-1,-3],[-1,2],[2,1]],[[4022,8456],[5,-1],[2,-4],[-4,-4],[-3,9]],[[4058,8453],[0,0]],[[4028,8456],[1,-1],[0,-1],[-1,1],[0,1]],[[3997,8454],[-1,2],[0,1],[1,-2],[0,-1]],[[4027,8456],[0,0]],[[4015,8458],[1,0],[0,-1],[-1,0],[0,1]],[[4003,8462],[0,0]],[[4056,8462],[0,0]],[[4033,8466],[2,-8],[3,-6],[-5,3],[0,11]],[[4030,8463],[0,0]],[[4060,8466],[1,0]],[[4061,8465],[-1,0]],[[4060,8465],[0,1]],[[4034,8466],[0,0]],[[4060,8466],[0,0]],[[4061,8465],[0,1]],[[4061,8466],[0,3]],[[4061,8470],[0,-5]],[[4031,8469],[0,0]],[[4061,8470],[0,-1]],[[4061,8469],[0,1]],[[3999,8471],[0,0]],[[4031,8472],[1,1],[-2,-3],[0,2],[1,0]],[[4028,8472],[0,0]],[[3998,8472],[0,0]],[[4031,8474],[0,0]],[[4026,8473],[0,0]],[[4016,8473],[0,0]],[[4055,8474],[0,0]],[[4060,8474],[0,0]],[[4028,8477],[0,0]],[[4019,8478],[0,0]],[[4007,8477],[-1,1],[1,0],[0,-1]],[[4033,8478],[-1,1],[1,0],[0,-1]],[[4018,8478],[0,0]],[[4052,8479],[0,0]],[[4014,8479],[0,1],[1,0],[-1,-1]],[[4052,8480],[0,0]],[[4016,8481],[0,0]],[[4004,8481],[0,0]],[[4051,8481],[0,0]],[[4017,8482],[0,0]],[[4055,8484],[0,0]],[[4054,8484],[0,1],[1,0],[-1,-1]],[[4055,8486],[0,0]],[[4017,8486],[0,0]],[[4054,8486],[-1,-1],[0,4],[2,-1],[-1,-2]],[[4016,8490],[0,-1],[-1,0],[1,1]],[[4018,8490],[-1,0],[1,1],[0,-1]],[[4054,8491],[0,0]],[[4040,8491],[0,4],[1,-7],[-1,3]],[[4019,8491],[0,0]],[[4041,8492],[0,0]],[[4059,8495],[1,-2],[-1,-1],[0,3]],[[4029,8494],[-1,0],[0,1],[1,-1]],[[4017,8496],[-1,0],[0,3],[1,-1],[0,-2]],[[4012,8499],[1,-1],[-1,-1],[0,2]],[[4003,8499],[0,0]],[[4042,8498],[-1,0],[1,1],[0,-1]],[[4012,8499],[0,0]],[[4012,8500],[0,0]],[[4061,8502],[0,0]],[[4063,8503],[0,0]],[[4060,8504],[1,1],[0,-1],[-1,0]],[[4003,8507],[0,2],[1,0],[0,-1],[-1,-1]],[[4002,8509],[0,0]],[[4002,8510],[0,0]],[[4003,8510],[0,0]],[[4053,8512],[0,0]],[[4001,8516],[2,0],[-1,-6],[-2,2],[1,4]],[[4054,8515],[0,0]],[[4061,8515],[0,0]],[[4003,8517],[0,0]],[[4003,8520],[1,-2],[0,-2],[-1,4]],[[4002,8520],[0,1],[1,-2],[-1,0],[0,1]],[[4004,8525],[0,0]],[[4048,8525],[0,0]],[[4045,8527],[0,0]],[[4044,8527],[0,0]],[[4049,8531],[0,0]],[[4048,8536],[0,0]],[[4049,8536],[0,0]],[[4051,8538],[0,0]],[[4052,8540],[-1,0],[1,1],[0,-1]],[[4062,8545],[1,-3],[-1,-3],[-2,3],[2,3]],[[4054,8543],[0,0]],[[4053,8544],[0,-2],[-1,1],[1,3],[0,-2]],[[4054,8544],[0,2]],[[4054,8544],[0,2]],[[4054,8546],[0,-2]],[[4051,8550],[0,1],[1,-1],[-1,0]],[[4057,8551],[0,0]],[[4040,8554],[0,0]],[[4056,8554],[0,0]],[[4044,8559],[0,0]],[[4057,8557],[0,4],[-1,3],[2,-2],[0,-8],[-1,3]],[[4057,8563],[0,0]],[[4064,8564],[0,0]],[[4038,8566],[0,-2],[-2,2],[2,0]],[[4059,8567],[0,0]],[[4061,8568],[0,0]],[[4064,8568],[-1,0],[-1,1],[1,0],[1,-1]],[[4050,8575],[0,1],[1,0],[-1,-1]],[[4047,8614],[2,-4],[-1,-4],[-1,0],[0,8]],[[4417,8216],[2,-1],[1,-7],[-2,4],[-1,4]],[[4421,8215],[0,-3],[-1,3],[1,0]],[[4419,8221],[1,-2],[1,-4],[-2,3],[0,3]],[[4415,8222],[0,3],[3,-5],[-1,-1],[-2,3]],[[4419,8223],[-1,0],[-1,3],[2,-1],[0,-2]],[[4395,8229],[1,-1],[-1,0],[0,1]],[[4414,8231],[0,0]],[[4393,8239],[1,1],[1,0],[-2,-2],[0,1]],[[4407,8245],[-2,3],[-3,6],[4,-3],[1,-6]],[[4543,8253],[1,0],[-1,-3],[0,3]],[[4547,8252],[0,0]],[[4395,8257],[1,-1],[-2,-7],[0,3],[1,5]],[[4601,8258],[0,3],[1,0],[0,-1],[-1,-2]],[[4397,8261],[0,0]],[[4549,8261],[0,0]],[[4395,8263],[0,0]],[[4552,8264],[-1,-1],[1,4],[0,-3]],[[4553,8268],[0,0]],[[4554,8269],[0,0]],[[4554,8270],[0,0]],[[4397,8268],[1,26],[10,-44],[-10,11],[-1,7]],[[4554,8272],[0,0]],[[4396,8306],[0,-1],[1,0],[-1,-1],[0,2]],[[4444,8338],[3,-6],[-1,-5],[-3,14],[1,-3]],[[4443,8342],[-1,-3],[-1,7],[2,-4]],[[4616,8369],[4,-2],[4,-5],[-5,-1],[-3,8]],[[4490,8372],[0,0]],[[4489,8373],[1,0],[0,-1],[-1,1]],[[4424,8379],[-2,4],[5,-8],[-3,4]],[[4470,8385],[-1,2],[1,-1],[0,-1]],[[4089,8408],[0,0]],[[4090,8409],[0,-1],[-1,2],[1,0],[0,-1]],[[4083,8415],[0,0]],[[4084,8430],[0,0]],[[4372,8439],[0,0]],[[4096,8443],[0,0]],[[4103,8444],[0,0]],[[4086,8444],[0,2],[1,-1],[-1,-1]],[[4101,8445],[0,0]],[[4102,8445],[0,1],[1,-1],[-1,0]],[[4093,8447],[0,0]],[[4105,8450],[0,0]],[[4363,8458],[0,0]],[[4068,8461],[0,0]],[[4359,8464],[1,6],[2,-1],[-2,-12],[-1,7]],[[4103,8465],[0,0]],[[4098,8469],[2,-2],[-3,-1],[1,3]],[[4064,8472],[0,0]],[[4096,8482],[1,1],[0,-1],[-1,0]],[[4098,8486],[-1,-3],[-2,0],[4,8],[-1,-5]],[[4358,8487],[0,0]],[[4358,8488],[0,0]],[[4353,8489],[1,4],[2,-4],[-2,-3],[-1,3]],[[4108,8492],[0,0]],[[4094,8500],[1,-5],[-4,-12],[-2,4],[5,13]],[[4107,8495],[0,0]],[[4100,8496],[0,-2],[-1,2],[1,0]],[[4097,8498],[-1,2],[3,3],[-1,-3],[-1,-2]],[[4088,8501],[1,1],[1,-2],[-2,0],[0,1]],[[4091,8502],[1,-1],[-1,0],[0,1]],[[4065,8501],[0,0]],[[4066,8501],[1,2],[1,-2],[-1,1],[-1,-1]],[[4101,8507],[5,-5],[-3,-9],[-5,19],[3,-5]],[[4077,8514],[0,0]],[[4076,8518],[-1,0],[0,4],[1,-2],[0,-2]],[[4342,8521],[1,0],[0,-2],[-1,1],[0,1]],[[4339,8527],[1,1],[1,-1],[-2,-3],[0,3]],[[4113,8526],[0,0]],[[4102,8530],[4,-3],[-7,-2],[3,5]],[[4116,8529],[0,0]],[[4075,8528],[0,0]],[[4117,8530],[0,-1],[-1,0],[1,1]],[[4071,8529],[0,0]],[[4183,8532],[0,0]],[[4180,8532],[0,-1],[-1,1],[1,0]],[[4180,8536],[0,-4],[2,-2],[-2,0],[-1,3],[1,3]],[[4179,8533],[0,0]],[[4115,8533],[0,0]],[[4066,8533],[1,2],[0,-1],[-1,-1]],[[4104,8534],[0,0]],[[4181,8537],[2,-4],[-1,-3],[-2,3],[1,4]],[[4106,8536],[0,0]],[[4182,8538],[0,-4],[-1,3],[1,1]],[[4075,8539],[0,0]],[[4120,8542],[0,0]],[[4120,8543],[0,0]],[[4132,8544],[0,0]],[[4131,8544],[0,0]],[[4141,8549],[0,-2],[-1,-1],[0,3],[1,0]],[[4068,8550],[2,0],[0,-4],[-2,4]],[[4068,8552],[-1,-4],[-1,1],[2,3]],[[4132,8550],[0,2],[2,0],[-1,-3],[-1,1]],[[4178,8552],[-1,0],[0,1],[1,0],[0,-1]],[[4323,8556],[0,0]],[[4321,8560],[0,0]],[[4321,8563],[-1,0],[0,1],[1,-1]],[[4319,8565],[0,0]],[[4064,8567],[0,0]],[[4317,8568],[0,0]],[[4312,8571],[0,0]],[[4313,8576],[0,0]],[[4082,8577],[0,0]],[[4313,8577],[0,0]],[[4309,8579],[1,0],[0,-1],[-1,1]],[[4304,8582],[0,0]],[[4180,8591],[-1,-1],[0,1],[1,0]],[[4176,8591],[0,0]],[[4205,8592],[0,0]],[[4102,8592],[1,0],[0,-1],[-1,1]],[[4175,8595],[1,2],[1,-1],[-2,-2],[0,1]],[[4151,8599],[1,3],[4,-4],[-2,-6],[-3,7]],[[4212,8599],[0,0]],[[4222,8601],[0,0]],[[4223,8600],[0,1],[-1,0],[0,1],[1,0],[0,-2]],[[4225,8601],[0,0]],[[4099,8602],[1,1],[0,-2],[-1,1]],[[4216,8602],[0,0]],[[4224,8603],[0,0]],[[4217,8606],[4,2],[5,-9],[-2,-2],[-7,9]],[[4216,8604],[1,0],[0,-1],[-1,1]],[[4220,8604],[1,-1],[-1,0],[0,1]],[[4141,8604],[0,0]],[[4219,8605],[-1,-1],[-1,1],[2,0]],[[4141,8605],[0,0]],[[4217,8605],[0,0]],[[4258,8606],[1,0],[-1,-1],[0,1]],[[4220,8607],[1,0],[0,-1],[-1,1]],[[4258,8607],[0,0]],[[4163,8607],[0,1],[1,0],[-1,-1]],[[4214,8607],[0,2],[1,-1],[-1,-1]],[[4259,8608],[0,0]],[[4198,8608],[0,0]],[[4169,8608],[0,0]],[[4217,8609],[0,0]],[[4198,8610],[0,2],[1,-4],[-1,2]],[[4143,8616],[2,-4],[-3,-8],[-1,5],[2,7]],[[4197,8615],[1,-4],[-4,-5],[2,7],[1,2]],[[4122,8609],[2,6],[3,0],[-5,-9],[0,3]],[[4215,8610],[-1,0],[0,2],[1,0],[0,-2]],[[4184,8610],[-1,2],[1,2],[1,-3],[-1,-1]],[[4199,8612],[0,0]],[[4267,8612],[0,0]],[[4218,8612],[0,0]],[[4138,8616],[3,-4],[-2,-1],[-1,5]],[[4216,8616],[0,0]],[[4142,8616],[0,0]],[[4142,8617],[0,6],[1,1],[1,-4],[-2,-3]],[[4182,8623],[0,0]],[[4182,8622],[0,0]],[[4256,8623],[0,0]],[[4183,8624],[0,-1],[-1,0],[1,1]],[[4144,8624],[0,0]],[[4114,8624],[0,0]],[[4267,8625],[0,0]],[[4143,8624],[0,0]],[[4177,8625],[0,0]],[[4262,8625],[1,4],[2,-6],[-2,0],[-1,2]],[[4175,8625],[-5,8],[17,-6],[-2,-7],[-10,5]],[[4182,8629],[0,0]],[[4183,8629],[0,0]],[[4182,8629],[1,1],[0,-1],[-1,0]],[[4143,8627],[-1,2],[0,5],[2,-6],[-1,-1]],[[4189,8633],[0,0]],[[4187,8633],[-1,2],[1,3],[2,-7],[-2,2]],[[4247,8642],[0,0]],[[4279,8648],[-1,-1],[-1,0],[1,1],[1,0]],[[4246,8650],[0,0]],[[4243,8650],[0,0]],[[4207,8658],[1,0],[-1,-1],[0,1]],[[4240,8663],[0,0]],[[4211,8663],[0,0]],[[4150,8665],[0,0]],[[4121,8667],[0,-2],[-1,4],[1,-2]],[[4235,8671],[0,0]],[[4119,8675],[0,0]],[[4225,8684],[0,0]],[[4228,8684],[0,1],[1,-1],[-1,0]],[[4754,9226],[-2,-1],[0,2],[2,-1]],[[4747,9250],[1,0],[0,-1],[-1,0],[0,1]],[[4748,9246],[-2,-23],[-82,15],[45,132],[39,-124]],[[4685,9302],[0,0]],[[4718,9339],[1,1],[0,-2],[-1,1]],[[4741,9358],[1,-1],[-1,0],[0,1]],[[5257,2813],[0,3],[2,-3],[-2,0]],[[5260,2820],[1,-1],[-2,1],[1,0]],[[5260,2822],[0,1],[1,-2],[-1,1]],[[5261,2826],[-1,0],[0,7],[2,-3],[-1,-4]],[[5263,2890],[0,-1],[0,1]],[[5287,2885],[2,19],[8,4],[3,-13],[-13,-10]],[[5311,2895],[0,0]],[[5311,2896],[0,0]],[[5310,2897],[0,0]],[[5309,2898],[1,-1],[-1,0],[0,1]],[[5337,2928],[-4,3],[-1,1],[5,1],[0,-5]],[[5330,2932],[-1,1],[2,-1],[-1,0]],[[5322,3041],[0,0]],[[5321,3042],[0,0]],[[5317,3043],[0,3],[2,-2],[-1,-3],[-1,2]],[[5275,3051],[0,-1],[-1,0],[1,1]],[[5310,3052],[-1,-1],[0,1],[1,0]],[[5311,3052],[1,-1],[-1,0],[0,1]],[[5309,3055],[0,0]],[[5264,3081],[-1,-1],[0,1],[1,0]],[[5219,3185],[0,-1],[-1,0],[1,1]],[[5262,3192],[0,0]],[[5262,3196],[-1,0],[-1,1],[2,1],[0,-2]],[[5101,3207],[1,0],[-1,-1],[0,1]],[[5123,3225],[0,-2],[-1,1],[1,2],[0,-1]],[[5122,3229],[1,4],[2,-1],[-1,-3],[-2,0]],[[5126,3242],[0,0]],[[5118,3246],[1,0],[-1,-1],[0,1]],[[5123,3243],[-2,7],[5,-1],[0,-7],[-3,1]],[[5120,3247],[0,-1],[-1,0],[0,1],[1,0]],[[5130,3251],[-1,1],[0,1],[1,0],[0,-2]],[[5126,3253],[1,0],[-1,-1],[0,1]],[[5132,3254],[-1,0],[1,1],[0,-1]],[[5127,3256],[0,1],[1,0],[-1,-2],[0,1]],[[5172,3257],[0,0]],[[5174,3258],[0,0]],[[5175,3263],[-2,-4],[-2,2],[1,2],[3,0]],[[5177,3267],[2,-2],[-4,-4],[0,2],[2,4]],[[5180,3268],[0,0]],[[5184,3278],[0,0]],[[5135,3279],[1,1],[-2,-4],[1,3]],[[5202,3283],[0,0]],[[5202,3284],[0,0]],[[5150,3284],[0,2],[1,1],[0,-5],[-1,2]],[[5194,3290],[3,0],[6,-9],[-5,3],[-4,6]],[[5131,3286],[0,0]],[[5132,3287],[0,0]],[[5133,3287],[0,0]],[[5201,3288],[0,0],[0,0]],[[5192,3288],[-2,-1],[-1,1],[2,1],[1,-1]],[[5200,3289],[0,0]],[[5189,3289],[1,0],[-1,-1],[0,1]],[[5199,3290],[0,-1],[-2,2],[2,0],[1,-2],[-1,1]],[[5162,3300],[0,0]],[[5157,3302],[0,0]],[[5153,3303],[2,3],[2,-1],[-3,-4],[-1,2]],[[5168,3305],[0,0]],[[5114,3313],[1,0],[0,-1],[-1,1]],[[5168,3307],[-9,6],[18,13],[-9,-19]],[[5134,3314],[0,0]],[[5115,3314],[-1,1],[1,2],[0,-3]],[[5121,3315],[0,0]],[[5117,3317],[0,0]],[[5118,3319],[1,-1],[-1,0],[0,1]],[[5118,3319],[-1,-1],[0,1],[1,0]],[[5167,3322],[1,1],[-1,-2],[0,1]],[[5590,8144],[-3,-24],[-13,0],[4,33],[12,-9]],[[5576,8154],[-1,0],[1,1],[0,-1]],[[5475,8279],[-1,-2],[-1,0],[1,2],[1,0]],[[5463,8340],[3,14],[4,-4],[1,-15],[-8,5]],[[5434,8398],[0,0]],[[5450,8441],[0,0]],[[5450,8453],[2,-1],[-2,-7],[-2,5],[2,3]],[[5487,8471],[0,0]],[[5487,8472],[0,0]],[[5488,8473],[-1,0],[1,1],[0,-1]],[[5466,8511],[0,1],[1,0],[0,-2],[-1,1]],[[5482,8530],[-1,-1],[0,1],[1,0]],[[5528,8642],[0,0]],[[5542,8643],[0,-2],[-1,3],[1,-1]],[[5553,8640],[-2,3],[5,7],[0,-9],[-3,-1]],[[5516,8650],[1,0],[-1,-1],[0,1]],[[5545,8657],[0,0]],[[5585,8658],[0,3],[1,-1],[-1,-2]],[[5528,8662],[4,30],[13,-12],[-6,-41],[-11,23]],[[5577,8679],[3,-18],[-3,-6],[-7,16],[7,8]],[[5581,8674],[0,0]],[[5585,8673],[-1,2],[2,0],[-1,-2]],[[5558,8677],[-1,-2],[0,4],[1,0],[0,-2]],[[5560,8678],[-2,1],[0,4],[1,-1],[1,-4]],[[5546,8681],[0,0]],[[5546,8681],[1,0],[-1,-1],[0,1]],[[5579,8685],[1,1],[0,-4],[-1,0],[0,3]],[[5587,8688],[0,1],[1,0],[-1,-1]],[[5530,8691],[-1,1],[1,0],[0,-1]],[[5587,8695],[2,-1],[-4,-3],[1,3],[1,1]],[[5562,8704],[1,-3],[-3,2],[1,2],[1,-1]],[[5543,8713],[-1,-1],[0,2],[1,-1]],[[5549,8713],[0,1],[1,-1],[-1,0]],[[5538,8717],[1,-6],[-3,0],[-1,3],[3,3]],[[5536,8747],[0,1],[1,-1],[-1,0]],[[5515,8751],[1,5],[4,-6],[-5,-6],[0,7]],[[5525,8737],[-4,8],[1,31],[11,-22],[-8,-17]],[[5538,8757],[1,1],[3,-8],[-4,1],[0,6]],[[5519,8755],[0,1],[1,1],[0,-1],[-1,-1]],[[5514,8755],[0,2],[1,-2],[-1,0]],[[5536,8756],[0,0]],[[5512,8788],[0,0]],[[5500,8788],[1,-3],[-1,2],[0,1]],[[5557,8794],[1,-1],[-2,-1],[0,2],[1,0]],[[5517,8792],[-1,2],[-1,4],[3,0],[-1,-6]],[[5507,9034],[0,3],[1,1],[0,-2],[-1,-2]],[[5528,9067],[1,-1],[-1,-1],[0,2]],[[5511,9091],[3,2],[-3,-10],[-1,3],[1,5]],[[5506,9111],[1,2],[-1,-3],[0,1]],[[5525,9120],[0,-3],[-6,1],[2,7],[4,-5]],[[5507,9118],[0,-2],[1,9],[0,-2],[-1,-5]],[[5526,9122],[1,-1],[-1,0],[0,1]],[[5508,9133],[0,10],[1,3],[-1,-19],[0,6]],[[5249,9148],[0,-3],[-2,-5],[-1,4],[3,4]],[[5352,9139],[-7,-3],[-3,24],[10,-9],[0,-12]],[[5358,9150],[-1,-5],[-1,7],[2,-2]],[[5360,9154],[3,-2],[1,-6],[-2,0],[-2,8]],[[5518,9152],[0,0]],[[5354,9155],[-1,-1],[-1,3],[1,1],[1,-3]],[[5436,9156],[0,1],[1,0],[-1,-1]],[[5351,9166],[6,3],[5,-6],[-6,-8],[-5,11]],[[5339,9162],[1,-2],[-5,8],[2,0],[2,-6]],[[5522,9163],[13,0],[13,18],[-17,-30],[-9,12]],[[5343,9169],[0,-7],[-3,3],[1,6],[2,-2]],[[5435,9166],[0,0]],[[5549,9178],[0,0]],[[5549,9183],[1,0],[0,-2],[-1,0],[0,2]],[[5255,9186],[-1,-2],[-2,0],[1,3],[2,-1]],[[5550,9188],[1,1],[0,-5],[-1,0],[0,4]],[[5370,9191],[2,6],[9,-3],[-9,-8],[-2,5]],[[5317,9197],[0,0]],[[5444,9174],[43,70],[8,-8],[-21,-55],[-30,-7]],[[5568,9201],[0,-3],[-3,-2],[2,5],[1,0]],[[5253,9205],[0,0]],[[5563,9209],[2,-5],[-9,-3],[7,8]],[[5496,9207],[6,10],[1,-1],[-6,-15],[-1,6]],[[5586,9212],[0,-1],[-2,0],[1,2],[1,-1]],[[5570,9219],[4,14],[-5,-32],[1,18]],[[5510,9232],[0,-3],[-2,-2],[2,9],[0,-4]],[[5577,9235],[2,7],[13,6],[-6,-14],[-9,1]],[[5515,9244],[3,4],[1,-1],[-4,-8],[0,5]],[[5498,9249],[3,-1],[-5,-7],[0,7],[2,1]],[[5407,9251],[0,0]],[[5525,9258],[-3,-4],[2,11],[1,-7]],[[5386,9260],[1,-3],[-2,7],[1,0],[0,-4]],[[5502,9256],[-3,12],[12,8],[-3,-12],[-6,-8]],[[5128,9271],[0,-2],[-1,0],[0,3],[1,-1]],[[5513,9279],[1,-1],[-1,-3],[-1,2],[1,2]],[[5137,9277],[3,16],[10,-10],[-13,-6]],[[5534,9280],[-1,-3],[-2,8],[2,-1],[1,-4]],[[5006,9283],[0,1],[1,-2],[-1,1]],[[5548,9291],[8,10],[-29,-39],[21,29]],[[4959,9290],[1,9],[1,-18],[-3,2],[1,7]],[[5516,9293],[1,0],[-2,-6],[0,4],[1,2]],[[4967,9294],[0,-2],[-1,0],[0,3],[1,-1]],[[4984,9294],[1,5],[3,-5],[-2,-5],[-2,5]],[[4964,9300],[0,0]],[[5521,9305],[0,-3],[-2,-4],[1,6],[1,1]],[[4717,9356],[124,51],[37,-76],[-83,-141],[-78,166]],[[4964,9306],[0,0]],[[4990,9312],[0,-2],[-1,-4],[0,1],[1,5]],[[5556,9305],[2,-1],[13,23],[-6,-23],[-8,-6],[-1,7]],[[5140,9320],[8,8],[4,-16],[-15,-8],[3,16]],[[4937,9322],[-1,0],[-1,3],[1,0],[1,-3]],[[5044,9324],[0,0]],[[5051,9354],[4,-4],[0,-2],[-3,1],[-1,5]],[[4755,9369],[-1,-2],[0,4],[1,-2]],[[5053,9371],[0,0]],[[5043,9380],[2,0],[0,-3],[-2,1],[0,2]],[[5035,9407],[3,1],[-5,-7],[2,6]],[[5026,9410],[-1,-51],[1,112],[0,-61]],[[5071,9422],[0,-9],[-8,6],[1,3],[7,0]],[[4969,9429],[0,0]],[[4983,9432],[0,0]],[[5080,9446],[5,-3],[-2,-6],[-3,9]],[[5066,9448],[-1,-3],[-3,0],[1,4],[3,-1]],[[5007,9454],[-1,1],[1,1],[0,-2]],[[5057,9455],[0,2],[2,5],[-2,-7]],[[5058,9467],[1,5],[-1,-10],[0,5]],[[5088,9488],[-1,-1],[-1,1],[3,1],[-1,-1]],[[6004,7695],[-1,-4],[0,4],[1,0]],[[6010,7690],[-1,6],[5,14],[2,-4],[-6,-16]],[[5977,7708],[1,0],[3,-1],[-2,-1],[-2,2]],[[5993,7695],[-12,9],[14,30],[12,-33],[-14,-6]],[[5960,7720],[3,-9],[-8,16],[1,0],[4,-7]],[[5979,7721],[0,0]],[[5978,7728],[0,0]],[[5953,7730],[0,0]],[[5963,7732],[2,-2],[-2,-2],[0,4]],[[5977,7741],[-1,1],[1,0],[0,-1]],[[5936,7757],[-1,-1],[-3,5],[4,-4]],[[5934,7764],[0,2],[1,2],[0,-3],[-1,-1]],[[5943,7769],[0,-1],[-1,1],[1,0]],[[5947,7780],[-5,-8],[-3,1],[0,9],[8,-2]],[[5945,7789],[0,0]],[[5947,7793],[0,0]],[[5946,7799],[1,-1],[-2,-1],[1,2]],[[5967,7801],[0,-1],[-1,2],[1,-1]],[[5949,7801],[0,0]],[[5951,7807],[-6,-8],[5,24],[2,-2],[-1,-14]],[[6044,7812],[0,0]],[[6044,7813],[0,0]],[[6043,7816],[1,-1],[-2,-1],[0,2],[1,0]],[[5991,7823],[2,-2],[-5,-8],[0,7],[3,3]],[[5990,7824],[0,0]],[[5990,7825],[0,-1],[-1,2],[1,0],[0,-1]],[[6049,7831],[1,-3],[-4,-7],[-1,5],[4,5]],[[5992,7842],[1,0],[0,-1],[-1,1]],[[5992,7855],[0,0]],[[5947,7833],[56,71],[23,-40],[-60,-59],[-19,28]],[[6038,7876],[2,-1],[-1,-1],[-1,2]],[[6026,7875],[-2,5],[4,7],[1,-14],[-3,2]],[[6034,7890],[0,0]],[[5965,7939],[-1,-2],[0,4],[1,-2]],[[5961,7950],[0,0]],[[5654,8057],[0,1],[1,1],[-1,-3],[0,1]],[[5639,8079],[0,0]],[[5637,8082],[-1,2],[1,3],[1,-4],[-1,-1]],[[5606,8086],[-1,0],[0,2],[1,-2]],[[5613,8088],[0,0]],[[5659,8089],[0,1],[1,-1],[-1,0]],[[5617,8091],[-1,-1],[0,1],[1,0]],[[5659,8094],[0,0]],[[5617,8092],[0,4],[4,-1],[-4,-3]],[[5659,8095],[0,0]],[[5628,8098],[0,1],[1,0],[-1,-1]],[[5620,8098],[1,1],[0,-1],[-1,0]],[[5637,8095],[9,42],[9,-75],[-18,33]],[[5607,8099],[0,0]],[[5630,8102],[0,0]],[[5612,8121],[10,-13],[-14,-22],[-1,33],[5,2]],[[5622,8114],[-1,0],[0,1],[1,-1]],[[5607,8116],[-1,1],[0,2],[1,-2],[0,-1]],[[5656,8118],[0,0]],[[5641,8118],[0,0]],[[5656,8122],[-1,0],[0,1],[1,-1]],[[5635,8125],[1,0],[-1,-1],[0,1]],[[5605,8130],[0,0]],[[5632,8130],[0,-1],[-1,-1],[1,3],[0,-1]],[[5613,8131],[2,4],[4,-4],[-4,-3],[-2,3]],[[5642,8131],[-1,1],[1,1],[0,-2]],[[5596,8135],[2,0],[2,-5],[-5,1],[1,4]],[[5600,8136],[-1,-1],[0,1],[1,0]],[[5639,8136],[0,0]],[[5597,8137],[-1,0],[0,1],[1,0],[0,-1]],[[5625,8131],[-2,-12],[5,41],[-3,-29]],[[5624,8140],[-1,0],[0,1],[1,0],[0,-1]],[[5619,8138],[-3,3],[-3,-2],[8,7],[-2,-8]],[[5628,8151],[0,0]],[[5638,8161],[0,1],[1,0],[-1,-1]],[[5633,8162],[0,2],[1,-1],[-1,-1]],[[5638,8493],[-1,1],[1,0],[0,-1]],[[5637,8494],[-2,-1],[0,3],[2,-2]],[[5620,8497],[0,1],[-1,2],[1,-3]],[[5597,8505],[0,0]],[[5639,8510],[1,-2],[-2,2],[1,0]],[[5642,8521],[1,-1],[-2,0],[1,1]],[[5640,8525],[0,-1],[-1,1],[1,1],[0,-1]],[[5640,8531],[-1,-2],[-1,2],[1,1],[1,-1]],[[6289,8546],[0,2],[1,-3],[-1,1]],[[5616,8566],[-1,1],[1,2],[0,-3]],[[5563,8647],[69,16],[6,-156],[-88,17],[13,123]],[[5610,8683],[-3,0],[3,2],[0,-2]],[[5592,8690],[0,0]],[[5597,8694],[3,0],[-2,-8],[-1,8]],[[5631,8689],[-2,0],[3,5],[0,-2],[-1,-3]],[[5590,8691],[0,0]],[[5590,8693],[0,-1],[-1,-2],[0,3],[1,0]],[[5592,8692],[1,1],[-1,-3],[0,2]],[[5593,8693],[1,1],[-1,-5],[0,4]],[[5635,8693],[1,-1],[-2,-1],[0,2],[1,0]],[[5596,8692],[-1,2],[1,1],[0,-3]],[[5592,8694],[0,1],[1,-1],[-1,0]],[[5601,8699],[0,-1],[-1,-1],[0,4],[1,-2]],[[5638,8702],[0,-5],[-4,0],[1,4],[3,1]],[[5602,8704],[1,1],[-1,-5],[-1,2],[1,2]],[[5607,8917],[-1,-1],[1,2],[0,-1]],[[5599,8921],[0,-2],[-1,2],[1,1],[0,-1]],[[5591,8924],[1,2],[1,-3],[-2,1]],[[5632,9099],[1,0],[-1,-1],[0,1]],[[5599,9103],[0,0]],[[5602,9104],[1,0],[-1,-1],[0,1]],[[5599,9105],[0,0]],[[5602,9114],[2,-3],[-1,-5],[0,5],[-1,3]],[[5599,9121],[0,0]],[[5610,9127],[0,-1],[-1,0],[1,1]],[[5616,9147],[4,5],[0,-19],[-3,2],[-1,12]],[[5626,9147],[0,0]],[[5615,9161],[0,0]],[[6332,9174],[0,0]],[[5599,9223],[2,2],[-3,-5],[-3,-1],[4,4]],[[5621,9271],[1,-3],[-4,-1],[2,5],[1,-1]],[[5575,9344],[28,69],[8,44],[-11,-67],[-25,-46]],[[5600,9395],[0,0]],[[5600,9397],[1,0],[0,-1],[-1,1]],[[5600,9424],[1,0],[1,-2],[-2,1],[0,1]],[[5605,9440],[1,0],[1,-1],[-1,-1],[-1,2]],[[5607,9442],[-1,0],[0,1],[1,-1]],[[5610,9461],[1,0],[-2,-5],[-1,4],[2,1]],[[6361,9470],[2,1],[0,-8],[-2,7]],[[6352,9496],[0,0]],[[6351,9505],[0,0]],[[6351,9505],[-1,0],[0,1],[1,0],[0,-1]],[[6377,9530],[0,0]],[[6378,9538],[1,0],[0,-3],[-1,1],[0,2]],[[6383,9539],[0,0]],[[6377,9576],[9,-29],[-18,-17],[-5,30],[14,16]],[[6335,9576],[-1,0],[0,1],[1,0],[0,-1]],[[6372,9578],[-2,-2],[-3,3],[5,3],[0,-4]],[[6377,9581],[-1,3],[4,1],[-1,-2],[-2,-2]],[[6368,9588],[3,3],[-2,-5],[-1,2]],[[6378,9600],[2,-4],[-6,-11],[-1,7],[5,8]],[[6366,9648],[1,-5],[-2,-4],[-1,8],[2,1]],[[6355,9648],[1,1],[-2,-4],[0,3],[1,0]],[[6379,9649],[0,0]],[[6363,9651],[-1,0],[0,1],[1,-1]],[[6360,9660],[0,0]],[[6362,9667],[0,-1],[-1,0],[0,2],[1,-1]],[[6362,9670],[-1,2],[1,0],[0,-2]],[[6357,9674],[1,2],[0,-2],[-1,0]],[[6359,9680],[0,0]],[[6358,9684],[-1,1],[1,-2],[0,1]],[[6369,9687],[0,-2],[-1,3],[1,-1]],[[6357,9686],[-1,1],[1,0],[0,-1]],[[6355,9689],[0,-1],[-1,0],[1,1]],[[6371,9690],[0,-5],[-1,3],[1,2]],[[6368,9693],[0,-1],[-1,-2],[0,2],[1,1]],[[6371,9694],[0,-1],[-1,1],[1,0]],[[6364,9697],[0,-2],[-1,1],[1,1]],[[6362,9710],[1,21],[10,3],[-3,-35],[-8,11]],[[6358,9717],[-1,0],[0,1],[1,-1]],[[6358,9722],[0,0]],[[6360,9725],[0,0]],[[6360,9729],[0,0]],[[6365,9743],[0,0]],[[6381,9758],[0,-1],[-1,1],[1,0]],[[6377,9759],[0,0]],[[6377,9760],[0,0]],[[6377,9762],[0,0]],[[6368,9762],[0,0]],[[6377,9763],[0,0]],[[6372,9761],[-2,5],[5,1],[-2,-7],[-1,1]],[[6370,9764],[0,0]],[[6377,9764],[0,-1],[-1,2],[1,-1]],[[6377,9766],[0,-1],[-1,0],[1,2],[0,-1]],[[6371,9767],[0,0]],[[6370,9766],[-1,1],[0,1],[1,-2]],[[6371,9768],[0,0]],[[6372,9770],[0,0]],[[6370,9770],[0,0]],[[6267,9803],[0,-1],[-1,0],[1,1]],[[6287,9864],[0,0]],[[6287,9892],[0,-2],[0,2]],[[6369,9967],[9,7],[10,-10],[-6,-8],[-13,11]],[[6369,9969],[0,0]],[[6369,9972],[0,0]],[[6370,9975],[2,0],[2,-2],[-5,-4],[1,6]],[[6369,9974],[0,-2]],[[6369,9974],[0,-2]],[[6368,9973],[0,0]],[[6369,9974],[-1,-1]],[[6368,9974],[1,0]],[[6368,9975],[0,-1]],[[6368,9974],[0,-1]],[[6368,9973],[-1,2]],[[6382,9974],[-1,-2],[-1,4],[1,0],[1,-2]],[[6369,9975],[1,0],[0,-1],[-1,1]],[[6369,9974],[0,0]],[[6368,9975],[-1,0]],[[6367,9975],[1,0]],[[6604,1170],[0,1]],[[6604,1171],[0,-1]],[[6604,1173],[0,0]],[[6603,1175],[1,3],[1,-1],[-1,-3],[-1,1]],[[6599,8530],[0,0]],[[6596,8533],[1,0],[0,-3],[-1,1],[0,2]],[[6594,8615],[0,-2],[-1,-1],[0,1],[1,2]],[[6588,8635],[1,1],[0,-3],[-1,0],[0,2]],[[6577,8660],[0,1],[1,1],[0,-1],[-1,-1]],[[6585,8689],[-1,2],[1,1],[0,-3]],[[6589,8695],[0,0]],[[6589,8741],[0,0]],[[6585,8778],[0,0]],[[6571,8805],[1,0],[0,-1],[-1,0],[0,1]],[[6568,8822],[0,0]],[[6569,8829],[-1,0],[1,5],[0,-5]],[[6574,8886],[0,0]],[[6573,8888],[0,0]],[[6574,8889],[0,-1]],[[6574,8888],[0,1]],[[6540,8915],[0,-1],[-2,3],[2,1],[0,-3]],[[6544,8920],[0,-6],[-1,0],[0,5],[1,1]],[[6572,8917],[0,1],[1,-1],[-1,0]],[[6564,8917],[0,0]],[[6565,8917],[0,0]],[[6571,8918],[1,0],[-1,-1],[0,1]],[[6542,8918],[0,0]],[[6543,8918],[-2,0],[0,1],[1,1],[1,-2]],[[6540,8919],[-1,0],[0,1],[1,-2],[0,1]],[[6542,8923],[0,-2]],[[6542,8923],[0,-2]],[[6542,8921],[0,2]],[[6545,8947],[0,1],[1,-1],[-1,0]],[[6543,8954],[1,0],[0,-2],[-1,2]],[[6544,8954],[0,0]],[[6543,8956],[0,0]],[[6553,8993],[-1,0],[1,1],[0,-1]],[[6551,8996],[0,-2],[-1,-1],[0,2],[1,1]],[[6546,9003],[0,0]],[[6551,9027],[5,-6],[1,0],[-3,1],[-3,5]],[[6548,9033],[1,1],[2,-5],[-1,1],[-2,3]],[[6556,9057],[0,0]],[[6544,9088],[0,0]],[[6546,9089],[0,0]],[[6545,9091],[1,-2],[-2,1],[1,1]],[[6520,9102],[-1,0],[0,1],[1,0],[0,-1]],[[6530,9161],[-1,0],[1,2],[0,-2]],[[6521,9175],[1,0],[0,-1],[-1,0],[0,1]],[[6522,9177],[1,-1],[0,-2],[-1,2],[0,1]],[[6518,9178],[0,0]],[[6525,9178],[-1,2],[2,-3],[-1,1]],[[6528,9181],[0,0]],[[6523,9182],[0,0]],[[6525,9183],[0,-1],[-1,0],[1,1]],[[6525,9188],[0,0]],[[6517,9194],[0,0]],[[6555,9196],[-1,0],[1,2],[0,-2]],[[6553,9201],[1,2],[0,-3],[-1,1]],[[6503,9205],[0,0]],[[6527,9214],[0,0]],[[6530,9217],[0,0]],[[6532,9221],[0,0]],[[6501,9238],[-1,1],[-1,2],[2,-1],[0,-2]],[[6487,9248],[0,0]],[[6487,9249],[0,0]],[[6486,9250],[0,0]],[[6484,9252],[0,0]],[[6486,9252],[0,0]],[[6513,9259],[0,0]],[[6479,9291],[0,0]],[[6478,9292],[0,0]],[[6473,9292],[0,0]],[[6491,9322],[1,0],[0,-1],[-2,0],[1,1]],[[6492,9324],[0,0]],[[6492,9333],[0,0]],[[6483,9352],[0,0]],[[6492,9353],[0,0]],[[6496,9354],[0,0]],[[6470,9391],[0,0]],[[6477,9393],[0,-1],[1,-1],[-1,2]],[[6486,9393],[0,1],[1,0],[0,-1],[-1,0]],[[6493,9405],[0,1],[1,0],[-1,-1]],[[6490,9412],[-1,2],[1,-1],[0,-1]],[[6490,9431],[1,0],[-1,-1],[0,1]],[[6453,9455],[0,0]],[[6487,9460],[0,-1],[-1,1],[1,0]],[[6486,9461],[0,0]],[[6454,9462],[0,0]],[[6446,9476],[-2,-2],[-5,13],[5,-2],[2,-9]],[[6436,9484],[-1,0],[-1,2],[2,1],[0,-3]],[[6445,9495],[0,-1],[-1,1],[1,0]],[[6398,9507],[0,1],[-1,-2],[0,2],[1,-1]],[[6396,9507],[0,0]],[[6392,9509],[0,0]],[[6396,9509],[0,0]],[[6401,9530],[0,0]],[[6399,9530],[0,1],[1,2],[0,-1],[-1,-2]],[[6404,9536],[1,2],[0,-1],[-1,-1]],[[6406,9538],[0,0]],[[6429,9544],[4,-1],[1,-7],[-3,2],[-2,6]],[[6403,9545],[2,1],[-4,-12],[0,2],[2,9]],[[6406,9541],[-1,0],[0,1],[1,-1]],[[6435,9542],[-1,1],[0,1],[1,-1],[0,-1]],[[6387,9545],[3,1],[-2,-7],[-1,5],[0,1]],[[6395,9545],[1,-1],[-1,0],[0,1]],[[6399,9545],[0,0]],[[6425,9547],[1,-1],[-1,0],[0,1]],[[6431,9547],[0,0]],[[6431,9548],[0,0]],[[6397,9548],[-1,-1],[1,3],[0,-2]],[[6400,9548],[1,1],[0,-1],[-1,0]],[[6416,9550],[0,0]],[[6386,9552],[0,0]],[[6421,9553],[0,0]],[[6422,9554],[0,0]],[[6441,9558],[0,0]],[[6453,9561],[0,0]],[[6443,9566],[0,0]],[[6437,9572],[4,-3],[-3,-8],[-2,9],[1,2]],[[6439,9571],[0,0]],[[6432,9574],[1,1],[0,-1],[-1,0]],[[6434,9575],[-1,0],[1,1],[0,-1]],[[6386,9585],[7,-11],[-8,-8],[-5,10],[6,9]],[[6437,9578],[0,0]],[[6433,9579],[1,2],[1,-3],[-1,-1],[-1,2]],[[6395,9592],[1,1],[0,-2],[-1,1]],[[6397,9594],[0,-1],[-1,1],[1,0]],[[6391,9602],[0,-7],[-4,4],[4,6],[0,-3]],[[6501,9601],[0,0]],[[6410,9608],[0,0]],[[6410,9617],[0,0]],[[6409,9618],[0,0]],[[6398,9645],[0,0]],[[6463,9678],[1,0],[-1,-1],[0,1]],[[6414,9677],[0,2],[2,2],[-1,-4],[-1,0]],[[6416,9683],[0,0]],[[6462,9691],[1,1],[1,0],[-1,-2],[-1,1]],[[6419,9698],[1,-2],[-1,-1],[-1,3],[1,0]],[[6390,9685],[-13,-3],[1,32],[15,-2],[-3,-27]],[[6442,9702],[0,1],[1,-1],[-1,0]],[[6419,9705],[-1,-1],[0,2],[1,0],[0,-1]],[[6474,9707],[0,0]],[[6475,9708],[0,0]],[[6476,9708],[0,0]],[[6477,9708],[0,0]],[[6463,9709],[0,0]],[[6398,9718],[0,-1],[-1,1],[1,0]],[[6533,9721],[-1,-1],[0,1],[1,0]],[[6396,9721],[0,0]],[[6462,9722],[0,0]],[[6393,9728],[0,0]],[[6384,9729],[0,0]],[[6496,9737],[3,0],[-2,-1],[-1,1]],[[6464,9746],[3,0],[1,-10],[-5,6],[1,4]],[[6492,9752],[0,0]],[[6505,9755],[-1,-1],[-1,1],[2,1],[0,-1]],[[6543,9764],[0,1],[1,0],[0,-1],[-1,0]],[[6527,9763],[1,1],[1,2],[0,-1],[-2,-2]],[[6457,9779],[-2,0],[0,3],[2,-1],[0,-2]],[[6555,9784],[0,1],[1,1],[0,-1],[-1,-1]],[[6543,9789],[0,-1],[-1,1],[1,0]],[[6512,9789],[0,0]],[[6531,9790],[0,0]],[[6476,9796],[1,0],[3,-3],[-6,-3],[2,6]],[[6448,9798],[-1,0],[-1,2],[2,-1],[0,-1]],[[6545,9802],[0,0]],[[6484,9807],[0,0]],[[6436,9816],[-1,5],[3,-1],[0,-3],[-2,-1]],[[6525,9820],[0,-1],[-2,-1],[2,2]],[[6532,9819],[0,1],[1,0],[-1,-1]],[[6544,9824],[2,0],[1,-1],[-3,1]],[[6551,9828],[0,-1],[-2,-3],[1,3],[1,1]],[[6539,9834],[-1,-1],[0,1],[1,0]],[[6548,9841],[0,0]],[[6531,9864],[-1,-2],[-1,0],[1,2],[1,0]],[[6581,9863],[0,0]],[[6596,9874],[2,-4],[-4,-3],[0,4],[2,3]],[[6579,9876],[0,0]],[[6556,9876],[1,2],[1,0],[-2,-3],[0,1]],[[6390,9875],[-5,2],[-2,3],[9,-3],[-2,-2]],[[6564,9893],[0,1],[1,0],[-1,-1]],[[6423,9922],[2,-3],[-3,-5],[-1,7],[2,1]],[[6452,9934],[8,-4],[-29,-6],[7,11],[14,-1]],[[6446,9935],[3,-2],[-8,0],[3,4],[2,-2]],[[6441,9935],[0,-1],[-1,1],[1,1],[0,-1]],[[6617,1033],[0,0]],[[6618,1034],[0,0]],[[6617,1034],[0,0]],[[6617,1035],[0,0]],[[6618,1035],[0,0]],[[6618,1035],[0,-1]],[[6618,1036],[0,0]],[[6622,1037],[0,0]],[[6617,1037],[0,0]],[[6618,1038],[0,0]],[[6616,1039],[0,0]],[[6618,1039],[0,0]],[[6615,1040],[0,0]],[[6614,1041],[0,0]],[[6614,1042],[0,0]],[[6613,1046],[0,0]],[[6612,1046],[0,0]],[[6611,1046],[0,0]],[[6611,1047],[0,0]],[[6610,1047],[0,0]],[[6624,1047],[0,0]],[[6624,1048],[0,0]],[[6625,1048],[0,0]],[[6610,1048],[0,0]],[[6610,1049],[0,-1]],[[6623,1049],[0,0]],[[6611,1049],[0,0]],[[6625,1049],[0,0]],[[6610,1049],[0,0]],[[6610,1050],[0,0]],[[6610,1051],[0,0]],[[6630,1052],[0,0]],[[6610,1052],[0,0]],[[6629,1052],[0,0]],[[6611,1053],[0,0]],[[6610,1053],[0,0]],[[6629,1054],[0,0]],[[6631,1054],[0,0]],[[6609,1054],[0,0]],[[6610,1054],[0,0]],[[6610,1056],[0,0]],[[6610,1057],[0,0]],[[6609,1058],[0,0]],[[6610,1058],[0,0]],[[6610,1059],[0,0]],[[6609,1059],[0,0]],[[6609,1060],[0,0]],[[6609,1061],[0,0]],[[6609,1062],[0,0]],[[6608,1062],[0,0]],[[6608,1063],[0,0]],[[6608,1064],[0,0]],[[6609,1064],[0,0]],[[6612,1067],[0,0]],[[6612,1068],[0,0]],[[6612,1069],[0,0]],[[6612,1070],[0,0]],[[6612,1072],[0,0]],[[6612,1074],[0,0]],[[6612,1075],[0,0]],[[6613,1078],[0,0]],[[6613,1079],[0,0]],[[6612,1079],[0,0]],[[6612,1080],[0,0]],[[6612,1081],[0,0]],[[6612,1082],[0,0]],[[6612,1084],[0,0]],[[6606,1103],[0,0]],[[6605,1103],[0,0]],[[6604,1104],[0,0]],[[6605,1105],[0,0]],[[6605,1109],[0,0]],[[6610,1048],[1,0]],[[6611,1048],[-1,1]],[[6610,1049],[1,0]],[[6611,1049],[9,153],[-9,-154]],[[6607,1158],[0,0]],[[6629,8559],[0,0]],[[6605,8608],[0,0]],[[6605,8622],[0,0]],[[6608,9902],[0,0]],[[6611,9999],[0,0]],[[7192,941],[0,0]],[[7194,955],[0,0]],[[7175,972],[1,-1],[-1,0],[0,1]],[[7193,979],[-2,-4],[-4,0],[4,4],[2,0]],[[7197,982],[0,1],[1,-1],[-1,0]],[[7179,984],[0,0]],[[7167,996],[9,1],[1,-3],[-9,-7],[-1,9]],[[7162,995],[-1,-1],[1,-4],[-2,4],[2,1]],[[7178,994],[0,0]],[[7160,996],[0,-1],[-1,1],[1,0]],[[7178,1000],[0,4],[3,2],[-1,-6],[-2,0]],[[7177,1004],[0,0]],[[7178,1008],[0,0]],[[7177,1030],[1,-3],[-3,-2],[0,3],[2,2]],[[7186,1026],[0,5],[2,-4],[-2,-1]],[[7175,1041],[0,0]],[[7151,1043],[0,0]],[[7182,1044],[0,0]],[[7152,1044],[0,0]],[[7178,1045],[0,0]],[[6632,1050],[0,0]],[[6632,1051],[0,0]],[[6632,1052],[0,0]],[[7175,1053],[0,-2],[-1,-1],[0,4],[1,-1]],[[6632,1055],[0,0]],[[6634,1056],[0,0]],[[6633,1056],[0,0]],[[6633,1057],[0,0]],[[6635,1058],[0,0]],[[7159,1072],[-3,-18],[-5,-3],[6,22],[2,-1]],[[6641,1066],[0,0]],[[6642,1067],[0,0]],[[6642,1068],[0,0]],[[7168,1074],[1,-1],[-1,0],[0,1]],[[6644,1075],[0,0]],[[7216,1011],[-60,102],[13,40],[47,-142]],[[7158,1095],[0,0]],[[7159,1098],[0,-1],[-1,1],[1,0]],[[7158,1099],[0,0]],[[7158,1103],[0,0]],[[7160,1103],[-2,0],[1,1],[1,-1]],[[7159,1107],[-2,0],[1,2],[1,-2]],[[7158,1128],[-1,-1],[0,1],[1,0]],[[6651,1131],[0,0]],[[7165,1133],[0,0]],[[7169,1149],[0,0]],[[7174,1171],[6,1],[2,-4],[-6,-2],[-2,5]],[[7146,1172],[-1,-1],[-1,0],[1,1],[1,0]],[[7189,1176],[0,0]],[[7185,1180],[2,6],[4,-3],[-2,-5],[-4,2]],[[6636,1189],[0,0]],[[6636,1190],[0,0]],[[7067,1219],[0,1],[1,-2],[-1,1]],[[7094,1227],[1,12],[5,-3],[-1,-10],[-5,1]],[[6999,1233],[1,2],[1,1],[-1,-5],[-1,2]],[[7088,1234],[0,7],[4,2],[-1,-10],[-3,1]],[[7102,1242],[1,0],[0,-1],[-1,-1],[0,2]],[[6964,1305],[0,-3],[-1,0],[0,2],[1,1]],[[7047,1308],[2,1],[-2,-6],[0,5]],[[7049,1310],[0,1],[1,0],[-1,-2],[0,1]],[[6986,7197],[0,-3],[-2,5],[2,-2]],[[6983,7200],[0,0]],[[6984,7214],[1,0],[1,-3],[-1,0],[-1,3]],[[7002,7215],[1,0],[0,-1],[-1,1]],[[6987,7216],[-1,1],[1,0],[0,-1]],[[6982,7218],[0,-3],[-1,1],[1,2]],[[6983,7218],[1,-1],[-1,1]],[[6981,7244],[-1,5],[2,-17],[-1,12]],[[6986,7245],[-1,4],[1,2],[1,-10],[-1,4]],[[6978,7266],[-1,9],[1,-29],[0,20]],[[6978,7277],[0,4],[1,3],[1,-5],[-2,-2]],[[6940,7303],[0,0]],[[6955,7336],[0,0]],[[6942,7359],[-2,24],[12,-87],[-33,72],[23,-9]],[[6941,7356],[0,3],[2,-4],[-1,0],[-1,1]],[[6955,7371],[0,0]],[[6929,7386],[0,0]],[[6931,7395],[2,0],[3,-4],[-4,-4],[-1,8]],[[6952,7394],[0,0]],[[6950,7396],[0,0]],[[6949,7396],[0,0]],[[6949,7397],[-1,2],[1,1],[0,-3]],[[6814,8266],[0,0]],[[6811,8268],[0,0]],[[6827,8273],[0,0]],[[6828,8273],[1,0],[-1,-1],[0,1]],[[6828,8274],[0,0]],[[6822,8280],[0,-1],[1,0],[-2,1],[1,0]],[[6821,8280],[0,0]],[[6831,8299],[0,1],[1,-1],[-1,0]],[[6830,8301],[0,0]],[[6835,8345],[0,0]],[[6835,8348],[1,0],[0,-1],[-1,0],[0,1]],[[6842,8356],[1,0],[0,-1],[-2,1],[1,0]],[[6840,8381],[1,-1],[0,-1],[-1,0],[0,2]],[[6780,8382],[0,0]],[[6796,8383],[1,0],[0,-1],[-1,0],[0,1]],[[6795,8382],[-1,1],[1,0],[0,-1]],[[6783,8384],[0,0]],[[6794,8384],[0,0]],[[6797,8387],[0,0]],[[6796,8389],[0,0]],[[6797,8391],[0,0]],[[6833,8392],[-1,0],[0,1],[1,-1]],[[6821,8394],[1,0],[-1,-1],[0,1]],[[6831,8396],[1,0],[0,-2],[-1,0],[0,2]],[[6834,8395],[0,0]],[[6832,8403],[3,1],[0,-7],[-4,1],[1,5]],[[6804,8405],[0,2],[1,-1],[-1,-1]],[[6758,8421],[1,-2],[0,-1],[-1,2],[0,1]],[[6753,8433],[0,-1],[-1,2],[1,-1]],[[6728,8434],[0,0]],[[6756,8435],[0,0]],[[6755,8435],[0,0]],[[6750,8437],[0,0]],[[6768,8439],[0,0],[0,0]],[[6764,8444],[2,0],[-2,-1],[0,1]],[[6756,8449],[0,1],[1,-2],[-1,1]],[[6736,8448],[-1,1],[0,1],[1,0],[0,-2]],[[6762,8450],[3,3],[2,-5],[-1,-1],[-4,3]],[[6735,8451],[0,0]],[[6726,8458],[0,0]],[[6753,8461],[0,1],[1,-2],[-1,1]],[[6753,8470],[0,0]],[[6753,8469],[0,0]],[[6741,8471],[2,1],[-1,-3],[-1,2]],[[6752,8471],[0,0]],[[6752,8475],[0,-1],[-1,0],[0,1],[1,0]],[[6755,8479],[0,0]],[[6720,8495],[-1,1],[1,0],[0,-1]],[[6719,8496],[0,0]],[[6748,8503],[0,0]],[[6678,8516],[0,0]],[[6678,8522],[-1,-1],[0,1],[1,0]],[[6709,8528],[0,0]],[[6665,8528],[-3,3],[5,1],[-2,-4]],[[6660,8536],[0,-3],[-4,-5],[3,8],[1,0]],[[6663,8535],[1,-1],[-1,0],[0,1]],[[6662,8535],[0,0]],[[6752,8538],[0,0]],[[6703,8542],[0,0]],[[6704,8542],[0,0]],[[6664,8548],[2,1],[2,-11],[-7,4],[3,6]],[[6696,8547],[0,0]],[[6696,8548],[0,0]],[[6662,8555],[4,-3],[-9,-10],[3,15],[2,-2]],[[6696,8552],[0,0]],[[6696,8555],[0,0]],[[6702,8558],[0,0]],[[6700,8560],[0,0]],[[6702,8560],[1,0],[-1,1],[0,2],[1,-2],[0,-2],[-1,1]],[[6674,8568],[2,1],[-2,-4],[0,3]],[[6664,8573],[0,0]],[[6664,8574],[0,0]],[[6666,8580],[0,-1],[-1,2],[1,-1]],[[6633,9292],[0,0]],[[6634,9766],[-1,-1],[0,2],[1,-1]],[[6632,9768],[1,-2],[-2,2],[1,0]],[[6635,9773],[-1,3],[3,2],[0,-3],[-2,-2]],[[7208,916],[0,0]],[[7207,917],[0,0]],[[7224,919],[0,0]],[[7205,922],[0,1],[1,-1],[-1,0]],[[7206,924],[0,0]],[[7206,933],[14,3],[5,6],[-7,-32],[-12,23]],[[7233,935],[1,2],[0,-7],[-1,0],[0,5]],[[7238,937],[1,-6],[0,-1],[-3,6],[2,1]],[[7200,939],[1,-1],[-1,0],[0,1]],[[7199,942],[-2,2],[4,-4],[-2,2]],[[7259,956],[1,0],[0,-1],[-1,1]],[[7195,977],[41,20],[22,-42],[-59,-5],[-4,27]],[[7219,989],[0,0]],[[7219,991],[0,0]],[[7233,994],[0,-1],[1,0],[-1,-1],[0,2]],[[7205,996],[1,-1],[0,-4],[-2,0],[1,5]],[[7235,995],[0,0]],[[7209,995],[1,2],[3,0],[0,-2],[-4,0]],[[7206,997],[-1,-1],[0,1],[1,0]],[[7199,997],[0,0]],[[7200,998],[0,0]],[[7230,1003],[1,4],[5,-9],[-6,0],[0,5]],[[7229,1007],[0,0]],[[7218,1009],[2,0],[0,-2],[-1,-1],[-1,3]],[[7224,1009],[-2,2],[5,-4],[-3,2]],[[7224,1014],[0,0]],[[7224,1015],[0,0]],[[7224,1015],[2,2],[1,-2],[-1,-1],[-2,1]],[[7228,1016],[0,0]],[[7227,1017],[0,0]],[[7229,1056],[0,0]],[[7230,1058],[0,0]],[[7230,1059],[0,0]],[[7230,1060],[0,0]],[[7240,1093],[1,0],[0,-1],[-1,1]],[[7224,1095],[0,0]],[[7241,1096],[0,-2],[-2,1],[1,1],[1,0]],[[7235,1096],[1,5],[3,-6],[-4,-2],[0,3]],[[7414,6242],[0,0]],[[7413,6243],[-2,4],[0,2],[1,-1],[1,-5]],[[7416,6268],[1,0],[0,-1],[-1,1]],[[7423,6287],[0,0]],[[7424,6288],[0,0]],[[7412,6291],[-2,-6],[-1,2],[2,5],[1,-1]],[[7424,6291],[0,-3],[-2,5],[2,-2]],[[7422,6295],[0,0]],[[7423,6295],[0,0]],[[7414,6296],[1,-1],[-1,0],[0,1]],[[7412,6296],[0,-1],[-1,0],[0,1],[1,0]],[[7423,6297],[0,0]],[[7423,6298],[0,0]],[[7421,6303],[1,1],[0,-3],[-1,2]],[[7443,6326],[-1,0],[1,3],[0,-3]],[[7443,6333],[0,-2],[-1,-2],[0,3],[1,1]],[[7398,6335],[2,0],[1,-3],[-5,2],[2,1]],[[7443,6334],[0,0]],[[7441,6337],[0,0]],[[7424,6363],[1,-1],[-2,2],[1,-1]],[[7424,6365],[1,0],[-1,-1],[0,1]],[[7440,6377],[0,-1],[-1,2],[1,-1]],[[7420,6377],[0,0]],[[7401,6398],[0,0]],[[7439,6398],[0,0]],[[7400,6399],[-1,-2],[0,3],[1,-1]],[[7431,6425],[0,0]],[[7387,6431],[0,0]],[[7385,6435],[0,0]],[[7424,6435],[-1,0],[0,1],[1,0],[0,-1]],[[7395,6441],[0,0]],[[7430,6443],[1,2],[0,-5],[-1,1],[0,2]],[[7400,6450],[0,0]],[[7423,6465],[0,0]],[[7376,6479],[0,0]],[[7426,6480],[-2,3],[0,2],[4,-6],[-2,1]],[[7373,6488],[0,0]],[[7407,6563],[0,0]],[[7441,6576],[1,-1],[-3,1],[1,1],[1,-1]],[[7434,6588],[0,0]],[[7396,6590],[0,0]],[[7397,6592],[0,0]],[[7391,6594],[1,6],[3,-3],[-5,-9],[1,6]],[[7385,6599],[4,3],[1,-8],[-5,5]],[[7417,6607],[-3,-2],[-2,5],[3,6],[2,-9]],[[7371,6627],[-3,-4],[-3,5],[4,3],[2,-4]],[[7368,6632],[0,0]],[[7370,6638],[2,-1],[1,-7],[-4,2],[1,6]],[[7387,6637],[-2,2],[3,-1],[-1,-1]],[[7418,6640],[-1,-4],[-1,2],[2,2]],[[7368,6643],[0,0]],[[7353,6643],[0,0]],[[7396,6650],[2,-3],[-1,-2],[-1,5]],[[7363,6650],[0,0]],[[7350,6655],[0,0]],[[7351,6658],[-1,0],[0,1],[1,-1]],[[7360,6659],[0,0]],[[7359,6660],[-1,0],[0,3],[2,-1],[-1,-2]],[[7344,6665],[0,0]],[[7351,6666],[2,3],[1,-5],[-4,-4],[1,6]],[[7355,6666],[3,1],[-1,-5],[-2,4]],[[7350,6665],[0,0]],[[7340,6670],[0,0]],[[7322,6670],[0,0]],[[7352,6673],[0,0]],[[7339,6674],[-1,0],[0,3],[1,-1],[0,-2]],[[7342,6672],[1,-2],[-5,12],[4,-10]],[[7341,6680],[-1,1],[1,0],[0,-1]],[[7312,6683],[-1,-1],[0,4],[2,-2],[-1,-1]],[[7339,6684],[1,0],[0,-1],[-1,0],[0,1]],[[7357,6688],[0,0]],[[7313,6688],[0,2],[1,-4],[-1,2]],[[7346,6692],[0,0]],[[7311,6693],[0,1],[1,-1],[-1,-1],[0,1]],[[7348,6703],[0,0]],[[7345,6703],[1,3],[2,-2],[-4,-1],[1,0]],[[7343,6708],[0,-1],[-1,0],[1,1]],[[7343,6710],[-1,-1],[-1,3],[1,0],[1,-2]],[[7343,6715],[0,0]],[[7305,6716],[0,0]],[[7346,6719],[0,0]],[[7339,6711],[-3,5],[6,19],[3,-13],[-6,-11]],[[7347,6725],[2,1],[0,-4],[-1,2],[-1,1]],[[7335,6724],[0,2],[1,0],[-1,-1],[0,-1]],[[7346,6727],[-1,0],[0,1],[1,-1]],[[7334,6734],[3,2],[2,-6],[-4,-2],[-1,6]],[[7345,6735],[0,0]],[[7309,6738],[0,0]],[[7343,6738],[-1,-2],[1,4],[0,-2]],[[7331,6738],[0,1],[1,-1],[-1,0]],[[7335,6739],[1,-1],[-2,1],[1,0]],[[7309,6738],[-1,1],[1,0],[0,-1]],[[7333,6740],[0,0]],[[7335,6746],[0,-2],[-1,4],[1,-2]],[[7316,6750],[-1,0],[-1,5],[1,-1],[1,-4]],[[7322,6754],[-2,0],[0,10],[2,-10]],[[7330,6759],[0,0]],[[7309,6761],[3,-8],[1,-6],[-3,23],[-1,-9]],[[7329,6758],[0,2],[1,-1],[-1,-1]],[[7348,6758],[-1,1],[0,3],[1,-1],[0,-3]],[[7325,6766],[0,0]],[[7320,6770],[0,0]],[[7344,6772],[0,0]],[[7341,6773],[-1,-1],[0,2],[1,-1]],[[7304,6774],[0,0]],[[7302,6775],[0,-1],[-1,1],[1,0]],[[7301,6776],[0,0]],[[7303,6774],[-1,2],[0,1],[1,-1],[0,-2]],[[7302,6778],[0,0]],[[7309,6779],[0,0]],[[7308,6780],[0,1],[1,-1],[-1,0]],[[7343,6778],[-3,-2],[5,13],[-2,-9],[0,-2]],[[7345,6784],[1,-2],[0,-1],[-1,3]],[[7346,6782],[1,0],[0,-2],[-1,2]],[[7309,6783],[-1,-3],[-2,-1],[1,8],[2,-4]],[[7348,6782],[-1,1],[1,2],[0,-3]],[[7310,6785],[0,-2],[-1,2],[1,0]],[[7317,6783],[1,5],[1,0],[0,-5],[-2,0]],[[7304,6788],[0,1],[1,-1],[-1,-2],[0,2]],[[7307,6788],[-1,1],[1,1],[0,-2]],[[7355,6790],[0,0]],[[7330,6772],[-12,5],[7,39],[5,-44]],[[7352,6792],[0,0]],[[7353,6793],[0,0]],[[7350,6794],[0,0]],[[7336,6793],[0,1],[1,0],[-1,-1]],[[7304,6799],[2,-3],[0,-5],[-1,3],[-1,5]],[[7350,6795],[0,1],[1,-1],[-1,0]],[[7346,6804],[0,0]],[[7332,6811],[-1,-1],[1,2],[0,-1]],[[7336,6816],[0,-8],[-3,7],[3,1]],[[7341,6814],[-1,2],[1,0],[0,-2]],[[7272,6819],[0,0]],[[7276,6819],[0,-2],[-2,0],[1,4],[1,-2]],[[7325,6834],[-4,-24],[-6,2],[2,29],[8,-7]],[[7289,6830],[1,1],[0,-2],[-1,1]],[[7291,6831],[-1,1],[2,0],[-1,-1]],[[7270,6831],[0,3],[1,-3],[-1,0]],[[7282,6831],[-1,1],[1,2],[0,-3]],[[7275,6833],[0,0],[0,0]],[[7315,6837],[0,0]],[[7313,6838],[0,0]],[[7313,6844],[0,0]],[[7313,6847],[1,3],[2,-7],[-2,0],[-1,4]],[[7278,6857],[0,0]],[[8745,3509],[0,0]],[[8744,3532],[6,-13],[-5,-10],[-5,24],[4,-1]],[[8750,3526],[0,0]],[[8743,3527],[0,1],[1,0],[0,-1],[-1,0]],[[8744,3535],[0,0]],[[8745,3536],[0,0]],[[8745,3537],[0,0]],[[8744,3537],[0,0]],[[8744,3538],[1,0],[0,-1],[-1,1]],[[8745,3539],[0,0]],[[8745,3541],[0,0]],[[9992,4221],[0,0]],[[9992,4223],[0,4],[3,-1],[-3,-4],[0,1]],[[9992,4227],[0,0]],[[9993,4228],[0,0]],[[9994,4239],[0,0]],[[9994,4239],[0,1],[1,0],[-1,-1]],[[9991,4242],[0,0]],[[9994,4242],[0,0]],[[9993,4243],[1,0],[0,-1],[-1,1]],[[9998,4244],[0,0]],[[9999,4246],[0,0]],[[9999,4247],[0,0]],[[9988,4248],[0,0]],[[9999,4248],[0,0]],[[9999,4251],[0,0]],[[9999,4249],[0,-1]],[[9999,4248],[0,1]],[[9998,4253],[0,0]],[[9988,4254],[0,0]],[[9988,4255],[0,0]],[[9988,4257],[0,0]],[[9994,4257],[0,0]],[[9993,4258],[0,1],[1,0],[-1,-1]],[[9993,4259],[0,0]],[[9992,4259],[0,0]],[[9991,4259],[0,0]],[[9992,4260],[0,0]],[[9989,4261],[0,0]],[[9989,4262],[0,0]],[[7611,6073],[0,-2],[-1,1],[0,1],[1,0]],[[7606,6094],[0,0]],[[7559,6188],[0,0]],[[7455,6206],[1,1],[0,-1],[-1,0]],[[7456,6209],[-1,-2],[-1,2],[2,1],[0,-1]],[[7455,6215],[1,-5],[-3,4],[2,1]],[[7458,6209],[-2,2],[3,6],[0,-3],[-1,-5]],[[7514,6215],[2,0],[-3,-4],[0,3],[1,1]],[[7457,6214],[-1,-1],[-1,2],[2,0],[0,-1]],[[7511,6215],[0,0]],[[7453,6216],[0,0]],[[7518,6217],[0,0]],[[7508,6218],[1,0],[1,-1],[-2,0],[0,1]],[[7518,6217],[0,1]],[[7518,6217],[0,1]],[[7523,6221],[0,0]],[[7453,6223],[0,1],[1,0],[-1,-1]],[[7523,6224],[0,0]],[[7461,6224],[0,1],[1,-1],[-1,0]],[[7521,6227],[0,0]],[[7521,6229],[0,0]],[[7461,6229],[-1,-4],[0,7],[1,-3]],[[7462,6235],[-1,1],[0,2],[1,-2],[0,-1]],[[7450,6240],[0,0]],[[7452,6242],[0,0]],[[7453,6240],[1,23],[4,5],[-1,-53],[-4,25]],[[7462,6242],[0,1],[1,1],[0,-1],[-1,-1]],[[7476,6252],[-2,-6],[-11,-12],[1,10],[12,8]],[[7565,6258],[1,-1],[-1,-1],[0,2]],[[7459,6266],[0,0]],[[7470,6267],[-1,0],[0,1],[1,-1]],[[7485,6270],[0,0]],[[7467,6273],[0,0]],[[7534,6272],[0,0]],[[7448,6273],[1,1],[0,-1],[-1,0]],[[7485,6274],[0,0]],[[7485,6275],[0,0]],[[7562,6275],[0,0]],[[7447,6276],[0,0]],[[7513,6276],[-1,-1],[0,2],[1,-1]],[[7523,6278],[0,-2],[-2,3],[1,1],[1,-2]],[[7446,6279],[0,0]],[[7525,6279],[0,0]],[[7494,6280],[0,0]],[[7524,6281],[0,0]],[[7561,6280],[0,1],[1,2],[0,-3],[-1,0]],[[7452,6283],[2,2],[-5,-3],[3,1]],[[7524,6283],[0,1],[1,-2],[-1,0],[0,1]],[[7456,6285],[0,0]],[[7490,6285],[0,-2],[-2,0],[1,4],[1,-2]],[[7491,6285],[0,0]],[[7565,6286],[0,0]],[[7445,6287],[0,-3],[-2,4],[2,-1]],[[7496,6286],[-2,-4],[-2,9],[4,0],[0,-5]],[[7493,6288],[0,-1],[-1,1],[1,0]],[[7497,6288],[0,0]],[[7491,6288],[0,0]],[[7553,6289],[0,0]],[[7454,6289],[0,0]],[[7498,6289],[0,0]],[[7524,6291],[0,1],[1,-1],[-1,0]],[[7456,6292],[0,0]],[[7493,6292],[0,0]],[[7490,6295],[2,-1],[0,-5],[-2,6]],[[7499,6293],[0,0]],[[7568,6299],[0,-6],[-2,0],[1,2],[1,4]],[[7490,6296],[-1,0],[1,1],[0,-1]],[[7569,6297],[0,0]],[[7488,6298],[1,0],[0,-1],[-1,0],[0,1]],[[7488,6298],[0,0]],[[7568,6300],[0,0]],[[7485,6301],[0,0]],[[7489,6300],[-1,0],[0,1],[1,0],[0,-1]],[[7568,6301],[0,0]],[[7487,6308],[0,-6],[-1,4],[1,2]],[[7502,6307],[0,0]],[[7444,6330],[-1,-1],[0,1],[1,0]],[[7445,6334],[1,-1],[0,-3],[-1,2],[0,2]],[[7532,6349],[-1,0],[1,1],[0,-1]],[[7533,6351],[0,0]],[[7533,6351],[-1,0],[0,1],[1,0],[0,-1]],[[7531,6352],[0,0]],[[7531,6353],[0,1]],[[7531,6353],[0,1]],[[7529,6354],[0,0]],[[7511,6356],[0,0]],[[7520,6357],[-3,-8],[-4,8],[9,8],[-2,-8]],[[7515,6360],[0,0]],[[7511,6374],[0,0]],[[7510,6375],[-1,-1],[0,1],[1,0]],[[7511,6375],[0,0]],[[7511,6376],[0,0]],[[7519,6377],[0,0]],[[7512,6378],[0,0]],[[7521,6378],[0,0]],[[7513,6378],[0,0]],[[7518,6378],[-1,2],[0,2],[3,-3],[-2,-1]],[[7502,6382],[0,0]],[[7448,6383],[1,-2],[-1,-1],[-1,5],[1,-2]],[[7502,6383],[-1,-1],[2,1],[-1,0]],[[7503,6384],[0,0]],[[7518,6383],[0,1],[1,1],[0,-1],[-1,-1]],[[7503,6385],[0,0]],[[7505,6380],[1,13],[7,-13],[-4,-5],[-4,5]],[[7444,6391],[0,0]],[[7446,6397],[0,1],[1,-1],[-1,0]],[[7444,6398],[1,-1],[-5,-2],[3,6],[1,-3]],[[7452,6397],[-1,2],[1,-1],[0,-1]],[[7444,6406],[0,0]],[[7492,6418],[0,0]],[[7492,6422],[1,-2],[-1,-1],[0,3]],[[7507,6421],[2,3],[1,-1],[-3,-4],[-2,4],[2,-2]],[[7458,6427],[0,3],[1,-1],[-1,-2]],[[7456,6431],[0,-3],[-1,0],[1,4],[0,-1]],[[7460,6429],[-1,1],[0,1],[1,0],[0,-2]],[[7507,6432],[0,0]],[[7508,6434],[2,-1],[0,-1],[-1,-2],[-1,4]],[[7458,6431],[0,3],[1,-2],[-1,-1]],[[7514,6436],[0,0]],[[7514,6437],[0,0]],[[7454,6437],[0,1],[1,-1],[-1,0]],[[7453,6439],[0,0]],[[7451,6443],[-2,0],[-1,1],[1,1],[2,-2]],[[7446,6447],[0,-1],[-1,1],[1,0]],[[7447,6465],[1,-2],[0,-2],[-2,4],[1,0]],[[7446,6466],[1,0],[-1,-1],[0,1]],[[7462,6542],[-1,0],[0,1],[1,0],[0,-1]],[[7457,6571],[1,-4],[-2,-1],[0,5],[1,0]]]}