{
"type": "FeatureCollection",
"name": "vic_pha_boundaries",
"crs": { "type": "name", "properties": { "name": "urn:ogc:def:crs:OGC:1.3:CRS84" } },
"features": [
{ "type": "Feature", "properties": { "pha_code": 20000.0, "pha_name": "Brunswick West/ Pascoe Vale South" }, "geometry": { "type": "Polygon", "coordinates": [ [ [ 144.934, -37.759 ], [ 144.927, -37.752 ], [ 144.935, -37.744 ], [ 144.929, -37.734 ], [ 144.949, -37.736 ], [ 144.949, -37.777 ], [ 144.937, -37.778 ], [ 144.934, -37.759 ] ] ] } },
{ "type": "Feature", "properties": { "pha_code": 20001.0, "pha_name": "Brunswick/ Brunswick East" }, "geometry": { "type": "Polygon", "coordinates": [ [ [ 144.949, -37.77 ], [ 144.956, -37.754 ], [ 144.98, -37.757 ], [ 144.987, -37.774 ], [ 144.973, -37.78 ], [ 144.949, -37.777 ], [ 144.949, -37.77 ] ] ] } },
{ "type": "Feature", "properties": { "pha_code": 20002.0, "pha_name": "Coburg" }, "geometry": { "type": "Polygon", "coordinates": [ [ [ 144.964, -37.734 ], [ 144.983, -37.736 ], [ 144.98, -37.757 ], [ 144.946, -37.753 ], [ 144.949, -37.733 ], [ 144.964, -37.734 ] ] ] } },
{ "type": "Feature", "properties": { "pha_code": 20003.0, "pha_name": "Alphington - Fairfield/ Northcote" }, "geometry": { "type": "Polygon", "coordinates": [ [ [ 145.001, -37.763 ], [ 145.032, -37.767 ], [ 145.037, -37.771 ], [ 145.036, -37.779 ], [ 144.998, -37.786 ], [ 144.98, -37.757 ], [ 145.001, -37.763 ] ], [ [ 145.035, -37.772 ], [ 145.034, -37.772 ], [ 145.034, -37.773 ], [ 145.035, -37.773 ], [ 145.035, -37.772 ] ] ] } },
{ "type": "Feature", "properties": { "pha_code": 20004.0, "pha_name": "Thornbury" }, "geometry": { "type": "Polygon", "coordinates": [ [ [ 144.98, -37.755 ], [ 144.981, -37.75 ], [ 145.029, -37.755 ], [ 145.031, -37.767 ], [ 144.98, -37.755 ] ] ] } },
{ "type": "Feature", "properties": { "pha_code": 20005.0, "pha_name": "Ascot Vale" }, "geometry": { "type": "MultiPolygon", "coordinates": [ [ [ [ 144.904, -37.789 ], [ 144.903, -37.79 ], [ 144.903, -37.788 ], [ 144.904, -37.788 ], [ 144.904, -37.789 ] ] ], [ [ [ 144.9, -37.77 ], [ 144.935, -37.773 ], [ 144.937, -37.778 ], [ 144.922, -37.784 ], [ 144.914, -37.779 ], [ 144.904, -37.788 ], [ 144.897, -37.78 ], [ 144.9, -37.77 ] ] ] ] } },
{ "type": "Feature", "properties": { "pha_code": 20006.0, "pha_name": "Essendon - Aberfeldie/ Moonee Ponds" }, "geometry": { "type": "Polygon", "coordinates": [ [ [ 144.902, -37.769 ], [ 144.889, -37.762 ], [ 144.893, -37.735 ], [ 144.934, -37.745 ], [ 144.927, -37.752 ], [ 144.935, -37.753 ], [ 144.937, -37.774 ], [ 144.902, -37.769 ] ] ] } },
{ "type": "Feature", "properties": { "pha_code": 20007.0, "pha_name": "Flemington" }, "geometry": { "type": "Polygon", "coordinates": [ [ [ 144.922, -37.784 ], [ 144.934, -37.777 ], [ 144.94, -37.788 ], [ 144.918, -37.784 ], [ 144.922, -37.784 ] ] ] } },
{ "type": "Feature", "properties": { "pha_code": 20008.0, "pha_name": "Carlton" }, "geometry": { "type": "Polygon", "coordinates": [ [ [ 144.965, -37.793 ], [ 144.976, -37.793 ], [ 144.973, -37.808 ], [ 144.958, -37.804 ], [ 144.965, -37.793 ] ] ] } },
{ "type": "Feature", "properties": { "pha_code": 20009.0, "pha_name": "Docklands/ Southbank" }, "geometry": { "type": "MultiPolygon", "coordinates": [ [ [ [ 144.987, -37.83 ], [ 144.987, -37.829 ], [ 144.988, -37.83 ], [ 144.987, -37.83 ] ] ], [ [ [ 144.98, -37.826 ], [ 144.987, -37.828 ], [ 144.984, -37.834 ], [ 144.928, -37.82 ], [ 144.906, -37.823 ], [ 144.905, -37.813 ], [ 144.911, -37.8 ], [ 144.926, -37.799 ], [ 144.956, -37.823 ], [ 144.972, -37.819 ], [ 144.98, -37.826 ] ] ] ] } },
{ "type": "Feature", "properties": { "pha_code": 20010.0, "pha_name": "East Melbourne/ South Yarra - West" }, "geometry": { "type": "MultiPolygon", "coordinates": [ [ [ [ 144.979, -37.834 ], [ 144.988, -37.83 ], [ 144.984, -37.851 ], [ 144.973, -37.83314285714286 ], [ 144.979, -37.834 ] ] ], [ [ [ 144.973, -37.808 ], [ 144.991, -37.81 ], [ 144.988, -37.83 ], [ 144.968, -37.82 ], [ 144.973, -37.808 ] ] ] ] } },
{ "type": "Feature", "properties": { "pha_code": 20011.0, "pha_name": "Flemington Racecourse/ Kensington" }, "geometry": { "type": "Polygon", "coordinates": [ [ [ 144.922, -37.787 ], [ 144.937, -37.789 ], [ 144.936, -37.802 ], [ 144.903, -37.791 ], [ 144.914, -37.779 ], [ 144.922, -37.787 ] ] ] } },
{ "type": "Feature", "properties": { "pha_code": 20012.0, "pha_name": "Melbourne CBD" }, "geometry": { "type": "Polygon", "coordinates": [ [ [ 144.952, -37.815 ], [ 144.956, -37.806 ], [ 144.972, -37.808 ], [ 144.975, -37.815 ], [ 144.957, -37.823 ], [ 144.952, -37.815 ] ] ] } },
{ "type": "Feature", "properties": { "pha_code": 20013.0, "pha_name": "North Melbourne/ West Melbourne - Residential" }, "geometry": { "type": "Polygon", "coordinates": [ [ [ 144.956, -37.808 ], [ 144.944, -37.81 ], [ 144.936, -37.802 ], [ 144.937, -37.789 ], [ 144.955, -37.799 ], [ 144.956, -37.808 ] ] ] } },
{ "type": "Feature", "properties": { "pha_code": 20014.0, "pha_name": "Parkville" }, "geometry": { "type": "Polygon", "coordinates": [ [ [ 144.939, -37.782 ], [ 144.938, -37.776 ], [ 144.96, -37.778 ], [ 144.964, -37.8 ], [ 144.955, -37.8 ], [ 144.939, -37.782 ] ] ] } },
{ "type": "Feature", "properties": { "pha_code": 20015.0, "pha_name": "Albert Park" }, "geometry": { "type": "Polygon", "coordinates": [ [ [ 144.968, -37.837 ], [ 144.976, -37.836 ], [ 144.979, -37.853 ], [ 144.966, -37.858 ], [ 144.943, -37.846 ], [ 144.968, -37.837 ] ] ] } },
{ "type": "Feature", "properties": { "pha_code": 20016.0, "pha_name": "Elwood" }, "geometry": { "type": "Polygon", "coordinates": [ [ [ 144.977, -37.883 ], [ 144.975, -37.876 ], [ 144.989, -37.871 ], [ 144.997, -37.884 ], [ 144.991, -37.892 ], [ 144.977, -37.883 ] ] ] } },
{ "type": "Feature", "properties": { "pha_code": 20017.0, "pha_name": "Port Melbourne/ Port Melbourne Industrial" }, "geometry": { "type": "Polygon", "coordinates": [ [ [ 144.949, -37.835 ], [ 144.943, -37.846 ], [ 144.914, -37.841 ], [ 144.913, -37.85 ], [ 144.906, -37.839 ], [ 144.907, -37.849 ], [ 144.897, -37.839 ], [ 144.905, -37.823 ], [ 144.917, -37.82 ], [ 144.957, -37.828 ], [ 144.949, -37.835 ] ] ] } },
{ "type": "Feature", "properties": { "pha_code": 20018.0, "pha_name": "South Melbourne" }, "geometry": { "type": "Polygon", "coordinates": [ [ [ 144.952, -37.833 ], [ 144.962, -37.828 ], [ 144.972, -37.834 ], [ 144.947, -37.841 ], [ 144.952, -37.833 ] ] ] } },
{ "type": "Feature", "properties": { "pha_code": 20019.0, "pha_name": "St Kilda" }, "geometry": { "type": "Polygon", "coordinates": [ [ [ 144.994, -37.858 ], [ 145.011, -37.86 ], [ 145.009, -37.868 ], [ 145.0, -37.866 ], [ 144.997, -37.884 ], [ 144.989, -37.871 ], [ 144.974, -37.876 ], [ 144.966, -37.857 ], [ 144.982, -37.85 ], [ 144.994, -37.858 ] ] ] } },
{ "type": "Feature", "properties": { "pha_code": 20020.0, "pha_name": "Armadale/ Toorak" }, "geometry": { "type": "Polygon", "coordinates": [ [ [ 145.012, -37.853 ], [ 145.003, -37.848 ], [ 145.006, -37.832 ], [ 145.033, -37.837 ], [ 145.028, -37.866 ], [ 145.011, -37.86 ], [ 145.012, -37.853 ] ] ] } },
{ "type": "Feature", "properties": { "pha_code": 20021.0, "pha_name": "Prahran - Windsor/ South Yarra" }, "geometry": { "type": "Polygon", "coordinates": [ [ [ 145.008, -37.849 ], [ 145.011, -37.86 ], [ 144.983, -37.856 ], [ 144.988, -37.83 ], [ 145.006, -37.831 ], [ 145.008, -37.849 ] ] ] } },
{ "type": "Feature", "properties": { "pha_code": 20022.0, "pha_name": "Abbotsford/ Yarra - North" }, "geometry": { "type": "MultiPolygon", "coordinates": [ [ [ [ 145.012, -37.811 ], [ 145.015, -37.81 ], [ 145.016, -37.812 ], [ 145.01, -37.811 ], [ 145.012, -37.811 ] ] ], [ [ [ 144.993, -37.8 ], [ 144.985, -37.792 ], [ 145.001, -37.783 ], [ 145.045, -37.784 ], [ 145.041, -37.79 ], [ 145.013, -37.786 ], [ 145.02, -37.804 ], [ 144.999, -37.797 ], [ 145.008, -37.803 ], [ 144.999, -37.806 ], [ 145.01, -37.811 ], [ 144.991, -37.81 ], [ 144.993, -37.8 ] ] ], [ [ [ 145.039, -37.779 ], [ 145.039, -37.78 ], [ 145.038, -37.78 ], [ 145.038, -37.779 ], [ 145.039, -37.779 ] ] ] ] } },
{ "type": "Feature", "properties": { "pha_code": 20023.0, "pha_name": "Carlton North - Princes Hill/ Fitzroy North" }, "geometry": { "type": "Polygon", "coordinates": [ [ [ 144.96, -37.783 ], [ 144.978, -37.78 ], [ 144.979, -37.773 ], [ 144.996, -37.787 ], [ 144.964, -37.793 ], [ 144.96, -37.783 ] ] ] } },
{ "type": "Feature", "properties": { "pha_code": 20024.0, "pha_name": "Collingwood/ Fitzroy" }, "geometry": { "type": "Polygon", "coordinates": [ [ [ 144.986, -37.794 ], [ 144.994, -37.796 ], [ 144.992, -37.809 ], [ 144.973, -37.808 ], [ 144.975, -37.794 ], [ 144.986, -37.794 ] ] ] } },
{ "type": "Feature", "properties": { "pha_code": 20025.0, "pha_name": "Richmond (Vic.)" }, "geometry": { "type": "Polygon", "coordinates": [ [ [ 144.989, -37.822 ], [ 144.991, -37.81 ], [ 145.015, -37.812 ], [ 145.016, -37.825 ], [ 145.028, -37.832 ], [ 144.994, -37.834 ], [ 144.989, -37.822 ] ] ] } },
{ "type": "Feature", "properties": { "pha_code": 20026.0, "pha_name": "Ashburton (Vic.)" }, "geometry": { "type": "Polygon", "coordinates": [ [ [ 145.071, -37.867 ], [ 145.076, -37.858 ], [ 145.094, -37.861 ], [ 145.092, -37.872 ], [ 145.072, -37.876 ], [ 145.065, -37.868 ], [ 145.071, -37.867 ] ] ] } },
{ "type": "Feature", "properties": { "pha_code": 20027.0, "pha_name": "Balwyn/ Balwyn North" }, "geometry": { "type": "Polygon", "coordinates": [ [ [ 145.061, -37.808 ], [ 145.063, -37.781 ], [ 145.096, -37.78 ], [ 145.107, -37.792 ], [ 145.102, -37.815 ], [ 145.065, -37.817 ], [ 145.061, -37.808 ] ] ] } },
{ "type": "Feature", "properties": { "pha_code": 20028.0, "pha_name": "Camberwell/ Surrey Hills (West) - Canterbury" }, "geometry": { "type": "Polygon", "coordinates": [ [ [ 145.058, -37.826 ], [ 145.06, -37.816 ], [ 145.102, -37.815 ], [ 145.096, -37.85 ], [ 145.054, -37.846 ], [ 145.058, -37.826 ] ] ] } },
{ "type": "Feature", "properties": { "pha_code": 20029.0, "pha_name": "Glen Iris - East" }, "geometry": { "type": "Polygon", "coordinates": [ [ [ 145.045, -37.848 ], [ 145.054, -37.845 ], [ 145.096, -37.851 ], [ 145.094, -37.861 ], [ 145.076, -37.858 ], [ 145.075, -37.867 ], [ 145.064, -37.868 ], [ 145.06, -37.855 ], [ 145.045, -37.848 ] ] ] } },
{ "type": "Feature", "properties": { "pha_code": 20030.0, "pha_name": "Hawthorn" }, "geometry": { "type": "Polygon", "coordinates": [ [ [ 145.04, -37.844 ], [ 145.016, -37.825 ], [ 145.015, -37.812 ], [ 145.059, -37.817 ], [ 145.054, -37.845 ], [ 145.04, -37.844 ] ] ] } },
{ "type": "Feature", "properties": { "pha_code": 20031.0, "pha_name": "Kew" }, "geometry": { "type": "Polygon", "coordinates": [ [ [ 145.062, -37.802 ], [ 145.06, -37.816 ], [ 145.053, -37.817 ], [ 145.01, -37.811 ], [ 144.999, -37.806 ], [ 145.008, -37.804 ], [ 144.999, -37.797 ], [ 145.02, -37.804 ], [ 145.013, -37.786 ], [ 145.041, -37.79 ], [ 145.044, -37.78 ], [ 145.061, -37.78 ], [ 145.062, -37.802 ] ], [ [ 145.053, -37.785 ], [ 145.056, -37.785 ], [ 145.056, -37.784 ], [ 145.053, -37.784 ], [ 145.053, -37.785 ] ] ] } },
{ "type": "Feature", "properties": { "pha_code": 20032.0, "pha_name": "Bulleen/ Doncaster" }, "geometry": { "type": "Polygon", "coordinates": [ [ [ 145.106, -37.773 ], [ 145.123, -37.78 ], [ 145.133, -37.767 ], [ 145.145, -37.778 ], [ 145.142, -37.797 ], [ 145.11, -37.795 ], [ 145.096, -37.78 ], [ 145.067, -37.781 ], [ 145.069, -37.772 ], [ 145.077, -37.774 ], [ 145.072, -37.767 ], [ 145.079, -37.762 ], [ 145.073, -37.759 ], [ 145.082, -37.751 ], [ 145.094, -37.753 ], [ 145.106, -37.773 ] ] ] } },
{ "type": "Feature", "properties": { "pha_code": 20033.0, "pha_name": "Doncaster East" }, "geometry": { "type": "Polygon", "coordinates": [ [ [ 145.142, -37.797 ], [ 145.146, -37.773 ], [ 145.165, -37.774 ], [ 145.17, -37.746 ], [ 145.182, -37.753 ], [ 145.184, -37.773 ], [ 145.176, -37.774 ], [ 145.169, -37.802 ], [ 145.142, -37.797 ] ] ] } },
{ "type": "Feature", "properties": { "pha_code": 20034.0, "pha_name": "Templestowe/ Templestowe Lower" }, "geometry": { "type": "Polygon", "coordinates": [ [ [ 145.094, -37.759 ], [ 145.096, -37.749 ], [ 145.107, -37.755 ], [ 145.126, -37.751 ], [ 145.123, -37.74 ], [ 145.178, -37.738 ], [ 145.164, -37.775 ], [ 145.139, -37.777 ], [ 145.131, -37.767 ], [ 145.123, -37.78 ], [ 145.099, -37.771 ], [ 145.094, -37.759 ] ] ] } },
{ "type": "Feature", "properties": { "pha_code": 20035.0, "pha_name": "Blackburn/ Blackburn South" }, "geometry": { "type": "Polygon", "coordinates": [ [ [ 145.135, -37.837 ], [ 145.142, -37.797 ], [ 145.169, -37.802 ], [ 145.168, -37.829 ], [ 145.159, -37.844 ], [ 145.133, -37.848 ], [ 145.135, -37.837 ] ] ] } },
{ "type": "Feature", "properties": { "pha_code": 20036.0, "pha_name": "Box Hill/ Box Hill North" }, "geometry": { "type": "MultiPolygon", "coordinates": [ [ [ [ 145.115, -37.816 ], [ 145.103, -37.811 ], [ 145.107, -37.792 ], [ 145.142, -37.797 ], [ 145.133, -37.846 ], [ 145.11, -37.843 ], [ 145.115, -37.816 ] ] ], [ [ [ 145.102, -37.812 ], [ 145.102, -37.811 ], [ 145.103, -37.811 ], [ 145.103, -37.812 ], [ 145.102, -37.812 ] ] ] ] } },
{ "type": "Feature", "properties": { "pha_code": 20037.0, "pha_name": "Burwood/ Burwood East" }, "geometry": { "type": "Polygon", "coordinates": [ [ [ 145.134, -37.848 ], [ 145.162, -37.846 ], [ 145.169, -37.862 ], [ 145.095, -37.853 ], [ 145.098, -37.836 ], [ 145.134, -37.848 ] ] ] } },
{ "type": "Feature", "properties": { "pha_code": 20038.0, "pha_name": "Surrey Hills (East) - Mont Albert" }, "geometry": { "type": "Polygon", "coordinates": [ [ [ 145.1, -37.823 ], [ 145.103, -37.811 ], [ 145.116, -37.813 ], [ 145.111, -37.838 ], [ 145.098, -37.836 ], [ 145.1, -37.823 ] ] ] } },
{ "type": "Feature", "properties": { "pha_code": 20039.0, "pha_name": "Beaumaris/ Sandringham - Black Rock" }, "geometry": { "type": "Polygon", "coordinates": [ [ [ 145.036, -37.97 ], [ 145.054, -37.972 ], [ 145.052, -37.987 ], [ 145.039, -37.996 ], [ 145.017, -37.981 ], [ 144.995, -37.945 ], [ 145.022, -37.946 ], [ 145.036, -37.97 ] ] ] } },
{ "type": "Feature", "properties": { "pha_code": 20040.0, "pha_name": "Brighton (Vic.)/ Brighton East" }, "geometry": { "type": "Polygon", "coordinates": [ [ [ 145.007, -37.9 ], [ 145.026, -37.902 ], [ 145.022, -37.921 ], [ 145.034, -37.933 ], [ 144.986, -37.926 ], [ 144.985, -37.891 ], [ 144.997, -37.884 ], [ 145.007, -37.9 ] ] ] } },
{ "type": "Feature", "properties": { "pha_code": 20041.0, "pha_name": "Cheltenham - Highett (West)" }, "geometry": { "type": "Polygon", "coordinates": [ [ [ 145.022, -37.949 ], [ 145.023, -37.943 ], [ 145.039, -37.945 ], [ 145.055, -37.972 ], [ 145.036, -37.97 ], [ 145.022, -37.949 ] ] ] } },
{ "type": "Feature", "properties": { "pha_code": 20042.0, "pha_name": "Hampton" }, "geometry": { "type": "Polygon", "coordinates": [ [ [ 144.996, -37.936 ], [ 144.994, -37.928 ], [ 145.03, -37.932 ], [ 145.039, -37.945 ], [ 144.994, -37.945 ], [ 144.996, -37.936 ] ] ] } },
{ "type": "Feature", "properties": { "pha_code": 20043.0, "pha_name": "Bentleigh - McKinnon/ Bentleigh East" }, "geometry": { "type": "Polygon", "coordinates": [ [ [ 145.082, -37.925 ], [ 145.08, -37.939 ], [ 145.034, -37.933 ], [ 145.022, -37.921 ], [ 145.024, -37.909 ], [ 145.082, -37.909 ], [ 145.082, -37.925 ] ] ] } },
{ "type": "Feature", "properties": { "pha_code": 20044.0, "pha_name": "Carnegie/ Ormond - Glen Huntly" }, "geometry": { "type": "Polygon", "coordinates": [ [ [ 145.037, -37.893 ], [ 145.05, -37.881 ], [ 145.067, -37.885 ], [ 145.064, -37.903 ], [ 145.053, -37.91 ], [ 145.025, -37.906 ], [ 145.035, -37.903 ], [ 145.037, -37.893 ] ] ] } },
{ "type": "Feature", "properties": { "pha_code": 20045.0, "pha_name": "Caulfield - North/ Caulfield - South" }, "geometry": { "type": "Polygon", "coordinates": [ [ [ 145.015, -37.888 ], [ 145.016, -37.879 ], [ 144.998, -37.877 ], [ 145.0, -37.866 ], [ 145.009, -37.868 ], [ 145.011, -37.86 ], [ 145.05, -37.881 ], [ 145.038, -37.886 ], [ 145.035, -37.903 ], [ 145.012, -37.901 ], [ 145.015, -37.888 ] ] ] } },
{ "type": "Feature", "properties": { "pha_code": 20046.0, "pha_name": "Elsternwick" }, "geometry": { "type": "Polygon", "coordinates": [ [ [ 144.997, -37.882 ], [ 145.016, -37.879 ], [ 145.012, -37.901 ], [ 145.006, -37.9 ], [ 144.997, -37.882 ] ] ] } },
{ "type": "Feature", "properties": { "pha_code": 20047.0, "pha_name": "Hughesdale" }, "geometry": { "type": "Polygon", "coordinates": [ [ [ 145.077, -37.896 ], [ 145.078, -37.887 ], [ 145.088, -37.893 ], [ 145.085, -37.91 ], [ 145.074, -37.908 ], [ 145.077, -37.896 ] ] ] } },
{ "type": "Feature", "properties": { "pha_code": 20048.0, "pha_name": "Murrumbeena" }, "geometry": { "type": "Polygon", "coordinates": [ [ [ 145.077, -37.893 ], [ 145.074, -37.908 ], [ 145.06, -37.907 ], [ 145.067, -37.885 ], [ 145.078, -37.887 ], [ 145.077, -37.893 ] ] ] } },
{ "type": "Feature", "properties": { "pha_code": 20049.0, "pha_name": "Kingston - Central" }, "geometry": { "type": "Polygon", "coordinates": [ [ [ 145.097, -38.024 ], [ 145.069, -37.995 ], [ 145.071, -37.982 ], [ 145.109, -37.987 ], [ 145.112, -37.972 ], [ 145.119, -37.988 ], [ 145.145, -37.991 ], [ 145.139, -38.02 ], [ 145.123, -38.034 ], [ 145.126, -38.039 ], [ 145.11, -38.046 ], [ 145.097, -38.024 ] ] ] } },
{ "type": "Feature", "properties": { "pha_code": 20050.0, "pha_name": "Carrum - Patterson Lakes" }, "geometry": { "type": "Polygon", "coordinates": [ [ [ 145.126, -38.072 ], [ 145.14, -38.065 ], [ 145.134, -38.055 ], [ 145.142, -38.052 ], [ 145.156, -38.067 ], [ 145.149, -38.083 ], [ 145.123, -38.085 ], [ 145.12, -38.073 ], [ 145.126, -38.072 ] ] ] } },
{ "type": "Feature", "properties": { "pha_code": 20051.0, "pha_name": "Chelsea - Bonbeach/ Chelsea Heights" }, "geometry": { "type": "Polygon", "coordinates": [ [ [ 145.114, -38.054 ], [ 145.11, -38.046 ], [ 145.126, -38.039 ], [ 145.123, -38.034 ], [ 145.134, -38.025 ], [ 145.145, -38.052 ], [ 145.134, -38.055 ], [ 145.14, -38.065 ], [ 145.12, -38.073 ], [ 145.114, -38.054 ] ] ] } },
{ "type": "Feature", "properties": { "pha_code": 20052.0, "pha_name": "Kingston - North" }, "geometry": { "type": "Polygon", "coordinates": [ [ [ 145.053, -37.978 ], [ 145.054, -37.965 ], [ 145.034, -37.933 ], [ 145.09, -37.94 ], [ 145.112, -37.957 ], [ 145.109, -37.987 ], [ 145.071, -37.982 ], [ 145.068, -37.995 ], [ 145.052, -37.987 ], [ 145.053, -37.978 ] ] ] } },
{ "type": "Feature", "properties": { "pha_code": 20053.0, "pha_name": "Malvern - Glen Iris/ Malvern East" }, "geometry": { "type": "Polygon", "coordinates": [ [ [ 145.064, -37.867 ], [ 145.072, -37.876 ], [ 145.092, -37.872 ], [ 145.088, -37.893 ], [ 145.051, -37.883 ], [ 145.028, -37.867 ], [ 145.033, -37.837 ], [ 145.06, -37.855 ], [ 145.064, -37.867 ] ] ] } },
{ "type": "Feature", "properties": { "pha_code": 20054.0, "pha_name": "Bundoora - East/ Watsonia" }, "geometry": { "type": "Polygon", "coordinates": [ [ [ 145.08, -37.688 ], [ 145.092, -37.694 ], [ 145.087, -37.708 ], [ 145.096, -37.709 ], [ 145.092, -37.718 ], [ 145.052, -37.708 ], [ 145.068, -37.686 ], [ 145.08, -37.688 ] ] ] } },
{ "type": "Feature", "properties": { "pha_code": 20055.0, "pha_name": "Greensborough/ Montmorency - Briar Hill" }, "geometry": { "type": "Polygon", "coordinates": [ [ [ 145.101, -37.748 ], [ 145.111, -37.72 ], [ 145.092, -37.717 ], [ 145.096, -37.709 ], [ 145.087, -37.708 ], [ 145.092, -37.695 ], [ 145.144, -37.683 ], [ 145.141, -37.7 ], [ 145.128, -37.702 ], [ 145.138, -37.718 ], [ 145.136, -37.741 ], [ 145.123, -37.74 ], [ 145.126, -37.751 ], [ 145.114, -37.755 ], [ 145.101, -37.748 ] ] ] } },
{ "type": "Feature", "properties": { "pha_code": 20056.0, "pha_name": "Heidelberg - Rosanna/ Viewbank - Yallambie" }, "geometry": { "type": "MultiPolygon", "coordinates": [ [ [ [ 145.075, -37.759 ], [ 145.076, -37.758 ], [ 145.077, -37.76 ], [ 145.074, -37.76 ], [ 145.075, -37.759 ] ] ], [ [ [ 145.059, -37.74 ], [ 145.069, -37.716 ], [ 145.111, -37.72 ], [ 145.108, -37.738 ], [ 145.093, -37.754 ], [ 145.054, -37.758 ], [ 145.059, -37.74 ] ] ] ] } },
{ "type": "Feature", "properties": { "pha_code": 20057.0, "pha_name": "Heidelberg West" }, "geometry": { "type": "Polygon", "coordinates": [ [ [ 145.033, -37.741 ], [ 145.038, -37.727 ], [ 145.061, -37.73 ], [ 145.054, -37.758 ], [ 145.031, -37.756 ], [ 145.033, -37.741 ] ] ] } },
{ "type": "Feature", "properties": { "pha_code": 20058.0, "pha_name": "Ivanhoe" }, "geometry": { "type": "MultiPolygon", "coordinates": [ [ [ [ 145.054, -37.784 ], [ 145.056, -37.784 ], [ 145.056, -37.785 ], [ 145.053, -37.785 ], [ 145.054, -37.784 ] ] ], [ [ [ 145.034, -37.772 ], [ 145.035, -37.772 ], [ 145.035, -37.773 ], [ 145.034, -37.773 ], [ 145.034, -37.772 ] ] ], [ [ [ 145.03, -37.76 ], [ 145.054, -37.758 ], [ 145.048, -37.773 ], [ 145.064, -37.781 ], [ 145.038, -37.784 ], [ 145.028, -37.764 ], [ 145.03, -37.76 ] ], [ [ 145.039, -37.78 ], [ 145.039, -37.779 ], [ 145.038, -37.779 ], [ 145.038, -37.78 ], [ 145.039, -37.78 ] ] ] ] } },
{ "type": "Feature", "properties": { "pha_code": 20059.0, "pha_name": "Ivanhoe East - Eaglemont" }, "geometry": { "type": "Polygon", "coordinates": [ [ [ 145.05, -37.774 ], [ 145.054, -37.758 ], [ 145.079, -37.762 ], [ 145.067, -37.784 ], [ 145.05, -37.774 ] ] ] } },
{ "type": "Feature", "properties": { "pha_code": 20060.0, "pha_name": "Kingsbury" }, "geometry": { "type": "Polygon", "coordinates": [ [ [ 145.026, -37.714 ], [ 145.035, -37.711 ], [ 145.037, -37.699 ], [ 145.058, -37.7 ], [ 145.055, -37.709 ], [ 145.075, -37.709 ], [ 145.061, -37.73 ], [ 145.038, -37.727 ], [ 145.026, -37.714 ] ] ] } },
{ "type": "Feature", "properties": { "pha_code": 20061.0, "pha_name": "Preston" }, "geometry": { "type": "Polygon", "coordinates": [ [ [ 145.002, -37.73 ], [ 145.038, -37.734 ], [ 145.031, -37.756 ], [ 144.981, -37.75 ], [ 144.984, -37.728 ], [ 145.002, -37.73 ] ] ] } },
{ "type": "Feature", "properties": { "pha_code": 20062.0, "pha_name": "Reservoir - East" }, "geometry": { "type": "Polygon", "coordinates": [ [ [ 145.007, -37.72 ], [ 145.011, -37.695 ], [ 145.041, -37.698 ], [ 145.034, -37.712 ], [ 145.022, -37.715 ], [ 145.035, -37.721 ], [ 145.039, -37.734 ], [ 145.005, -37.73 ], [ 145.007, -37.72 ] ] ] } },
{ "type": "Feature", "properties": { "pha_code": 20063.0, "pha_name": "Reservoir - West" }, "geometry": { "type": "Polygon", "coordinates": [ [ [ 144.981, -37.715 ], [ 144.981, -37.698 ], [ 144.971, -37.691 ], [ 145.011, -37.695 ], [ 145.005, -37.731 ], [ 144.984, -37.728 ], [ 144.981, -37.715 ] ] ] } },
{ "type": "Feature", "properties": { "pha_code": 20064.0, "pha_name": "Eltham" }, "geometry": { "type": "Polygon", "coordinates": [ [ [ 145.137, -37.733 ], [ 145.138, -37.718 ], [ 145.128, -37.702 ], [ 145.141, -37.7 ], [ 145.143, -37.687 ], [ 145.173, -37.694 ], [ 145.173, -37.724 ], [ 145.192, -37.721 ], [ 145.189, -37.728 ], [ 145.195, -37.727 ], [ 145.181, -37.73 ], [ 145.18, -37.738 ], [ 145.153, -37.734 ], [ 145.136, -37.741 ], [ 145.137, -37.733 ] ] ] } },
{ "type": "Feature", "properties": { "pha_code": 20065.0, "pha_name": "Hurstbridge/ Panton Hill/ Research" }, "geometry": { "type": "MultiPolygon", "coordinates": [ [ [ [ 145.314, -37.709 ], [ 145.314, -37.71 ], [ 145.312, -37.709 ], [ 145.313, -37.709 ], [ 145.314, -37.709 ] ] ], [ [ [ 145.322, -37.706 ], [ 145.322, -37.707 ], [ 145.322, -37.708 ], [ 145.321, -37.707 ], [ 145.322, -37.706 ] ] ], [ [ [ 145.168, -37.693 ], [ 145.18, -37.686 ], [ 145.192, -37.69 ], [ 145.211, -37.655 ], [ 145.175, -37.651 ], [ 145.166, -37.62 ], [ 145.156, -37.627 ], [ 145.146, -37.618 ], [ 145.136, -37.62 ], [ 145.144, -37.57 ], [ 145.165, -37.558 ], [ 145.18, -37.536 ], [ 145.206, -37.539 ], [ 145.207, -37.532 ], [ 145.194, -37.53 ], [ 145.197, -37.524 ], [ 145.235, -37.517 ], [ 145.235, -37.51 ], [ 145.226, -37.509 ], [ 145.236, -37.504 ], [ 145.239, -37.488 ], [ 145.257, -37.492 ], [ 145.252, -37.511 ], [ 145.262, -37.512 ], [ 145.264, -37.501 ], [ 145.276, -37.496 ], [ 145.294, -37.499 ], [ 145.297, -37.514 ], [ 145.314, -37.516 ], [ 145.305, -37.522 ], [ 145.329, -37.529 ], [ 145.333, -37.54 ], [ 145.366, -37.545 ], [ 145.354, -37.644 ], [ 145.33, -37.672 ], [ 145.336, -37.682 ], [ 145.331, -37.692 ], [ 145.317, -37.692 ], [ 145.32, -37.707 ], [ 145.311, -37.709 ], [ 145.312, -37.716 ], [ 145.291, -37.712 ], [ 145.292, -37.703 ], [ 145.283, -37.708 ], [ 145.284, -37.719 ], [ 145.272, -37.716 ], [ 145.276, -37.71 ], [ 145.273, -37.704 ], [ 145.267, -37.703 ], [ 145.243, -37.725 ], [ 145.235, -37.72 ], [ 145.243, -37.736 ], [ 145.233, -37.731 ], [ 145.23, -37.739 ], [ 145.204, -37.742 ], [ 145.215, -37.731 ], [ 145.201, -37.73 ], [ 145.196, -37.741 ], [ 145.192, -37.721 ], [ 145.173, -37.724 ], [ 145.177, -37.698 ], [ 145.168, -37.693 ] ] ] ] } },
{ "type": "Feature", "properties": { "pha_code": 20066.0, "pha_name": "Kinglake" }, "geometry": { "type": "Polygon", "coordinates": [ [ [ 145.323, -37.528 ], [ 145.305, -37.522 ], [ 145.314, -37.516 ], [ 145.297, -37.514 ], [ 145.294, -37.499 ], [ 145.276, -37.496 ], [ 145.264, -37.501 ], [ 145.262, -37.512 ], [ 145.252, -37.511 ], [ 145.257, -37.492 ], [ 145.239, -37.488 ], [ 145.241, -37.478 ], [ 145.222, -37.473 ], [ 145.235, -37.437 ], [ 145.265, -37.42 ], [ 145.266, -37.41 ], [ 145.293, -37.42 ], [ 145.315, -37.409 ], [ 145.332, -37.414 ], [ 145.332, -37.43 ], [ 145.4, -37.434 ], [ 145.4, -37.444 ], [ 145.413, -37.446 ], [ 145.404, -37.457 ], [ 145.387, -37.457 ], [ 145.395, -37.468 ], [ 145.417, -37.468 ], [ 145.419, -37.461 ], [ 145.489, -37.461 ], [ 145.495, -37.437 ], [ 145.517, -37.437 ], [ 145.513, -37.457 ], [ 145.57, -37.46 ], [ 145.56, -37.53 ], [ 145.574, -37.545 ], [ 145.563, -37.548 ], [ 145.58, -37.57 ], [ 145.573, -37.587 ], [ 145.561, -37.593 ], [ 145.534, -37.558 ], [ 145.526, -37.564 ], [ 145.508, -37.556 ], [ 145.503, -37.556 ], [ 145.509, -37.564 ], [ 145.47, -37.558 ], [ 145.468, -37.55 ], [ 145.438, -37.546 ], [ 145.441, -37.533 ], [ 145.426, -37.535 ], [ 145.418, -37.526 ], [ 145.403, -37.527 ], [ 145.394, -37.541 ], [ 145.368, -37.545 ], [ 145.333, -37.54 ], [ 145.334, -37.533 ], [ 145.323, -37.528 ] ], [ [ 145.563, -37.548 ], [ 145.562, -37.547 ], [ 145.562, -37.548 ], [ 145.563, -37.548 ] ] ] } },
{ "type": "Feature", "properties": { "pha_code": 20067.0, "pha_name": "Plenty - Yarrambat/ Wattle Glen - Diamond Creek" }, "geometry": { "type": "Polygon", "coordinates": [ [ [ 145.168, -37.632 ], [ 145.175, -37.651 ], [ 145.211, -37.655 ], [ 145.192, -37.69 ], [ 145.136, -37.683 ], [ 145.092, -37.695 ], [ 145.079, -37.688 ], [ 145.102, -37.687 ], [ 145.084, -37.68 ], [ 145.084, -37.669 ], [ 145.107, -37.658 ], [ 145.102, -37.655 ], [ 145.108, -37.649 ], [ 145.102, -37.638 ], [ 145.109, -37.64 ], [ 145.114, -37.627 ], [ 145.142, -37.617 ], [ 145.156, -37.627 ], [ 145.166, -37.62 ], [ 145.168, -37.632 ] ], [ [ 145.092, -37.68 ], [ 145.092, -37.679 ], [ 145.091, -37.679 ], [ 145.091, -37.68 ], [ 145.092, -37.68 ] ], [ [ 145.104, -37.654 ], [ 145.108, -37.654 ], [ 145.108, -37.653 ], [ 145.104, -37.653 ], [ 145.104, -37.654 ] ], [ [ 145.105, -37.641 ], [ 145.105, -37.64 ], [ 145.104, -37.64 ], [ 145.104, -37.641 ], [ 145.105, -37.641 ] ] ] } },
{ "type": "Feature", "properties": { "pha_code": 20068.0, "pha_name": "Bundoora - North" }, "geometry": { "type": "MultiPolygon", "coordinates": [ [ [ [ 145.041, -37.683 ], [ 145.042, -37.676 ], [ 145.103, -37.684 ], [ 145.091, -37.689 ], [ 145.041, -37.683 ] ] ], [ [ [ 145.091, -37.679 ], [ 145.092, -37.679 ], [ 145.092, -37.68 ], [ 145.091, -37.68 ], [ 145.091, -37.679 ] ] ] ] } },
{ "type": "Feature", "properties": { "pha_code": 20069.0, "pha_name": "Bundoora - West" }, "geometry": { "type": "Polygon", "coordinates": [ [ [ 145.033, -37.697 ], [ 145.052, -37.686 ], [ 145.068, -37.686 ], [ 145.058, -37.7 ], [ 145.033, -37.697 ] ] ] } },
{ "type": "Feature", "properties": { "pha_code": 20070.0, "pha_name": "Epping / Wollert" }, "geometry": { "type": "MultiPolygon", "coordinates": [ [ [ [ 144.955, -37.623 ], [ 144.946, -37.607 ], [ 144.952, -37.607 ], [ 144.965, -37.575 ], [ 144.964, -37.557 ], [ 145.061, -37.567 ], [ 145.059, -37.594 ], [ 145.047, -37.595 ], [ 145.042, -37.624 ], [ 145.065, -37.626 ], [ 145.06, -37.633 ], [ 145.066, -37.649 ], [ 145.042, -37.652 ], [ 145.037, -37.661 ], [ 145.009, -37.659 ], [ 145.007, -37.65 ], [ 144.972, -37.646 ], [ 144.955, -37.623 ] ] ], [ [ [ 144.953, -37.623 ], [ 144.954, -37.623 ], [ 144.954, -37.624 ], [ 144.953, -37.624 ], [ 144.953, -37.623 ] ] ] ] } },
{ "type": "Feature", "properties": { "pha_code": 20071.0, "pha_name": "Lalor/ Thomastown" }, "geometry": { "type": "Polygon", "coordinates": [ [ [ 144.973, -37.69 ], [ 144.975, -37.647 ], [ 145.036, -37.661 ], [ 145.045, -37.672 ], [ 145.042, -37.687 ], [ 145.052, -37.685 ], [ 145.033, -37.697 ], [ 144.973, -37.69 ] ] ] } },
{ "type": "Feature", "properties": { "pha_code": 20072.0, "pha_name": "Mill Park - North" }, "geometry": { "type": "Polygon", "coordinates": [ [ [ 145.037, -37.661 ], [ 145.042, -37.652 ], [ 145.07, -37.649 ], [ 145.088, -37.651 ], [ 145.085, -37.656 ], [ 145.095, -37.663 ], [ 145.084, -37.669 ], [ 145.089, -37.674 ], [ 145.037, -37.661 ] ] ] } },
{ "type": "Feature", "properties": { "pha_code": 20073.0, "pha_name": "Mill Park - South" }, "geometry": { "type": "Polygon", "coordinates": [ [ [ 145.036, -37.664 ], [ 145.054, -37.662 ], [ 145.062, -37.669 ], [ 145.079, -37.669 ], [ 145.083, -37.673 ], [ 145.089, -37.674 ], [ 145.089, -37.675 ], [ 145.044, -37.677 ], [ 145.036, -37.664 ] ] ] } },
{ "type": "Feature", "properties": { "pha_code": 20074.0, "pha_name": "Doreen/ Mernda/ South Morang" }, "geometry": { "type": "MultiPolygon", "coordinates": [ [ [ [ 145.107, -37.653 ], [ 145.108, -37.654 ], [ 145.104, -37.654 ], [ 145.104, -37.653 ], [ 145.107, -37.653 ] ] ], [ [ [ 145.064, -37.629 ], [ 145.042, -37.624 ], [ 145.047, -37.595 ], [ 145.059, -37.594 ], [ 145.061, -37.567 ], [ 145.144, -37.573 ], [ 145.136, -37.62 ], [ 145.114, -37.627 ], [ 145.109, -37.64 ], [ 145.102, -37.638 ], [ 145.108, -37.649 ], [ 145.103, -37.65 ], [ 145.102, -37.655 ], [ 145.107, -37.658 ], [ 145.101, -37.663 ], [ 145.086, -37.657 ], [ 145.088, -37.651 ], [ 145.066, -37.649 ], [ 145.064, -37.629 ] ] ], [ [ [ 145.105, -37.641 ], [ 145.104, -37.641 ], [ 145.104, -37.64 ], [ 145.105, -37.64 ], [ 145.105, -37.641 ] ] ] ] } },
{ "type": "Feature", "properties": { "pha_code": 20075.0, "pha_name": "Wallan/ Whittlesea" }, "geometry": { "type": "Polygon", "coordinates": [ [ [ 144.973, -37.532 ], [ 144.977, -37.514 ], [ 144.881, -37.502 ], [ 144.895, -37.494 ], [ 144.893, -37.478 ], [ 144.906, -37.465 ], [ 144.892, -37.461 ], [ 144.902, -37.433 ], [ 144.895, -37.424 ], [ 144.904, -37.421 ], [ 144.899, -37.407 ], [ 144.919, -37.372 ], [ 144.921, -37.333 ], [ 144.992, -37.341 ], [ 145.0, -37.331 ], [ 145.03, -37.33 ], [ 145.053, -37.305 ], [ 145.056, -37.263 ], [ 145.118, -37.263 ], [ 145.125, -37.269 ], [ 145.125, -37.294 ], [ 145.227, -37.294 ], [ 145.227, -37.327 ], [ 145.234, -37.327 ], [ 145.237, -37.345 ], [ 145.249, -37.349 ], [ 145.258, -37.372 ], [ 145.266, -37.373 ], [ 145.266, -37.419 ], [ 145.237, -37.435 ], [ 145.225, -37.458 ], [ 145.222, -37.473 ], [ 145.241, -37.478 ], [ 145.236, -37.504 ], [ 145.226, -37.509 ], [ 145.235, -37.51 ], [ 145.235, -37.517 ], [ 145.197, -37.524 ], [ 145.194, -37.53 ], [ 145.207, -37.532 ], [ 145.206, -37.539 ], [ 145.18, -37.536 ], [ 145.144, -37.573 ], [ 145.125, -37.575 ], [ 144.961, -37.557 ], [ 144.953, -37.547 ], [ 144.973, -37.532 ] ] ] } },
{ "type": "Feature", "properties": { "pha_code": 20076.0, "pha_name": "Airport West/ Avondale Heights/ Keilor East" }, "geometry": { "type": "Polygon", "coordinates": [ [ [ 144.849, -37.752 ], [ 144.846, -37.747 ], [ 144.869, -37.722 ], [ 144.888, -37.711 ], [ 144.918, -37.732 ], [ 144.874, -37.731 ], [ 144.881, -37.757 ], [ 144.872, -37.762 ], [ 144.874, -37.772 ], [ 144.862, -37.776 ], [ 144.852, -37.773 ], [ 144.849, -37.752 ] ] ] } },
{ "type": "Feature", "properties": { "pha_code": 20077.0, "pha_name": "Keilor" }, "geometry": { "type": "Polygon", "coordinates": [ [ [ 144.812, -37.71 ], [ 144.802, -37.702 ], [ 144.825, -37.698 ], [ 144.828, -37.707 ], [ 144.848, -37.71 ], [ 144.852, -37.702 ], [ 144.888, -37.711 ], [ 144.839, -37.747 ], [ 144.837, -37.735 ], [ 144.828, -37.734 ], [ 144.83, -37.725 ], [ 144.812, -37.71 ] ] ] } },
{ "type": "Feature", "properties": { "pha_code": 20078.0, "pha_name": "Niddrie - Essendon West" }, "geometry": { "type": "Polygon", "coordinates": [ [ [ 144.874, -37.731 ], [ 144.893, -37.736 ], [ 144.889, -37.762 ], [ 144.877, -37.756 ], [ 144.882, -37.742 ], [ 144.874, -37.731 ] ] ] } },
{ "type": "Feature", "properties": { "pha_code": 20079.0, "pha_name": "Strathmore" }, "geometry": { "type": "Polygon", "coordinates": [ [ [ 144.888, -37.711 ], [ 144.898, -37.709 ], [ 144.935, -37.744 ], [ 144.908, -37.741 ], [ 144.904, -37.735 ], [ 144.917, -37.73 ], [ 144.888, -37.711 ] ] ] } },
{ "type": "Feature", "properties": { "pha_code": 20080.0, "pha_name": "Gisborne/ Macedon/ Riddells Creek" }, "geometry": { "type": "Polygon", "coordinates": [ [ [ 144.463, -37.539 ], [ 144.47, -37.507 ], [ 144.459, -37.497 ], [ 144.478, -37.414 ], [ 144.513, -37.415 ], [ 144.523, -37.402 ], [ 144.536, -37.4 ], [ 144.545, -37.383 ], [ 144.562, -37.386 ], [ 144.582, -37.356 ], [ 144.622, -37.371 ], [ 144.62, -37.379 ], [ 144.649, -37.378 ], [ 144.65, -37.393 ], [ 144.663, -37.39 ], [ 144.68, -37.406 ], [ 144.691, -37.398 ], [ 144.701, -37.405 ], [ 144.719, -37.394 ], [ 144.734, -37.406 ], [ 144.726, -37.451 ], [ 144.701, -37.463 ], [ 144.729, -37.474 ], [ 144.723, -37.484 ], [ 144.701, -37.482 ], [ 144.685, -37.496 ], [ 144.678, -37.494 ], [ 144.679, -37.5 ], [ 144.645, -37.495 ], [ 144.638, -37.5 ], [ 144.632, -37.53 ], [ 144.672, -37.568 ], [ 144.561, -37.552 ], [ 144.556, -37.559 ], [ 144.484, -37.551 ], [ 144.459, -37.546 ], [ 144.463, -37.539 ] ] ] } },
{ "type": "Feature", "properties": { "pha_code": 20081.0, "pha_name": "Romsey" }, "geometry": { "type": "Polygon", "coordinates": [ [ [ 144.634, -37.336 ], [ 144.639, -37.311 ], [ 144.66, -37.293 ], [ 144.625, -37.283 ], [ 144.627, -37.265 ], [ 144.618, -37.257 ], [ 144.591, -37.254 ], [ 144.595, -37.242 ], [ 144.614, -37.243 ], [ 144.636, -37.223 ], [ 144.649, -37.222 ], [ 144.627, -37.218 ], [ 144.65, -37.207 ], [ 144.659, -37.181 ], [ 144.675, -37.177 ], [ 144.69, -37.185 ], [ 144.694, -37.175 ], [ 144.714, -37.176 ], [ 144.716, -37.209 ], [ 144.707, -37.213 ], [ 144.731, -37.221 ], [ 144.812, -37.214 ], [ 144.82, -37.219 ], [ 144.817, -37.23 ], [ 144.829, -37.236 ], [ 144.825, -37.284 ], [ 144.846, -37.29 ], [ 144.856, -37.285 ], [ 144.849, -37.322 ], [ 144.865, -37.324 ], [ 144.892, -37.345 ], [ 144.918, -37.348 ], [ 144.919, -37.372 ], [ 144.899, -37.407 ], [ 144.904, -37.421 ], [ 144.895, -37.424 ], [ 144.902, -37.433 ], [ 144.892, -37.461 ], [ 144.906, -37.465 ], [ 144.893, -37.478 ], [ 144.895, -37.494 ], [ 144.887, -37.493 ], [ 144.884, -37.505 ], [ 144.867, -37.506 ], [ 144.871, -37.516 ], [ 144.766, -37.505 ], [ 144.758, -37.495 ], [ 144.726, -37.487 ], [ 144.729, -37.474 ], [ 144.701, -37.463 ], [ 144.726, -37.451 ], [ 144.733, -37.404 ], [ 144.719, -37.394 ], [ 144.701, -37.405 ], [ 144.691, -37.398 ], [ 144.68, -37.406 ], [ 144.663, -37.39 ], [ 144.65, -37.393 ], [ 144.649, -37.378 ], [ 144.62, -37.379 ], [ 144.622, -37.371 ], [ 144.601, -37.365 ], [ 144.604, -37.335 ], [ 144.634, -37.336 ] ], [ [ 144.707, -37.213 ], [ 144.706, -37.211 ], [ 144.704, -37.213 ], [ 144.707, -37.214 ], [ 144.707, -37.213 ] ], [ [ 144.86, -37.326 ], [ 144.86, -37.327 ], [ 144.861, -37.327 ], [ 144.861, -37.326 ], [ 144.86, -37.326 ] ], [ [ 144.871, -37.505 ], [ 144.869, -37.503 ], [ 144.868, -37.503 ], [ 144.868, -37.505 ], [ 144.871, -37.505 ] ] ] } },
{ "type": "Feature", "properties": { "pha_code": 20082.0, "pha_name": "Coburg North" }, "geometry": { "type": "Polygon", "coordinates": [ [ [ 144.951, -37.721 ], [ 144.985, -37.721 ], [ 144.983, -37.736 ], [ 144.949, -37.733 ], [ 144.951, -37.721 ] ] ] } },
{ "type": "Feature", "properties": { "pha_code": 20083.0, "pha_name": "Fawkner" }, "geometry": { "type": "Polygon", "coordinates": [ [ [ 144.959, -37.7 ], [ 144.957, -37.692 ], [ 144.979, -37.694 ], [ 144.979, -37.719 ], [ 144.963, -37.719 ], [ 144.959, -37.7 ] ] ] } },
{ "type": "Feature", "properties": { "pha_code": 20084.0, "pha_name": "Glenroy/ Gowanbrae/ Hadfield" }, "geometry": { "type": "Polygon", "coordinates": [ [ [ 144.961, -37.705 ], [ 144.963, -37.719 ], [ 144.886, -37.708 ], [ 144.903, -37.694 ], [ 144.947, -37.692 ], [ 144.957, -37.692 ], [ 144.961, -37.705 ] ] ] } },
{ "type": "Feature", "properties": { "pha_code": 20085.0, "pha_name": "Oak Park/ Pascoe Vale" }, "geometry": { "type": "Polygon", "coordinates": [ [ [ 144.929, -37.716 ], [ 144.952, -37.716 ], [ 144.949, -37.736 ], [ 144.926, -37.734 ], [ 144.901, -37.712 ], [ 144.929, -37.716 ] ] ] } },
{ "type": "Feature", "properties": { "pha_code": 20086.0, "pha_name": "Sunbury" }, "geometry": { "type": "Polygon", "coordinates": [ [ [ 144.76, -37.599 ], [ 144.78, -37.615 ], [ 144.765, -37.637 ], [ 144.769, -37.659 ], [ 144.761, -37.659 ], [ 144.763, -37.665 ], [ 144.685, -37.656 ], [ 144.656, -37.64 ], [ 144.657, -37.594 ], [ 144.634, -37.591 ], [ 144.624, -37.566 ], [ 144.672, -37.568 ], [ 144.632, -37.53 ], [ 144.638, -37.5 ], [ 144.644, -37.495 ], [ 144.679, -37.5 ], [ 144.678, -37.494 ], [ 144.711, -37.482 ], [ 144.712, -37.488 ], [ 144.722, -37.483 ], [ 144.739, -37.494 ], [ 144.741, -37.489 ], [ 144.758, -37.495 ], [ 144.766, -37.505 ], [ 144.871, -37.516 ], [ 144.852, -37.532 ], [ 144.858, -37.542 ], [ 144.848, -37.557 ], [ 144.828, -37.555 ], [ 144.832, -37.565 ], [ 144.819, -37.572 ], [ 144.822, -37.579 ], [ 144.809, -37.581 ], [ 144.813, -37.588 ], [ 144.807, -37.591 ], [ 144.816, -37.595 ], [ 144.806, -37.599 ], [ 144.818, -37.601 ], [ 144.808, -37.609 ], [ 144.792, -37.612 ], [ 144.783, -37.589 ], [ 144.773, -37.592 ], [ 144.768, -37.584 ], [ 144.76, -37.583 ], [ 144.76, -37.599 ] ] ] } },
{ "type": "Feature", "properties": { "pha_code": 20087.0, "pha_name": "Broadmeadows" }, "geometry": { "type": "Polygon", "coordinates": [ [ [ 144.916, -37.673 ], [ 144.922, -37.665 ], [ 144.923, -37.675 ], [ 144.936, -37.681 ], [ 144.951, -37.676 ], [ 144.959, -37.692 ], [ 144.91, -37.694 ], [ 144.905, -37.679 ], [ 144.916, -37.673 ] ] ] } },
{ "type": "Feature", "properties": { "pha_code": 20088.0, "pha_name": "Campbellfield - Coolaroo" }, "geometry": { "type": "Polygon", "coordinates": [ [ [ 144.924, -37.669 ], [ 144.929, -37.641 ], [ 144.976, -37.649 ], [ 144.973, -37.691 ], [ 144.959, -37.692 ], [ 144.951, -37.676 ], [ 144.936, -37.681 ], [ 144.924, -37.669 ] ] ] } },
{ "type": "Feature", "properties": { "pha_code": 20089.0, "pha_name": "Craigieburn - Mickleham" }, "geometry": { "type": "MultiPolygon", "coordinates": [ [ [ [ 144.953, -37.598 ], [ 144.946, -37.608 ], [ 144.955, -37.623 ], [ 144.939, -37.621 ], [ 144.939, -37.613 ], [ 144.869, -37.604 ], [ 144.871, -37.589 ], [ 144.844, -37.586 ], [ 144.853, -37.561 ], [ 144.848, -37.548 ], [ 144.858, -37.542 ], [ 144.851, -37.535 ], [ 144.867, -37.524 ], [ 144.872, -37.514 ], [ 144.867, -37.506 ], [ 144.977, -37.514 ], [ 144.973, -37.535 ], [ 144.953, -37.547 ], [ 144.966, -37.56 ], [ 144.953, -37.598 ] ] ], [ [ [ 144.868, -37.505 ], [ 144.868, -37.503 ], [ 144.871, -37.505 ], [ 144.87, -37.505 ], [ 144.868, -37.505 ] ] ] ] } },
{ "type": "Feature", "properties": { "pha_code": 20090.0, "pha_name": "Gladstone Park - Westmeadows/ Tullamarine" }, "geometry": { "type": "Polygon", "coordinates": [ [ [ 144.869, -37.692 ], [ 144.874, -37.693 ], [ 144.864, -37.683 ], [ 144.868, -37.671 ], [ 144.86, -37.666 ], [ 144.869, -37.666 ], [ 144.871, -37.658 ], [ 144.922, -37.664 ], [ 144.905, -37.679 ], [ 144.91, -37.694 ], [ 144.886, -37.708 ], [ 144.87, -37.707 ], [ 144.869, -37.692 ] ] ] } },
{ "type": "Feature", "properties": { "pha_code": 20091.0, "pha_name": "Greenvale - Bulla/ Melbourne Airport" }, "geometry": { "type": "Polygon", "coordinates": [ [ [ 144.86, -37.667 ], [ 144.868, -37.671 ], [ 144.864, -37.683 ], [ 144.874, -37.693 ], [ 144.869, -37.692 ], [ 144.87, -37.707 ], [ 144.852, -37.702 ], [ 144.848, -37.71 ], [ 144.828, -37.707 ], [ 144.825, -37.698 ], [ 144.81, -37.699 ], [ 144.821, -37.692 ], [ 144.82, -37.683 ], [ 144.806, -37.683 ], [ 144.805, -37.67 ], [ 144.776, -37.677 ], [ 144.772, -37.664 ], [ 144.765, -37.666 ], [ 144.761, -37.659 ], [ 144.769, -37.659 ], [ 144.765, -37.637 ], [ 144.78, -37.615 ], [ 144.76, -37.599 ], [ 144.76, -37.583 ], [ 144.773, -37.592 ], [ 144.783, -37.589 ], [ 144.789, -37.609 ], [ 144.8, -37.612 ], [ 144.818, -37.601 ], [ 144.806, -37.599 ], [ 144.816, -37.595 ], [ 144.807, -37.59 ], [ 144.832, -37.565 ], [ 144.828, -37.555 ], [ 144.847, -37.558 ], [ 144.849, -37.551 ], [ 144.853, -37.561 ], [ 144.844, -37.586 ], [ 144.871, -37.589 ], [ 144.869, -37.604 ], [ 144.913, -37.61 ], [ 144.915, -37.621 ], [ 144.907, -37.662 ], [ 144.871, -37.658 ], [ 144.86, -37.667 ] ] ] } },
{ "type": "Feature", "properties": { "pha_code": 20092.0, "pha_name": "Meadow Heights" }, "geometry": { "type": "Polygon", "coordinates": [ [ [ 144.91, -37.642 ], [ 144.929, -37.641 ], [ 144.932, -37.65 ], [ 144.922, -37.664 ], [ 144.907, -37.663 ], [ 144.91, -37.642 ] ] ] } },
{ "type": "Feature", "properties": { "pha_code": 20093.0, "pha_name": "Roxburgh Park - Somerton" }, "geometry": { "type": "MultiPolygon", "coordinates": [ [ [ [ 144.974, -37.646 ], [ 144.974, -37.647 ], [ 144.973, -37.646 ], [ 144.974, -37.646 ] ] ], [ [ [ 144.948, -37.622 ], [ 144.972, -37.646 ], [ 144.91, -37.638 ], [ 144.913, -37.61 ], [ 144.939, -37.613 ], [ 144.939, -37.621 ], [ 144.948, -37.622 ] ], [ [ 144.953, -37.623 ], [ 144.953, -37.624 ], [ 144.954, -37.624 ], [ 144.954, -37.623 ], [ 144.953, -37.623 ] ] ] ] } },
{ "type": "Feature", "properties": { "pha_code": 20094.0, "pha_name": "Bayswater/ Boronia/ The Basin" }, "geometry": { "type": "Polygon", "coordinates": [ [ [ 145.32, -37.845 ], [ 145.348, -37.859 ], [ 145.336, -37.856 ], [ 145.336, -37.863 ], [ 145.324, -37.867 ], [ 145.303, -37.863 ], [ 145.306, -37.87 ], [ 145.284, -37.874 ], [ 145.278, -37.868 ], [ 145.251, -37.869 ], [ 145.254, -37.856 ], [ 145.244, -37.853 ], [ 145.249, -37.843 ], [ 145.238, -37.845 ], [ 145.238, -37.839 ], [ 145.287, -37.833 ], [ 145.32, -37.845 ] ] ] } },
{ "type": "Feature", "properties": { "pha_code": 20095.0, "pha_name": "Ferntree Gully" }, "geometry": { "type": "Polygon", "coordinates": [ [ [ 145.258, -37.89 ], [ 145.258, -37.869 ], [ 145.291, -37.874 ], [ 145.301, -37.867 ], [ 145.308, -37.871 ], [ 145.304, -37.888 ], [ 145.316, -37.892 ], [ 145.324, -37.9 ], [ 145.309, -37.899 ], [ 145.305, -37.906 ], [ 145.295, -37.9 ], [ 145.263, -37.902 ], [ 145.258, -37.89 ] ] ] } },
{ "type": "Feature", "properties": { "pha_code": 20096.0, "pha_name": "Knoxfield - Scoresby" }, "geometry": { "type": "Polygon", "coordinates": [ [ [ 145.197, -37.889 ], [ 145.196, -37.888 ], [ 145.233, -37.889 ], [ 145.233, -37.879 ], [ 145.248, -37.882 ], [ 145.25, -37.868 ], [ 145.258, -37.869 ], [ 145.263, -37.902 ], [ 145.236, -37.903 ], [ 145.228, -37.906 ], [ 145.234, -37.905 ], [ 145.213, -37.926 ], [ 145.203, -37.92 ], [ 145.208, -37.899 ], [ 145.197, -37.889 ] ] ] } },
{ "type": "Feature", "properties": { "pha_code": 20097.0, "pha_name": "Lysterfield/ Rowville" }, "geometry": { "type": "Polygon", "coordinates": [ [ [ 145.207, -37.93 ], [ 145.206, -37.924 ], [ 145.213, -37.926 ], [ 145.236, -37.903 ], [ 145.295, -37.9 ], [ 145.325, -37.92 ], [ 145.314, -37.932 ], [ 145.3, -37.931 ], [ 145.293, -37.965 ], [ 145.276, -37.947 ], [ 145.233, -37.942 ], [ 145.229, -37.952 ], [ 145.207, -37.93 ] ] ] } },
{ "type": "Feature", "properties": { "pha_code": 20098.0, "pha_name": "Wantirna/ Wantirna South" }, "geometry": { "type": "Polygon", "coordinates": [ [ [ 145.191, -37.877 ], [ 145.216, -37.838 ], [ 145.249, -37.843 ], [ 145.244, -37.853 ], [ 145.254, -37.856 ], [ 145.248, -37.882 ], [ 145.233, -37.879 ], [ 145.233, -37.889 ], [ 145.195, -37.888 ], [ 145.191, -37.877 ] ] ] } },
{ "type": "Feature", "properties": { "pha_code": 20099.0, "pha_name": "Donvale - Park Orchards/ Warrandyte - Wonga Park" }, "geometry": { "type": "Polygon", "coordinates": [ [ [ 145.169, -37.801 ], [ 145.176, -37.774 ], [ 145.184, -37.773 ], [ 145.176, -37.75 ], [ 145.181, -37.73 ], [ 145.194, -37.732 ], [ 145.196, -37.741 ], [ 145.201, -37.73 ], [ 145.214, -37.73 ], [ 145.204, -37.742 ], [ 145.23, -37.739 ], [ 145.233, -37.731 ], [ 145.243, -37.736 ], [ 145.235, -37.72 ], [ 145.243, -37.725 ], [ 145.267, -37.703 ], [ 145.276, -37.71 ], [ 145.272, -37.716 ], [ 145.284, -37.719 ], [ 145.283, -37.708 ], [ 145.292, -37.703 ], [ 145.287, -37.736 ], [ 145.296, -37.763 ], [ 145.241, -37.765 ], [ 145.236, -37.79 ], [ 145.217, -37.791 ], [ 145.214, -37.812 ], [ 145.169, -37.801 ] ] ] } },
{ "type": "Feature", "properties": { "pha_code": 20100.0, "pha_name": "Bayswater North/ Ringwood East" }, "geometry": { "type": "Polygon", "coordinates": [ [ [ 145.268, -37.816 ], [ 145.278, -37.822 ], [ 145.302, -37.814 ], [ 145.304, -37.822 ], [ 145.317, -37.818 ], [ 145.318, -37.844 ], [ 145.287, -37.833 ], [ 145.23, -37.84 ], [ 145.227, -37.826 ], [ 145.242, -37.823 ], [ 145.235, -37.813 ], [ 145.255, -37.797 ], [ 145.264, -37.807 ], [ 145.258, -37.814 ], [ 145.268, -37.816 ] ] ] } },
{ "type": "Feature", "properties": { "pha_code": 20101.0, "pha_name": "Croydon" }, "geometry": { "type": "Polygon", "coordinates": [ [ [ 145.26, -37.815 ], [ 145.264, -37.807 ], [ 145.256, -37.791 ], [ 145.264, -37.782 ], [ 145.278, -37.786 ], [ 145.296, -37.77 ], [ 145.308, -37.777 ], [ 145.306, -37.815 ], [ 145.28, -37.822 ], [ 145.26, -37.815 ] ] ] } },
{ "type": "Feature", "properties": { "pha_code": 20102.0, "pha_name": "Croydon Hills - Warranwood/ Ringwood North" }, "geometry": { "type": "Polygon", "coordinates": [ [ [ 145.217, -37.792 ], [ 145.236, -37.79 ], [ 145.241, -37.765 ], [ 145.3, -37.767 ], [ 145.278, -37.786 ], [ 145.249, -37.78 ], [ 145.247, -37.791 ], [ 145.214, -37.811 ], [ 145.217, -37.792 ] ] ] } },
{ "type": "Feature", "properties": { "pha_code": 20103.0, "pha_name": "Ringwood" }, "geometry": { "type": "Polygon", "coordinates": [ [ [ 145.247, -37.79 ], [ 145.249, -37.78 ], [ 145.264, -37.782 ], [ 145.235, -37.813 ], [ 145.242, -37.823 ], [ 145.227, -37.826 ], [ 145.23, -37.84 ], [ 145.217, -37.838 ], [ 145.213, -37.812 ], [ 145.247, -37.79 ] ] ] } },
{ "type": "Feature", "properties": { "pha_code": 20104.0, "pha_name": "Forest Hill" }, "geometry": { "type": "Polygon", "coordinates": [ [ [ 145.159, -37.844 ], [ 145.168, -37.828 ], [ 145.184, -37.831 ], [ 145.182, -37.846 ], [ 145.171, -37.845 ], [ 145.169, -37.855 ], [ 145.159, -37.844 ] ] ] } },
{ "type": "Feature", "properties": { "pha_code": 20105.0, "pha_name": "Mitcham (Vic.)/ Vermont/ Vermont South" }, "geometry": { "type": "Polygon", "coordinates": [ [ [ 145.17, -37.853 ], [ 145.189, -37.832 ], [ 145.187, -37.803 ], [ 145.211, -37.808 ], [ 145.217, -37.838 ], [ 145.207, -37.856 ], [ 145.19, -37.865 ], [ 145.169, -37.862 ], [ 145.17, -37.853 ] ] ] } },
{ "type": "Feature", "properties": { "pha_code": 20106.0, "pha_name": "Nunawading" }, "geometry": { "type": "Polygon", "coordinates": [ [ [ 145.167, -37.812 ], [ 145.17, -37.803 ], [ 145.185, -37.801 ], [ 145.189, -37.832 ], [ 145.166, -37.828 ], [ 145.167, -37.812 ] ] ] } },
{ "type": "Feature", "properties": { "pha_code": 20107.0, "pha_name": "Yarra Ranges - South West" }, "geometry": { "type": "Polygon", "coordinates": [ [ [ 145.322, -37.923 ], [ 145.305, -37.906 ], [ 145.309, -37.899 ], [ 145.324, -37.899 ], [ 145.304, -37.888 ], [ 145.308, -37.871 ], [ 145.302, -37.864 ], [ 145.324, -37.867 ], [ 145.336, -37.863 ], [ 145.336, -37.856 ], [ 145.348, -37.859 ], [ 145.326, -37.847 ], [ 145.346, -37.819 ], [ 145.372, -37.814 ], [ 145.382, -37.8 ], [ 145.395, -37.81 ], [ 145.405, -37.808 ], [ 145.406, -37.818 ], [ 145.43, -37.834 ], [ 145.415, -37.862 ], [ 145.394, -37.87 ], [ 145.387, -37.884 ], [ 145.406, -37.881 ], [ 145.406, -37.89 ], [ 145.42, -37.897 ], [ 145.44, -37.895 ], [ 145.439, -37.915 ], [ 145.429, -37.913 ], [ 145.403, -37.939 ], [ 145.384, -37.938 ], [ 145.384, -37.975 ], [ 145.293, -37.965 ], [ 145.3, -37.931 ], [ 145.314, -37.932 ], [ 145.322, -37.923 ] ] ] } },
{ "type": "Feature", "properties": { "pha_code": 20108.0, "pha_name": "Chirnside Park/ Montrose/ Mooroolbark" }, "geometry": { "type": "Polygon", "coordinates": [ [ [ 145.335, -37.806 ], [ 145.339, -37.801 ], [ 145.307, -37.793 ], [ 145.308, -37.777 ], [ 145.292, -37.76 ], [ 145.296, -37.749 ], [ 145.287, -37.735 ], [ 145.294, -37.712 ], [ 145.343, -37.716 ], [ 145.332, -37.775 ], [ 145.344, -37.776 ], [ 145.353, -37.794 ], [ 145.375, -37.805 ], [ 145.372, -37.814 ], [ 145.343, -37.821 ], [ 145.339, -37.835 ], [ 145.323, -37.816 ], [ 145.335, -37.806 ] ] ] } },
{ "type": "Feature", "properties": { "pha_code": 20109.0, "pha_name": "Healesville - Yarra Glen" }, "geometry": { "type": "MultiPolygon", "coordinates": [ [ [ [ 145.37, -37.665 ], [ 145.372, -37.665 ], [ 145.372, -37.666 ], [ 145.37, -37.666 ], [ 145.37, -37.665 ] ] ], [ [ [ 145.425, -37.66 ], [ 145.426, -37.66 ], [ 145.426, -37.661 ], [ 145.425, -37.66 ] ] ], [ [ [ 145.331, -37.675 ], [ 145.354, -37.644 ], [ 145.366, -37.545 ], [ 145.394, -37.541 ], [ 145.403, -37.527 ], [ 145.441, -37.533 ], [ 145.438, -37.546 ], [ 145.468, -37.55 ], [ 145.47, -37.558 ], [ 145.482, -37.555 ], [ 145.497, -37.564 ], [ 145.509, -37.564 ], [ 145.503, -37.556 ], [ 145.525, -37.564 ], [ 145.534, -37.558 ], [ 145.561, -37.593 ], [ 145.586, -37.567 ], [ 145.602, -37.567 ], [ 145.603, -37.576 ], [ 145.618, -37.572 ], [ 145.648, -37.595 ], [ 145.659, -37.618 ], [ 145.676, -37.624 ], [ 145.588, -37.677 ], [ 145.582, -37.696 ], [ 145.572, -37.701 ], [ 145.573, -37.71 ], [ 145.582, -37.711 ], [ 145.575, -37.74 ], [ 145.533, -37.735 ], [ 145.515, -37.74 ], [ 145.498, -37.731 ], [ 145.509, -37.703 ], [ 145.496, -37.695 ], [ 145.485, -37.664 ], [ 145.474, -37.664 ], [ 145.469, -37.676 ], [ 145.441, -37.674 ], [ 145.42, -37.658 ], [ 145.421, -37.665 ], [ 145.401, -37.676 ], [ 145.377, -37.66 ], [ 145.371, -37.668 ], [ 145.362, -37.671 ], [ 145.363, -37.674 ], [ 145.357, -37.671 ], [ 145.353, -37.682 ], [ 145.344, -37.673 ], [ 145.337, -37.683 ], [ 145.331, -37.675 ] ], [ [ 145.488, -37.666 ], [ 145.489, -37.666 ], [ 145.489, -37.665 ], [ 145.487, -37.665 ], [ 145.488, -37.666 ] ] ] ] } },
{ "type": "Feature", "properties": { "pha_code": 20110.0, "pha_name": "Kilsyth" }, "geometry": { "type": "Polygon", "coordinates": [ [ [ 145.308, -37.803 ], [ 145.314, -37.792 ], [ 145.34, -37.803 ], [ 145.323, -37.815 ], [ 145.334, -37.832 ], [ 145.326, -37.847 ], [ 145.318, -37.845 ], [ 145.317, -37.818 ], [ 145.304, -37.822 ], [ 145.308, -37.803 ] ] ] } },
{ "type": "Feature", "properties": { "pha_code": 20111.0, "pha_name": "Lilydale - Coldstream/ Wandin - Seville" }, "geometry": { "type": "MultiPolygon", "coordinates": [ [ [ [ 145.519, -37.798 ], [ 145.518, -37.798 ], [ 145.518, -37.797 ], [ 145.519, -37.797 ], [ 145.519, -37.798 ] ] ], [ [ [ 145.508, -37.778 ], [ 145.509, -37.778 ], [ 145.509, -37.779 ], [ 145.508, -37.778 ] ] ], [ [ [ 145.511, -37.776 ], [ 145.51, -37.776 ], [ 145.51, -37.774 ], [ 145.511, -37.774 ], [ 145.511, -37.776 ] ] ], [ [ [ 145.402, -37.768 ], [ 145.375, -37.764 ], [ 145.378, -37.774 ], [ 145.363, -37.774 ], [ 145.36, -37.797 ], [ 145.353, -37.794 ], [ 145.344, -37.776 ], [ 145.332, -37.775 ], [ 145.343, -37.716 ], [ 145.312, -37.714 ], [ 145.32, -37.707 ], [ 145.317, -37.692 ], [ 145.331, -37.692 ], [ 145.344, -37.673 ], [ 145.353, -37.682 ], [ 145.357, -37.671 ], [ 145.363, -37.674 ], [ 145.377, -37.66 ], [ 145.401, -37.676 ], [ 145.421, -37.665 ], [ 145.42, -37.658 ], [ 145.441, -37.674 ], [ 145.469, -37.676 ], [ 145.474, -37.664 ], [ 145.485, -37.664 ], [ 145.496, -37.695 ], [ 145.509, -37.703 ], [ 145.498, -37.731 ], [ 145.515, -37.738 ], [ 145.509, -37.745 ], [ 145.514, -37.774 ], [ 145.508, -37.784 ], [ 145.521, -37.792 ], [ 145.517, -37.806 ], [ 145.495, -37.814 ], [ 145.487, -37.825 ], [ 145.451, -37.831 ], [ 145.413, -37.795 ], [ 145.402, -37.768 ] ], [ [ 145.313, -37.71 ], [ 145.314, -37.71 ], [ 145.314, -37.709 ], [ 145.312, -37.709 ], [ 145.313, -37.71 ] ], [ [ 145.425, -37.66 ], [ 145.426, -37.661 ], [ 145.426, -37.66 ], [ 145.425, -37.66 ] ], [ [ 145.322, -37.706 ], [ 145.321, -37.706 ], [ 145.322, -37.708 ], [ 145.322, -37.707 ], [ 145.322, -37.706 ] ] ], [ [ [ 145.511, -37.752 ], [ 145.512, -37.752 ], [ 145.512, -37.753 ], [ 145.511, -37.752 ] ] ], [ [ [ 145.369, -37.665 ], [ 145.37, -37.665 ], [ 145.37, -37.666 ], [ 145.369, -37.666 ], [ 145.369, -37.665 ] ] ], [ [ [ 145.489, -37.665 ], [ 145.489, -37.666 ], [ 145.487, -37.666 ], [ 145.487, -37.665 ], [ 145.489, -37.665 ] ] ] ] } },
{ "type": "Feature", "properties": { "pha_code": 20112.0, "pha_name": "Monbulk - Silvan/ Mount Evelyn" }, "geometry": { "type": "Polygon", "coordinates": [ [ [ 145.406, -37.882 ], [ 145.387, -37.884 ], [ 145.394, -37.87 ], [ 145.415, -37.862 ], [ 145.43, -37.833 ], [ 145.406, -37.818 ], [ 145.405, -37.808 ], [ 145.395, -37.81 ], [ 145.382, -37.8 ], [ 145.374, -37.809 ], [ 145.369, -37.797 ], [ 145.36, -37.797 ], [ 145.363, -37.774 ], [ 145.378, -37.774 ], [ 145.375, -37.764 ], [ 145.402, -37.767 ], [ 145.413, -37.795 ], [ 145.451, -37.831 ], [ 145.486, -37.825 ], [ 145.476, -37.852 ], [ 145.523, -37.859 ], [ 145.529, -37.875 ], [ 145.526, -37.887 ], [ 145.508, -37.9 ], [ 145.474, -37.9 ], [ 145.467, -37.912 ], [ 145.452, -37.882 ], [ 145.446, -37.892 ], [ 145.424, -37.897 ], [ 145.406, -37.89 ], [ 145.406, -37.882 ] ] ] } },
{ "type": "Feature", "properties": { "pha_code": 20113.0, "pha_name": "Yarra Valley" }, "geometry": { "type": "MultiPolygon", "coordinates": [ [ [ [ 145.509, -37.779 ], [ 145.508, -37.779 ], [ 145.508, -37.778 ], [ 145.509, -37.779 ] ] ], [ [ [ 145.479, -37.851 ], [ 145.483, -37.827 ], [ 145.518, -37.804 ], [ 145.515, -37.8 ], [ 145.52, -37.79 ], [ 145.508, -37.784 ], [ 145.514, -37.774 ], [ 145.509, -37.745 ], [ 145.533, -37.735 ], [ 145.575, -37.74 ], [ 145.582, -37.711 ], [ 145.573, -37.71 ], [ 145.572, -37.701 ], [ 145.582, -37.696 ], [ 145.588, -37.677 ], [ 145.737, -37.594 ], [ 145.731, -37.578 ], [ 145.739, -37.566 ], [ 145.756, -37.574 ], [ 145.765, -37.617 ], [ 145.813, -37.63 ], [ 145.805, -37.64 ], [ 145.812, -37.663 ], [ 145.803, -37.656 ], [ 145.792, -37.66 ], [ 145.811, -37.689 ], [ 145.786, -37.709 ], [ 145.788, -37.722 ], [ 145.799, -37.717 ], [ 145.844, -37.754 ], [ 145.878, -37.799 ], [ 145.866, -37.808 ], [ 145.84, -37.798 ], [ 145.829, -37.812 ], [ 145.813, -37.807 ], [ 145.795, -37.815 ], [ 145.794, -37.826 ], [ 145.804, -37.826 ], [ 145.811, -37.836 ], [ 145.804, -37.851 ], [ 145.818, -37.858 ], [ 145.803, -37.861 ], [ 145.804, -37.874 ], [ 145.769, -37.881 ], [ 145.765, -37.899 ], [ 145.748, -37.908 ], [ 145.729, -37.903 ], [ 145.722, -37.885 ], [ 145.686, -37.881 ], [ 145.686, -37.889 ], [ 145.669, -37.897 ], [ 145.671, -37.907 ], [ 145.626, -37.918 ], [ 145.628, -37.904 ], [ 145.568, -37.898 ], [ 145.552, -37.872 ], [ 145.523, -37.858 ], [ 145.481, -37.857 ], [ 145.479, -37.851 ] ], [ [ 145.519, -37.798 ], [ 145.519, -37.797 ], [ 145.518, -37.797 ], [ 145.518, -37.798 ], [ 145.519, -37.798 ] ], [ [ 145.51, -37.775 ], [ 145.51, -37.776 ], [ 145.511, -37.776 ], [ 145.511, -37.774 ], [ 145.51, -37.775 ] ], [ [ 145.512, -37.753 ], [ 145.512, -37.752 ], [ 145.511, -37.752 ], [ 145.512, -37.753 ] ] ] ] } },
{ "type": "Feature", "properties": { "pha_code": 20114.0, "pha_name": "Beaconsfield - Officer/ Emerald - Cockatoo" }, "geometry": { "type": "MultiPolygon", "coordinates": [ [ [ [ 145.364, -38.051 ], [ 145.385, -38.014 ], [ 145.376, -37.991 ], [ 145.379, -37.974 ], [ 145.388, -37.971 ], [ 145.382, -37.941 ], [ 145.403, -37.939 ], [ 145.429, -37.913 ], [ 145.439, -37.915 ], [ 145.44, -37.894 ], [ 145.45, -37.882 ], [ 145.467, -37.912 ], [ 145.471, -37.901 ], [ 145.508, -37.9 ], [ 145.526, -37.887 ], [ 145.525, -37.86 ], [ 145.552, -37.872 ], [ 145.568, -37.898 ], [ 145.628, -37.904 ], [ 145.626, -37.918 ], [ 145.671, -37.907 ], [ 145.669, -37.897 ], [ 145.686, -37.889 ], [ 145.686, -37.881 ], [ 145.722, -37.885 ], [ 145.729, -37.903 ], [ 145.748, -37.908 ], [ 145.765, -37.899 ], [ 145.741, -37.927 ], [ 145.747, -37.939 ], [ 145.731, -37.959 ], [ 145.762, -37.989 ], [ 145.761, -37.999 ], [ 145.765, -38.009 ], [ 145.731, -38.004 ], [ 145.731, -37.995 ], [ 145.725, -38.0 ], [ 145.704, -37.992 ], [ 145.702, -37.982 ], [ 145.7, -37.99 ], [ 145.662, -37.981 ], [ 145.655, -37.995 ], [ 145.587, -37.985 ], [ 145.584, -38.005 ], [ 145.577, -37.993 ], [ 145.556, -38.001 ], [ 145.541, -37.988 ], [ 145.548, -38.016 ], [ 145.534, -38.009 ], [ 145.531, -38.017 ], [ 145.541, -38.02 ], [ 145.531, -38.027 ], [ 145.537, -38.034 ], [ 145.518, -38.033 ], [ 145.514, -38.042 ], [ 145.5, -38.038 ], [ 145.486, -38.016 ], [ 145.452, -38.018 ], [ 145.444, -38.026 ], [ 145.433, -38.021 ], [ 145.435, -38.032 ], [ 145.419, -38.044 ], [ 145.415, -38.061 ], [ 145.437, -38.063 ], [ 145.434, -38.08 ], [ 145.38, -38.069 ], [ 145.364, -38.051 ] ] ], [ [ [ 145.762, -37.992 ], [ 145.763, -37.991 ], [ 145.763, -37.992 ], [ 145.762, -37.992 ] ] ], [ [ [ 145.524, -37.859 ], [ 145.525, -37.859 ], [ 145.525, -37.86 ], [ 145.523, -37.859 ], [ 145.524, -37.859 ] ] ], [ [ [ 145.521, -37.858 ], [ 145.523, -37.858 ], [ 145.523, -37.859 ], [ 145.52, -37.858 ], [ 145.521, -37.858 ] ] ] ] } },
{ "type": "Feature", "properties": { "pha_code": 20115.0, "pha_name": "Bunyip - Garfield" }, "geometry": { "type": "Polygon", "coordinates": [ [ [ 145.541, -37.992 ], [ 145.547, -37.989 ], [ 145.556, -38.001 ], [ 145.577, -37.993 ], [ 145.584, -38.005 ], [ 145.587, -37.985 ], [ 145.655, -37.995 ], [ 145.662, -37.981 ], [ 145.7, -37.99 ], [ 145.702, -37.982 ], [ 145.704, -37.992 ], [ 145.725, -38.0 ], [ 145.731, -37.995 ], [ 145.731, -38.004 ], [ 145.765, -38.01 ], [ 145.755, -38.031 ], [ 145.755, -38.078 ], [ 145.739, -38.1 ], [ 145.763, -38.109 ], [ 145.748, -38.143 ], [ 145.73, -38.154 ], [ 145.708, -38.191 ], [ 145.679, -38.192 ], [ 145.682, -38.173 ], [ 145.589, -38.163 ], [ 145.577, -38.152 ], [ 145.527, -38.163 ], [ 145.551, -38.051 ], [ 145.527, -38.048 ], [ 145.529, -38.039 ], [ 145.536, -38.04 ], [ 145.531, -38.027 ], [ 145.541, -38.02 ], [ 145.531, -38.017 ], [ 145.534, -38.009 ], [ 145.548, -38.016 ], [ 145.55, -38.008 ], [ 145.541, -37.992 ] ] ] } },
{ "type": "Feature", "properties": { "pha_code": 20116.0, "pha_name": "Koo Wee Rup" }, "geometry": { "type": "Polygon", "coordinates": [ [ [ 145.377, -38.075 ], [ 145.382, -38.069 ], [ 145.452, -38.086 ], [ 145.453, -38.124 ], [ 145.535, -38.123 ], [ 145.527, -38.163 ], [ 145.577, -38.152 ], [ 145.589, -38.163 ], [ 145.682, -38.173 ], [ 145.679, -38.192 ], [ 145.703, -38.195 ], [ 145.701, -38.206 ], [ 145.717, -38.207 ], [ 145.713, -38.252 ], [ 145.736, -38.249 ], [ 145.733, -38.289 ], [ 145.69, -38.29 ], [ 145.691, -38.283 ], [ 145.681, -38.282 ], [ 145.68, -38.29 ], [ 145.612, -38.286 ], [ 145.606, -38.332 ], [ 145.593, -38.33 ], [ 145.582, -38.312 ], [ 145.553, -38.293 ], [ 145.545, -38.292 ], [ 145.542, -38.309 ], [ 145.521, -38.307 ], [ 145.519, -38.292 ], [ 145.498, -38.274 ], [ 145.489, -38.233 ], [ 145.43, -38.216 ], [ 145.418, -38.198 ], [ 145.389, -38.193 ], [ 145.399, -38.143 ], [ 145.383, -38.126 ], [ 145.402, -38.119 ], [ 145.401, -38.108 ], [ 145.382, -38.091 ], [ 145.377, -38.075 ] ], [ [ 145.439, -38.216 ], [ 145.439, -38.215 ], [ 145.438, -38.215 ], [ 145.439, -38.216 ] ] ] } },
{ "type": "Feature", "properties": { "pha_code": 20117.0, "pha_name": "Pakenham" }, "geometry": { "type": "Polygon", "coordinates": [ [ [ 145.547, -38.066 ], [ 145.54, -38.122 ], [ 145.484, -38.12 ], [ 145.479, -38.127 ], [ 145.453, -38.124 ], [ 145.452, -38.086 ], [ 145.434, -38.08 ], [ 145.437, -38.063 ], [ 145.415, -38.061 ], [ 145.419, -38.044 ], [ 145.435, -38.032 ], [ 145.433, -38.021 ], [ 145.444, -38.026 ], [ 145.452, -38.018 ], [ 145.465, -38.022 ], [ 145.48, -38.015 ], [ 145.504, -38.041 ], [ 145.534, -38.033 ], [ 145.527, -38.048 ], [ 145.551, -38.051 ], [ 145.547, -38.066 ] ] ] } },
{ "type": "Feature", "properties": { "pha_code": 20118.0, "pha_name": "Berwick - North/ Narre Warren North" }, "geometry": { "type": "Polygon", "coordinates": [ [ [ 145.321, -38.012 ], [ 145.323, -37.998 ], [ 145.268, -37.996 ], [ 145.276, -37.992 ], [ 145.282, -37.962 ], [ 145.38, -37.976 ], [ 145.376, -37.991 ], [ 145.385, -38.014 ], [ 145.366, -38.038 ], [ 145.366, -38.049 ], [ 145.356, -38.052 ], [ 145.333, -38.04 ], [ 145.313, -38.022 ], [ 145.321, -38.012 ] ] ] } },
{ "type": "Feature", "properties": { "pha_code": 20119.0, "pha_name": "Berwick - South" }, "geometry": { "type": "Polygon", "coordinates": [ [ [ 145.342, -38.046 ], [ 145.372, -38.056 ], [ 145.381, -38.067 ], [ 145.376, -38.08 ], [ 145.322, -38.073 ], [ 145.33, -38.059 ], [ 145.318, -38.05 ], [ 145.322, -38.04 ], [ 145.342, -38.046 ] ] ] } },
{ "type": "Feature", "properties": { "pha_code": 20120.0, "pha_name": "Doveton" }, "geometry": { "type": "Polygon", "coordinates": [ [ [ 145.231, -37.986 ], [ 145.233, -37.966 ], [ 145.254, -37.991 ], [ 145.252, -38.004 ], [ 145.227, -38.001 ], [ 145.231, -37.986 ] ] ] } },
{ "type": "Feature", "properties": { "pha_code": 20121.0, "pha_name": "Endeavour Hills" }, "geometry": { "type": "Polygon", "coordinates": [ [ [ 145.24, -37.978 ], [ 145.229, -37.952 ], [ 145.233, -37.942 ], [ 145.28, -37.948 ], [ 145.29, -37.958 ], [ 145.282, -37.962 ], [ 145.274, -37.994 ], [ 145.255, -37.994 ], [ 145.24, -37.978 ] ] ] } },
{ "type": "Feature", "properties": { "pha_code": 20122.0, "pha_name": "Hallam" }, "geometry": { "type": "Polygon", "coordinates": [ [ [ 145.252, -38.004 ], [ 145.254, -37.993 ], [ 145.29, -37.999 ], [ 145.283, -38.011 ], [ 145.287, -38.022 ], [ 145.249, -38.017 ], [ 145.252, -38.004 ] ] ] } },
{ "type": "Feature", "properties": { "pha_code": 20123.0, "pha_name": "Narre Warren" }, "geometry": { "type": "Polygon", "coordinates": [ [ [ 145.285, -38.011 ], [ 145.29, -37.995 ], [ 145.323, -37.998 ], [ 145.327, -38.005 ], [ 145.313, -38.022 ], [ 145.332, -38.039 ], [ 145.303, -38.044 ], [ 145.3, -38.031 ], [ 145.286, -38.025 ], [ 145.285, -38.011 ] ] ] } },
{ "type": "Feature", "properties": { "pha_code": 20124.0, "pha_name": "Cranbourne East/ Cranbourne South" }, "geometry": { "type": "MultiPolygon", "coordinates": [ [ [ [ 145.262, -38.224 ], [ 145.261, -38.224 ], [ 145.261, -38.223 ], [ 145.262, -38.223 ], [ 145.262, -38.224 ] ] ], [ [ [ 145.217, -38.192 ], [ 145.228, -38.134 ], [ 145.249, -38.124 ], [ 145.291, -38.129 ], [ 145.295, -38.085 ], [ 145.333, -38.089 ], [ 145.335, -38.075 ], [ 145.343, -38.075 ], [ 145.378, -38.079 ], [ 145.382, -38.091 ], [ 145.399, -38.101 ], [ 145.402, -38.119 ], [ 145.383, -38.126 ], [ 145.399, -38.143 ], [ 145.389, -38.193 ], [ 145.418, -38.198 ], [ 145.431, -38.216 ], [ 145.409, -38.228 ], [ 145.344, -38.214 ], [ 145.342, -38.229 ], [ 145.326, -38.235 ], [ 145.324, -38.243 ], [ 145.279, -38.247 ], [ 145.271, -38.224 ], [ 145.259, -38.226 ], [ 145.23, -38.221 ], [ 145.215, -38.209 ], [ 145.217, -38.192 ] ], [ [ 145.392, -38.22 ], [ 145.392, -38.219 ], [ 145.391, -38.219 ], [ 145.391, -38.22 ], [ 145.392, -38.22 ] ], [ [ 145.272, -38.223 ], [ 145.271, -38.223 ], [ 145.271, -38.224 ], [ 145.272, -38.223 ] ] ] ] } },
{ "type": "Feature", "properties": { "pha_code": 20125.0, "pha_name": "Cranbourne North" }, "geometry": { "type": "Polygon", "coordinates": [ [ [ 145.308, -38.071 ], [ 145.334, -38.074 ], [ 145.333, -38.089 ], [ 145.262, -38.078 ], [ 145.265, -38.066 ], [ 145.308, -38.071 ] ] ] } },
{ "type": "Feature", "properties": { "pha_code": 20126.0, "pha_name": "Cranbourne/ Cranbourne West" }, "geometry": { "type": "Polygon", "coordinates": [ [ [ 145.236, -38.097 ], [ 145.24, -38.078 ], [ 145.295, -38.085 ], [ 145.291, -38.129 ], [ 145.249, -38.124 ], [ 145.228, -38.134 ], [ 145.236, -38.097 ] ] ] } },
{ "type": "Feature", "properties": { "pha_code": 20127.0, "pha_name": "Hampton Park" }, "geometry": { "type": "Polygon", "coordinates": [ [ [ 145.274, -38.02 ], [ 145.288, -38.025 ], [ 145.28, -38.068 ], [ 145.266, -38.066 ], [ 145.265, -38.045 ], [ 145.255, -38.047 ], [ 145.247, -38.036 ], [ 145.249, -38.017 ], [ 145.274, -38.02 ] ] ] } },
{ "type": "Feature", "properties": { "pha_code": 20128.0, "pha_name": "Lynbrook - Lyndhurst" }, "geometry": { "type": "Polygon", "coordinates": [ [ [ 145.246, -38.047 ], [ 145.247, -38.036 ], [ 145.255, -38.047 ], [ 145.265, -38.045 ], [ 145.265, -38.081 ], [ 145.24, -38.078 ], [ 145.246, -38.047 ] ] ] } },
{ "type": "Feature", "properties": { "pha_code": 20129.0, "pha_name": "Narre Warren South" }, "geometry": { "type": "Polygon", "coordinates": [ [ [ 145.304, -38.042 ], [ 145.321, -38.044 ], [ 145.321, -38.057 ], [ 145.33, -38.059 ], [ 145.322, -38.073 ], [ 145.28, -38.067 ], [ 145.288, -38.025 ], [ 145.304, -38.042 ] ] ] } },
{ "type": "Feature", "properties": { "pha_code": 20130.0, "pha_name": "Clarinda - Oakleigh South/ Clayton South" }, "geometry": { "type": "Polygon", "coordinates": [ [ [ 145.111, -37.928 ], [ 145.141, -37.931 ], [ 145.137, -37.96 ], [ 145.103, -37.956 ], [ 145.096, -37.943 ], [ 145.08, -37.939 ], [ 145.082, -37.924 ], [ 145.111, -37.928 ] ] ] } },
{ "type": "Feature", "properties": { "pha_code": 20131.0, "pha_name": "Dandenong" }, "geometry": { "type": "Polygon", "coordinates": [ [ [ 145.193, -37.997 ], [ 145.195, -37.968 ], [ 145.235, -37.973 ], [ 145.227, -38.001 ], [ 145.252, -38.004 ], [ 145.24, -38.078 ], [ 145.15, -38.067 ], [ 145.147, -38.057 ], [ 145.184, -38.032 ], [ 145.193, -37.997 ] ] ] } },
{ "type": "Feature", "properties": { "pha_code": 20132.0, "pha_name": "Dandenong North/ Noble Park North" }, "geometry": { "type": "Polygon", "coordinates": [ [ [ 145.196, -37.938 ], [ 145.219, -37.94 ], [ 145.234, -37.955 ], [ 145.234, -37.972 ], [ 145.195, -37.968 ], [ 145.176, -37.951 ], [ 145.187, -37.944 ], [ 145.183, -37.936 ], [ 145.196, -37.938 ] ] ] } },
{ "type": "Feature", "properties": { "pha_code": 20133.0, "pha_name": "Dingley Village" }, "geometry": { "type": "Polygon", "coordinates": [ [ [ 145.117, -37.98 ], [ 145.112, -37.957 ], [ 145.131, -37.96 ], [ 145.145, -37.991 ], [ 145.119, -37.988 ], [ 145.117, -37.98 ] ] ] } },
{ "type": "Feature", "properties": { "pha_code": 20134.0, "pha_name": "Keysborough" }, "geometry": { "type": "Polygon", "coordinates": [ [ [ 145.145, -37.991 ], [ 145.146, -37.982 ], [ 145.192, -37.982 ], [ 145.195, -37.998 ], [ 145.181, -38.036 ], [ 145.147, -38.057 ], [ 145.134, -38.025 ], [ 145.145, -37.991 ] ] ] } },
{ "type": "Feature", "properties": { "pha_code": 20135.0, "pha_name": "Noble Park" }, "geometry": { "type": "Polygon", "coordinates": [ [ [ 145.159, -37.977 ], [ 145.163, -37.956 ], [ 145.17, -37.957 ], [ 145.173, -37.948 ], [ 145.193, -37.965 ], [ 145.197, -37.981 ], [ 145.17, -37.984 ], [ 145.159, -37.977 ] ] ] } },
{ "type": "Feature", "properties": { "pha_code": 20136.0, "pha_name": "Springvale/ Springvale South" }, "geometry": { "type": "Polygon", "coordinates": [ [ [ 145.135, -37.968 ], [ 145.13, -37.96 ], [ 145.137, -37.96 ], [ 145.143, -37.925 ], [ 145.187, -37.94 ], [ 145.181, -37.951 ], [ 145.172, -37.948 ], [ 145.17, -37.957 ], [ 145.163, -37.956 ], [ 145.155, -37.984 ], [ 145.145, -37.983 ], [ 145.135, -37.968 ] ] ] } },
{ "type": "Feature", "properties": { "pha_code": 20137.0, "pha_name": "Ashwood - Chadstone/ Oakleigh - Huntingdale" }, "geometry": { "type": "Polygon", "coordinates": [ [ [ 145.116, -37.898 ], [ 145.124, -37.899 ], [ 145.122, -37.914 ], [ 145.113, -37.913 ], [ 145.108, -37.927 ], [ 145.082, -37.924 ], [ 145.095, -37.853 ], [ 145.114, -37.856 ], [ 145.106, -37.897 ], [ 145.116, -37.898 ] ] ] } },
{ "type": "Feature", "properties": { "pha_code": 20138.0, "pha_name": "Clayton" }, "geometry": { "type": "Polygon", "coordinates": [ [ [ 145.113, -37.916 ], [ 145.122, -37.914 ], [ 145.124, -37.899 ], [ 145.153, -37.903 ], [ 145.142, -37.931 ], [ 145.108, -37.927 ], [ 145.113, -37.916 ] ] ] } },
{ "type": "Feature", "properties": { "pha_code": 20139.0, "pha_name": "Glen Waverley - East/ Wheelers Hill" }, "geometry": { "type": "Polygon", "coordinates": [ [ [ 145.161, -37.905 ], [ 145.169, -37.862 ], [ 145.195, -37.865 ], [ 145.191, -37.881 ], [ 145.208, -37.899 ], [ 145.206, -37.924 ], [ 145.172, -37.92 ], [ 145.161, -37.905 ] ] ] } },
{ "type": "Feature", "properties": { "pha_code": 20140.0, "pha_name": "Glen Waverley - West/ Mulgrave" }, "geometry": { "type": "Polygon", "coordinates": [ [ [ 145.148, -37.928 ], [ 145.153, -37.903 ], [ 145.143, -37.899 ], [ 145.15, -37.862 ], [ 145.164, -37.861 ], [ 145.169, -37.866 ], [ 145.16, -37.909 ], [ 145.175, -37.921 ], [ 145.206, -37.924 ], [ 145.22, -37.94 ], [ 145.148, -37.928 ] ] ] } },
{ "type": "Feature", "properties": { "pha_code": 20141.0, "pha_name": "Mount Waverley - North/ Mount Waverley - South" }, "geometry": { "type": "Polygon", "coordinates": [ [ [ 145.109, -37.885 ], [ 145.114, -37.856 ], [ 145.151, -37.86 ], [ 145.143, -37.901 ], [ 145.106, -37.897 ], [ 145.109, -37.885 ] ] ] } },
{ "type": "Feature", "properties": { "pha_code": 20142.0, "pha_name": "Ardeer - Albion/ Sunshine/ Sunshine West" }, "geometry": { "type": "Polygon", "coordinates": [ [ [ 144.788, -37.789 ], [ 144.794, -37.77 ], [ 144.816, -37.766 ], [ 144.824, -37.777 ], [ 144.847, -37.779 ], [ 144.839, -37.797 ], [ 144.856, -37.815 ], [ 144.827, -37.823 ], [ 144.826, -37.817 ], [ 144.807, -37.815 ], [ 144.806, -37.803 ], [ 144.789, -37.8 ], [ 144.788, -37.789 ] ] ] } },
{ "type": "Feature", "properties": { "pha_code": 20143.0, "pha_name": "Cairnlea" }, "geometry": { "type": "Polygon", "coordinates": [ [ [ 144.777, -37.757 ], [ 144.779, -37.747 ], [ 144.792, -37.748 ], [ 144.806, -37.767 ], [ 144.776, -37.768 ], [ 144.777, -37.757 ] ] ] } },
{ "type": "Feature", "properties": { "pha_code": 20144.0, "pha_name": "Deer Park/ Derrimut" }, "geometry": { "type": "Polygon", "coordinates": [ [ [ 144.754, -37.787 ], [ 144.757, -37.75 ], [ 144.778, -37.75 ], [ 144.776, -37.768 ], [ 144.795, -37.773 ], [ 144.789, -37.8 ], [ 144.806, -37.803 ], [ 144.807, -37.815 ], [ 144.752, -37.811 ], [ 144.754, -37.787 ] ] ] } },
{ "type": "Feature", "properties": { "pha_code": 20145.0, "pha_name": "Delahey" }, "geometry": { "type": "Polygon", "coordinates": [ [ [ 144.767, -37.715 ], [ 144.782, -37.711 ], [ 144.793, -37.728 ], [ 144.764, -37.726 ], [ 144.767, -37.715 ] ] ] } },
{ "type": "Feature", "properties": { "pha_code": 20146.0, "pha_name": "Keilor Downs" }, "geometry": { "type": "Polygon", "coordinates": [ [ [ 144.786, -37.717 ], [ 144.782, -37.711 ], [ 144.821, -37.715 ], [ 144.839, -37.747 ], [ 144.828, -37.748 ], [ 144.817, -37.731 ], [ 144.793, -37.728 ], [ 144.786, -37.717 ] ] ] } },
{ "type": "Feature", "properties": { "pha_code": 20147.0, "pha_name": "St Albans – North/ Kings Park (Vic.)" }, "geometry": { "type": "Polygon", "coordinates": [ [ [ 144.764, -37.727 ], [ 144.813, -37.729 ], [ 144.829, -37.746 ], [ 144.779, -37.742 ], [ 144.778, -37.75 ], [ 144.759, -37.751 ], [ 144.764, -37.727 ] ] ] } },
{ "type": "Feature", "properties": { "pha_code": 20148.0, "pha_name": "St Albans - South/ Sunshine North" }, "geometry": { "type": "Polygon", "coordinates": [ [ [ 144.834, -37.751 ], [ 144.848, -37.749 ], [ 144.854, -37.766 ], [ 144.847, -37.779 ], [ 144.807, -37.768 ], [ 144.779, -37.742 ], [ 144.834, -37.751 ] ] ] } },
{ "type": "Feature", "properties": { "pha_code": 20149.0, "pha_name": "Sydenham" }, "geometry": { "type": "Polygon", "coordinates": [ [ [ 144.753, -37.7 ], [ 144.758, -37.681 ], [ 144.782, -37.711 ], [ 144.752, -37.706 ], [ 144.753, -37.7 ] ] ] } },
{ "type": "Feature", "properties": { "pha_code": 20150.0, "pha_name": "Taylors Lakes" }, "geometry": { "type": "Polygon", "coordinates": [ [ [ 144.767, -37.692 ], [ 144.744, -37.663 ], [ 144.772, -37.664 ], [ 144.776, -37.677 ], [ 144.805, -37.67 ], [ 144.806, -37.683 ], [ 144.819, -37.682 ], [ 144.821, -37.69 ], [ 144.802, -37.702 ], [ 144.811, -37.714 ], [ 144.784, -37.712 ], [ 144.767, -37.692 ] ] ] } },
{ "type": "Feature", "properties": { "pha_code": 20151.0, "pha_name": "Altona" }, "geometry": { "type": "Polygon", "coordinates": [ [ [ 144.789, -37.843 ], [ 144.841, -37.849 ], [ 144.867, -37.859 ], [ 144.84, -37.872 ], [ 144.817, -37.873 ], [ 144.808, -37.882 ], [ 144.788, -37.874 ], [ 144.79, -37.86 ], [ 144.777, -37.863 ], [ 144.78, -37.846 ], [ 144.789, -37.843 ] ] ] } },
{ "type": "Feature", "properties": { "pha_code": 20152.0, "pha_name": "Altona Meadows" }, "geometry": { "type": "MultiPolygon", "coordinates": [ [ [ [ 144.808, -37.885 ], [ 144.809, -37.886 ], [ 144.808, -37.886 ], [ 144.808, -37.885 ] ] ], [ [ [ 144.764, -37.874 ], [ 144.754, -37.871 ], [ 144.79, -37.86 ], [ 144.788, -37.874 ], [ 144.808, -37.882 ], [ 144.807, -37.885 ], [ 144.808, -37.891 ], [ 144.798, -37.9 ], [ 144.782, -37.9 ], [ 144.764, -37.874 ] ] ] ] } },
{ "type": "Feature", "properties": { "pha_code": 20153.0, "pha_name": "Altona North" }, "geometry": { "type": "Polygon", "coordinates": [ [ [ 144.789, -37.843 ], [ 144.858, -37.814 ], [ 144.858, -37.825 ], [ 144.867, -37.826 ], [ 144.863, -37.849 ], [ 144.853, -37.852 ], [ 144.789, -37.843 ] ] ] } },
{ "type": "Feature", "properties": { "pha_code": 20154.0, "pha_name": "Newport/ Williamstown" }, "geometry": { "type": "MultiPolygon", "coordinates": [ [ [ [ 144.898, -37.851 ], [ 144.916, -37.866 ], [ 144.902, -37.873 ], [ 144.852, -37.856 ], [ 144.855, -37.848 ], [ 144.863, -37.849 ], [ 144.867, -37.831 ], [ 144.858, -37.824 ], [ 144.895, -37.827 ], [ 144.896, -37.822 ], [ 144.906, -37.823 ], [ 144.897, -37.831 ], [ 144.898, -37.851 ] ] ], [ [ [ 144.899, -37.85 ], [ 144.899, -37.849 ], [ 144.9, -37.849 ], [ 144.9, -37.85 ], [ 144.899, -37.85 ] ] ], [ [ [ 144.9, -37.848 ], [ 144.901, -37.848 ], [ 144.901, -37.849 ], [ 144.9, -37.848 ] ] ], [ [ [ 144.899, -37.845 ], [ 144.9, -37.846 ], [ 144.9, -37.847 ], [ 144.899, -37.847 ], [ 144.899, -37.845 ] ] ], [ [ [ 144.899, -37.845 ], [ 144.898, -37.845 ], [ 144.898, -37.844 ], [ 144.899, -37.844 ], [ 144.899, -37.845 ] ] ] ] } },
{ "type": "Feature", "properties": { "pha_code": 20155.0, "pha_name": "Seabrook" }, "geometry": { "type": "Polygon", "coordinates": [ [ [ 144.752, -37.88 ], [ 144.763, -37.873 ], [ 144.766, -37.884 ], [ 144.752, -37.887 ], [ 144.752, -37.88 ] ] ] } },
{ "type": "Feature", "properties": { "pha_code": 20156.0, "pha_name": "Braybrook" }, "geometry": { "type": "Polygon", "coordinates": [ [ [ 144.846, -37.785 ], [ 144.851, -37.77 ], [ 144.886, -37.776 ], [ 144.883, -37.791 ], [ 144.864, -37.789 ], [ 144.862, -37.8 ], [ 144.842, -37.797 ], [ 144.846, -37.785 ] ] ] } },
{ "type": "Feature", "properties": { "pha_code": 20157.0, "pha_name": "Footscray/ West Footscray - Tottenham" }, "geometry": { "type": "Polygon", "coordinates": [ [ [ 144.863, -37.792 ], [ 144.884, -37.786 ], [ 144.917, -37.798 ], [ 144.905, -37.815 ], [ 144.888, -37.802 ], [ 144.856, -37.815 ], [ 144.839, -37.797 ], [ 144.862, -37.8 ], [ 144.863, -37.792 ] ] ] } },
{ "type": "Feature", "properties": { "pha_code": 20158.0, "pha_name": "Maribyrnong" }, "geometry": { "type": "Polygon", "coordinates": [ [ [ 144.874, -37.77 ], [ 144.872, -37.762 ], [ 144.881, -37.756 ], [ 144.902, -37.765 ], [ 144.896, -37.775 ], [ 144.904, -37.788 ], [ 144.885, -37.787 ], [ 144.886, -37.776 ], [ 144.874, -37.77 ] ] ] } },
{ "type": "Feature", "properties": { "pha_code": 20159.0, "pha_name": "Seddon - Kingsville/ Yarraville" }, "geometry": { "type": "Polygon", "coordinates": [ [ [ 144.86, -37.814 ], [ 144.888, -37.802 ], [ 144.9, -37.807 ], [ 144.907, -37.822 ], [ 144.858, -37.824 ], [ 144.86, -37.814 ] ] ] } },
{ "type": "Feature", "properties": { "pha_code": 20160.0, "pha_name": "Bacchus Marsh" }, "geometry": { "type": "MultiPolygon", "coordinates": [ [ [ [ 144.514, -37.677 ], [ 144.514, -37.678 ], [ 144.513, -37.678 ], [ 144.513, -37.677 ], [ 144.514, -37.677 ] ] ], [ [ [ 144.52, -37.668 ], [ 144.519, -37.668 ], [ 144.519, -37.667 ], [ 144.52, -37.667 ], [ 144.52, -37.668 ] ] ], [ [ [ 144.521, -37.64 ], [ 144.52, -37.64 ], [ 144.52, -37.639 ], [ 144.521, -37.639 ], [ 144.521, -37.64 ] ] ], [ [ [ 144.337, -37.62 ], [ 144.357, -37.635 ], [ 144.402, -37.64 ], [ 144.386, -37.607076923076924 ], [ 144.423, -37.613 ], [ 144.428, -37.597 ], [ 144.421, -37.593 ], [ 144.449, -37.592 ], [ 144.453, -37.574 ], [ 144.447, -37.568 ], [ 144.459, -37.546 ], [ 144.556, -37.559 ], [ 144.523, -37.603 ], [ 144.528, -37.616 ], [ 144.516, -37.646 ], [ 144.521, -37.666 ], [ 144.518, -37.674 ], [ 144.512, -37.675 ], [ 144.519, -37.707 ], [ 144.489, -37.706 ], [ 144.485, -37.693 ], [ 144.465, -37.692 ], [ 144.463, -37.706 ], [ 144.403, -37.728 ], [ 144.405, -37.717 ], [ 144.395, -37.717 ], [ 144.397, -37.709 ], [ 144.39, -37.708 ], [ 144.392, -37.696 ], [ 144.368, -37.688 ], [ 144.37, -37.675 ], [ 144.346, -37.659 ], [ 144.358, -37.65 ], [ 144.336, -37.641 ], [ 144.337, -37.62 ] ], [ [ 144.534, -37.59 ], [ 144.533, -37.59 ], [ 144.533, -37.591 ], [ 144.534, -37.591 ], [ 144.534, -37.59 ] ] ] ] } },
{ "type": "Feature", "properties": { "pha_code": 20161.0, "pha_name": "Caroline Springs" }, "geometry": { "type": "Polygon", "coordinates": [ [ [ 144.763, -37.738 ], [ 144.757, -37.763 ], [ 144.724, -37.751 ], [ 144.729, -37.721 ], [ 144.763, -37.725 ], [ 144.763, -37.738 ] ] ] } },
{ "type": "Feature", "properties": { "pha_code": 20162.0, "pha_name": "Hillside/ Taylors Hill" }, "geometry": { "type": "Polygon", "coordinates": [ [ [ 144.753, -37.706 ], [ 144.768, -37.71 ], [ 144.764, -37.726 ], [ 144.729, -37.721 ], [ 144.725, -37.735 ], [ 144.704, -37.735 ], [ 144.694, -37.724 ], [ 144.684, -37.73 ], [ 144.686, -37.722 ], [ 144.674, -37.708 ], [ 144.636, -37.697 ], [ 144.641, -37.687 ], [ 144.635, -37.683 ], [ 144.647, -37.672 ], [ 144.642, -37.648 ], [ 144.655, -37.639 ], [ 144.685, -37.656 ], [ 144.744, -37.663 ], [ 144.758, -37.681 ], [ 144.753, -37.706 ] ] ] } },
{ "type": "Feature", "properties": { "pha_code": 20163.0, "pha_name": "Melton West" }, "geometry": { "type": "MultiPolygon", "coordinates": [ [ [ [ 144.512, -37.678 ], [ 144.512, -37.677 ], [ 144.513, -37.677 ], [ 144.513, -37.678 ], [ 144.512, -37.678 ] ] ], [ [ [ 144.514, -37.678 ], [ 144.515, -37.668 ], [ 144.521, -37.666 ], [ 144.519, -37.635 ], [ 144.575, -37.652 ], [ 144.567, -37.69 ], [ 144.518, -37.688 ], [ 144.514, -37.678 ] ], [ [ 144.519, -37.668 ], [ 144.52, -37.668 ], [ 144.52, -37.667 ], [ 144.519, -37.667 ], [ 144.519, -37.668 ] ], [ [ 144.52, -37.64 ], [ 144.521, -37.64 ], [ 144.521, -37.639 ], [ 144.52, -37.639 ], [ 144.52, -37.64 ] ] ] ] } },
{ "type": "Feature", "properties": { "pha_code": 20164.0, "pha_name": "Melton/ Melton South/ Rockbank - Mount Cottrell" }, "geometry": { "type": "MultiPolygon", "coordinates": [ [ [ [ 144.49, -37.782 ], [ 144.478, -37.781 ], [ 144.491, -37.706 ], [ 144.519, -37.707 ], [ 144.516, -37.687 ], [ 144.568, -37.688 ], [ 144.575, -37.652 ], [ 144.519, -37.635 ], [ 144.528, -37.616 ], [ 144.523, -37.603 ], [ 144.561, -37.552 ], [ 144.627, -37.56 ], [ 144.631, -37.588 ], [ 144.657, -37.594 ], [ 144.654, -37.613 ], [ 144.661, -37.628 ], [ 144.652, -37.645 ], [ 144.642, -37.648 ], [ 144.647, -37.672 ], [ 144.635, -37.683 ], [ 144.641, -37.687 ], [ 144.636, -37.697 ], [ 144.674, -37.708 ], [ 144.686, -37.722 ], [ 144.684, -37.73 ], [ 144.694, -37.724 ], [ 144.704, -37.735 ], [ 144.726, -37.732 ], [ 144.724, -37.751 ], [ 144.757, -37.763 ], [ 144.751, -37.81 ], [ 144.592, -37.793 ], [ 144.577333333333343, -37.806 ], [ 144.533, -37.787 ], [ 144.49, -37.782 ] ] ], [ [ [ 144.516, -37.687 ], [ 144.515, -37.687 ], [ 144.515, -37.686 ], [ 144.516, -37.687 ] ] ], [ [ [ 144.534, -37.591 ], [ 144.533, -37.591 ], [ 144.533, -37.59 ], [ 144.534, -37.59 ], [ 144.534, -37.591 ] ] ] ] } },
{ "type": "Feature", "properties": { "pha_code": 20165.0, "pha_name": "Hoppers Crossing - North/ Truganina" }, "geometry": { "type": "Polygon", "coordinates": [ [ [ 144.668, -37.856 ], [ 144.669, -37.846 ], [ 144.713, -37.851 ], [ 144.703, -37.837 ], [ 144.709, -37.807 ], [ 144.769, -37.812 ], [ 144.766, -37.839 ], [ 144.731, -37.863 ], [ 144.737, -37.874 ], [ 144.7, -37.884 ], [ 144.704, -37.865 ], [ 144.667, -37.861 ], [ 144.668, -37.856 ] ] ] } },
{ "type": "Feature", "properties": { "pha_code": 20166.0, "pha_name": "Hoppers Crossing - South/ Werribee - South" }, "geometry": { "type": "Polygon", "coordinates": [ [ [ 144.55, -37.975 ], [ 144.657, -37.92 ], [ 144.65, -37.904 ], [ 144.681, -37.892 ], [ 144.683, -37.878 ], [ 144.664, -37.876 ], [ 144.667, -37.861 ], [ 144.704, -37.865 ], [ 144.7, -37.884 ], [ 144.719, -37.878 ], [ 144.714, -37.915 ], [ 144.743, -37.929 ], [ 144.741, -37.94 ], [ 144.702, -37.972 ], [ 144.684, -37.976 ], [ 144.652, -38.002 ], [ 144.58, -38.003 ], [ 144.568, -37.984 ], [ 144.554, -37.985 ], [ 144.55, -37.975 ] ] ] } },
{ "type": "Feature", "properties": { "pha_code": 20167.0, "pha_name": "Laverton" }, "geometry": { "type": "Polygon", "coordinates": [ [ [ 144.766, -37.839 ], [ 144.769, -37.812 ], [ 144.826, -37.817 ], [ 144.82, -37.828 ], [ 144.782, -37.844 ], [ 144.774, -37.867 ], [ 144.737, -37.873 ], [ 144.731, -37.863 ], [ 144.766, -37.839 ] ] ] } },
{ "type": "Feature", "properties": { "pha_code": 20168.0, "pha_name": "Point Cook" }, "geometry": { "type": "MultiPolygon", "coordinates": [ [ [ [ 144.716, -37.899 ], [ 144.719, -37.878 ], [ 144.751, -37.87 ], [ 144.752, -37.887 ], [ 144.771, -37.884 ], [ 144.782, -37.9 ], [ 144.803, -37.895 ], [ 144.794, -37.927 ], [ 144.741, -37.941 ], [ 144.743, -37.929 ], [ 144.714, -37.915 ], [ 144.716, -37.899 ] ] ], [ [ [ 144.804, -37.895 ], [ 144.803, -37.895 ], [ 144.804, -37.8945 ], [ 144.804, -37.895 ] ] ] ] } },
{ "type": "Feature", "properties": { "pha_code": 20169.0, "pha_name": "Tarneit" }, "geometry": { "type": "Polygon", "coordinates": [ [ [ 144.654, -37.869 ], [ 144.625, -37.861 ], [ 144.618, -37.843 ], [ 144.603, -37.827 ], [ 144.589, -37.825 ], [ 144.588, -37.816 ], [ 144.573, -37.819 ], [ 144.578, -37.799 ], [ 144.592, -37.793 ], [ 144.709, -37.807 ], [ 144.703, -37.837 ], [ 144.713, -37.851 ], [ 144.669, -37.846 ], [ 144.665, -37.872 ], [ 144.654, -37.869 ] ] ] } },
{ "type": "Feature", "properties": { "pha_code": 20170.0, "pha_name": "Werribee" }, "geometry": { "type": "Polygon", "coordinates": [ [ [ 144.478, -37.938 ], [ 144.475, -37.928 ], [ 144.482, -37.922 ], [ 144.476, -37.916 ], [ 144.485, -37.909 ], [ 144.481, -37.89 ], [ 144.454, -37.867 ], [ 144.597, -37.883 ], [ 144.607, -37.887 ], [ 144.605, -37.899 ], [ 144.628, -37.902 ], [ 144.634, -37.887 ], [ 144.652, -37.878 ], [ 144.651, -37.87 ], [ 144.683, -37.878 ], [ 144.681, -37.892 ], [ 144.65, -37.904 ], [ 144.657, -37.92 ], [ 144.549, -37.974 ], [ 144.531, -37.971 ], [ 144.522, -37.981 ], [ 144.495, -37.974 ], [ 144.496, -37.964 ], [ 144.48, -37.951 ], [ 144.478, -37.938 ] ], [ [ 144.48, -37.945 ], [ 144.481, -37.945 ], [ 144.481, -37.944 ], [ 144.48, -37.944 ], [ 144.48, -37.945 ] ] ] } },
{ "type": "Feature", "properties": { "pha_code": 20171.0, "pha_name": "Wyndham Vale" }, "geometry": { "type": "Polygon", "coordinates": [ [ [ 144.607, -37.888 ], [ 144.447, -37.868 ], [ 144.449, -37.837 ], [ 144.467, -37.839 ], [ 144.478, -37.781 ], [ 144.568, -37.799 ], [ 144.578, -37.804 ], [ 144.573, -37.819 ], [ 144.588, -37.816 ], [ 144.589, -37.825 ], [ 144.603, -37.827 ], [ 144.618, -37.843 ], [ 144.625, -37.861 ], [ 144.654, -37.869 ], [ 144.651, -37.879 ], [ 144.641, -37.881 ], [ 144.643, -37.888 ], [ 144.634, -37.887 ], [ 144.629, -37.902 ], [ 144.605, -37.899 ], [ 144.607, -37.888 ] ] ] } },
{ "type": "Feature", "properties": { "pha_code": 20172.0, "pha_name": "Carrum Downs/ Seaford (Vic.)" }, "geometry": { "type": "Polygon", "coordinates": [ [ [ 145.122, -38.129 ], [ 145.124, -38.082 ], [ 145.149, -38.083 ], [ 145.156, -38.067 ], [ 145.203, -38.073 ], [ 145.201, -38.082 ], [ 145.193, -38.082 ], [ 145.2, -38.09 ], [ 145.188, -38.124 ], [ 145.156, -38.113 ], [ 145.134, -38.131 ], [ 145.122, -38.129 ] ] ] } },
{ "type": "Feature", "properties": { "pha_code": 20173.0, "pha_name": "Frankston" }, "geometry": { "type": "Polygon", "coordinates": [ [ [ 145.115, -38.148 ], [ 145.122, -38.129 ], [ 145.135, -38.131 ], [ 145.136, -38.147 ], [ 145.168, -38.156 ], [ 145.161, -38.177 ], [ 145.11, -38.154 ], [ 145.115, -38.148 ] ] ] } },
{ "type": "Feature", "properties": { "pha_code": 20174.0, "pha_name": "Frankston North" }, "geometry": { "type": "Polygon", "coordinates": [ [ [ 145.155, -38.115 ], [ 145.175, -38.115 ], [ 145.182, -38.127 ], [ 145.168, -38.156 ], [ 145.136, -38.147 ], [ 145.133, -38.129 ], [ 145.155, -38.115 ] ] ] } },
{ "type": "Feature", "properties": { "pha_code": 20175.0, "pha_name": "Frankston South" }, "geometry": { "type": "Polygon", "coordinates": [ [ [ 145.104, -38.169 ], [ 145.098, -38.162 ], [ 145.11, -38.153 ], [ 145.161, -38.178 ], [ 145.152, -38.194 ], [ 145.129, -38.2 ], [ 145.104, -38.169 ] ] ] } },
{ "type": "Feature", "properties": { "pha_code": 20176.0, "pha_name": "Langwarrin/ Skye - Sandhurst" }, "geometry": { "type": "Polygon", "coordinates": [ [ [ 145.177, -38.137 ], [ 145.195, -38.115 ], [ 145.2, -38.088 ], [ 145.194, -38.081 ], [ 145.201, -38.082 ], [ 145.203, -38.073 ], [ 145.24, -38.078 ], [ 145.216, -38.201 ], [ 145.181, -38.199 ], [ 145.159, -38.182 ], [ 145.177, -38.137 ] ] ] } },
{ "type": "Feature", "properties": { "pha_code": 20177.0, "pha_name": "Dromana" }, "geometry": { "type": "Polygon", "coordinates": [ [ [ 144.991, -38.313 ], [ 144.994, -38.305 ], [ 145.009, -38.302 ], [ 145.065, -38.309 ], [ 145.059, -38.338 ], [ 145.028, -38.334 ], [ 145.026, -38.346 ], [ 145.007, -38.345 ], [ 144.995, -38.359 ], [ 144.976, -38.358 ], [ 144.976, -38.38 ], [ 144.942, -38.373 ], [ 144.949, -38.345 ], [ 144.938, -38.344 ], [ 144.991, -38.313 ] ] ] } },
{ "type": "Feature", "properties": { "pha_code": 20178.0, "pha_name": "Flinders/ Mount Martha" }, "geometry": { "type": "MultiPolygon", "coordinates": [ [ [ [ 144.89, -38.5 ], [ 144.89, -38.501 ], [ 144.889, -38.501 ], [ 144.889, -38.5 ], [ 144.89, -38.5 ] ] ], [ [ [ 144.877, -38.412 ], [ 144.868, -38.412 ], [ 144.858, -38.398 ], [ 144.858, -38.381 ], [ 144.893, -38.382 ], [ 144.901, -38.389 ], [ 144.914, -38.382 ], [ 144.932, -38.392 ], [ 144.932, -38.378 ], [ 144.942, -38.373 ], [ 144.976, -38.38 ], [ 144.976, -38.358 ], [ 144.995, -38.359 ], [ 145.007, -38.345 ], [ 145.026, -38.346 ], [ 145.028, -38.334 ], [ 145.059, -38.338 ], [ 145.065, -38.309 ], [ 144.994, -38.305 ], [ 144.983, -38.298 ], [ 145.028, -38.243 ], [ 145.079, -38.255 ], [ 145.071, -38.272 ], [ 145.146, -38.285 ], [ 145.146, -38.324 ], [ 145.092, -38.324 ], [ 145.107, -38.354 ], [ 145.097, -38.374 ], [ 145.097, -38.387 ], [ 145.104, -38.385 ], [ 145.1, -38.402 ], [ 145.076, -38.426 ], [ 145.049, -38.431 ], [ 145.025, -38.475 ], [ 145.032, -38.487 ], [ 145.01, -38.48 ], [ 144.979, -38.49 ], [ 144.95, -38.488 ], [ 144.938, -38.497 ], [ 144.894, -38.491 ], [ 144.887, -38.499 ], [ 144.887, -38.477 ], [ 144.863, -38.452 ], [ 144.866, -38.437 ], [ 144.884, -38.429 ], [ 144.877, -38.412 ] ] ] ] } },
{ "type": "Feature", "properties": { "pha_code": 20179.0, "pha_name": "Hastings - Somers" }, "geometry": { "type": "MultiPolygon", "coordinates": [ [ [ [ 145.146, -38.3 ], [ 145.146, -38.285 ], [ 145.188, -38.285 ], [ 145.189, -38.272 ], [ 145.226, -38.273 ], [ 145.223, -38.307 ], [ 145.197, -38.297 ], [ 145.201, -38.312 ], [ 145.193, -38.323 ], [ 145.219, -38.348 ], [ 145.213, -38.366 ], [ 145.222, -38.378 ], [ 145.211, -38.379 ], [ 145.198, -38.367 ], [ 145.184, -38.375 ], [ 145.215, -38.383 ], [ 145.235, -38.41 ], [ 145.136, -38.39 ], [ 145.1, -38.402 ], [ 145.104, -38.385 ], [ 145.097, -38.387 ], [ 145.097, -38.374 ], [ 145.107, -38.354 ], [ 145.092, -38.324 ], [ 145.146, -38.324 ], [ 145.146, -38.3 ] ], [ [ 145.195, -38.297 ], [ 145.194, -38.297 ], [ 145.194, -38.298 ], [ 145.195, -38.298 ], [ 145.195, -38.297 ] ] ], [ [ [ 145.212, -38.33 ], [ 145.209, -38.333 ], [ 145.208, -38.333 ], [ 145.209, -38.327 ], [ 145.212, -38.33 ] ] ] ] } },
{ "type": "Feature", "properties": { "pha_code": 20180.0, "pha_name": "Mornington/ Somerville" }, "geometry": { "type": "Polygon", "coordinates": [ [ [ 145.066, -38.216 ], [ 145.094, -38.217 ], [ 145.099, -38.225 ], [ 145.11, -38.21 ], [ 145.152, -38.194 ], [ 145.159, -38.182 ], [ 145.181, -38.199 ], [ 145.216, -38.201 ], [ 145.215, -38.209 ], [ 145.23, -38.221 ], [ 145.254, -38.224 ], [ 145.256, -38.232 ], [ 145.253, -38.236 ], [ 145.262, -38.243 ], [ 145.226, -38.273 ], [ 145.189, -38.272 ], [ 145.188, -38.285 ], [ 145.127, -38.285 ], [ 145.071, -38.272 ], [ 145.079, -38.255 ], [ 145.027, -38.243 ], [ 145.033, -38.213 ], [ 145.045, -38.214 ], [ 145.061, -38.201 ], [ 145.066, -38.216 ] ], [ [ 145.253, -38.225 ], [ 145.252, -38.226 ], [ 145.254, -38.226 ], [ 145.253, -38.225 ] ], [ [ 145.251, -38.227 ], [ 145.252, -38.227 ], [ 145.252, -38.226 ], [ 145.251, -38.227 ] ] ] } },
{ "type": "Feature", "properties": { "pha_code": 20181.0, "pha_name": "Mount Eliza" }, "geometry": { "type": "Polygon", "coordinates": [ [ [ 145.072, -38.187 ], [ 145.087, -38.164 ], [ 145.099, -38.163 ], [ 145.129, -38.2 ], [ 145.099, -38.225 ], [ 145.094, -38.217 ], [ 145.063, -38.215 ], [ 145.061, -38.201 ], [ 145.072, -38.187 ] ] ] } },
{ "type": "Feature", "properties": { "pha_code": 20182.0, "pha_name": "Point Nepean" }, "geometry": { "type": "Polygon", "coordinates": [ [ [ 144.67, -38.316 ], [ 144.662, -38.312 ], [ 144.651, -38.302 ], [ 144.738, -38.324 ], [ 144.745, -38.34 ], [ 144.775, -38.36 ], [ 144.824, -38.37 ], [ 144.863, -38.366 ], [ 144.856, -38.394 ], [ 144.868, -38.412 ], [ 144.881, -38.412 ], [ 144.884, -38.429 ], [ 144.866, -38.437 ], [ 144.862, -38.452 ], [ 144.742, -38.354 ], [ 144.67, -38.316 ] ] ] } },
{ "type": "Feature", "properties": { "pha_code": 20183.0, "pha_name": "Rosebud - McCrae" }, "geometry": { "type": "Polygon", "coordinates": [ [ [ 144.871, -38.364 ], [ 144.936, -38.343 ], [ 144.949, -38.345 ], [ 144.932, -38.392 ], [ 144.914, -38.382 ], [ 144.901, -38.389 ], [ 144.893, -38.382 ], [ 144.858, -38.381 ], [ 144.863, -38.366 ], [ 144.871, -38.364 ] ] ] } },
{ "type": "Feature", "properties": { "pha_code": 20184.0, "pha_name": "Alfredton/ Buninyong/ Smythes Creek" }, "geometry": { "type": "Polygon", "coordinates": [ [ [ 143.835, -37.623 ], [ 143.846, -37.609 ], [ 143.866, -37.62 ], [ 143.898, -37.613 ], [ 143.917, -37.621 ], [ 143.917, -37.63 ], [ 143.947, -37.634 ], [ 143.951, -37.641 ], [ 143.94, -37.642 ], [ 143.93, -37.657 ], [ 143.912, -37.658 ], [ 143.909, -37.676 ], [ 143.859, -37.669 ], [ 143.857, -37.682 ], [ 143.851, -37.681 ], [ 143.847, -37.67 ], [ 143.837, -37.669 ], [ 143.834, -37.654 ], [ 143.826, -37.653 ], [ 143.824, -37.66 ], [ 143.806, -37.661 ], [ 143.8, -37.654 ], [ 143.799, -37.66 ], [ 143.786, -37.659 ], [ 143.783, -37.676 ], [ 143.767, -37.674 ], [ 143.765, -37.683 ], [ 143.754, -37.682 ], [ 143.756, -37.668 ], [ 143.754, -37.667 ], [ 143.732, -37.68 ], [ 143.734, -37.669 ], [ 143.721, -37.662 ], [ 143.718, -37.642 ], [ 143.72, -37.629 ], [ 143.729, -37.629 ], [ 143.732, -37.619 ], [ 143.702, -37.614 ], [ 143.684, -37.619 ], [ 143.681, -37.611 ], [ 143.655, -37.61 ], [ 143.662, -37.572 ], [ 143.686, -37.56 ], [ 143.693, -37.516 ], [ 143.705, -37.519 ], [ 143.706, -37.511 ], [ 143.742, -37.524 ], [ 143.745, -37.507 ], [ 143.812, -37.541 ], [ 143.816, -37.57 ], [ 143.707, -37.558 ], [ 143.71, -37.567 ], [ 143.75, -37.591 ], [ 143.835, -37.623 ] ] ] } },
{ "type": "Feature", "properties": { "pha_code": 20185.0, "pha_name": "Ballarat" }, "geometry": { "type": "Polygon", "coordinates": [ [ [ 143.819, -37.556 ], [ 143.81, -37.547 ], [ 143.816, -37.539 ], [ 143.85, -37.542 ], [ 143.868, -37.565 ], [ 143.852, -37.574 ], [ 143.816, -37.569 ], [ 143.819, -37.556 ] ] ] } },
{ "type": "Feature", "properties": { "pha_code": 20186.0, "pha_name": "Ballarat East/ Ballarat North" }, "geometry": { "type": "Polygon", "coordinates": [ [ [ 143.942, -37.573 ], [ 143.943, -37.588 ], [ 143.929, -37.584 ], [ 143.913, -37.598 ], [ 143.903, -37.597 ], [ 143.906, -37.577 ], [ 143.873, -37.571 ], [ 143.859, -37.56 ], [ 143.849, -37.539 ], [ 143.857, -37.468 ], [ 143.922, -37.474 ], [ 143.944, -37.49 ], [ 143.941, -37.505 ], [ 143.949, -37.506 ], [ 143.938, -37.518 ], [ 143.944, -37.536 ], [ 143.937, -37.539 ], [ 143.95, -37.549 ], [ 143.951, -37.56 ], [ 143.941, -37.562 ], [ 143.942, -37.573 ] ] ] } },
{ "type": "Feature", "properties": { "pha_code": 20187.0, "pha_name": "Ballarat - South/ Delacombe" }, "geometry": { "type": "Polygon", "coordinates": [ [ [ 143.83, -37.57 ], [ 143.852, -37.574 ], [ 143.868, -37.565 ], [ 143.906, -37.577 ], [ 143.898, -37.613 ], [ 143.866, -37.62 ], [ 143.846, -37.609 ], [ 143.835, -37.623 ], [ 143.728, -37.58 ], [ 143.707, -37.558 ], [ 143.83, -37.57 ] ] ] } },
{ "type": "Feature", "properties": { "pha_code": 20188.0, "pha_name": "Wendouree - Miners Rest" }, "geometry": { "type": "Polygon", "coordinates": [ [ [ 143.781, -37.524 ], [ 143.745, -37.507 ], [ 143.752, -37.469 ], [ 143.765, -37.468 ], [ 143.754, -37.455 ], [ 143.809, -37.462 ], [ 143.82, -37.455 ], [ 143.818, -37.463 ], [ 143.836, -37.465 ], [ 143.834, -37.48 ], [ 143.853, -37.482 ], [ 143.85, -37.542 ], [ 143.801, -37.54 ], [ 143.803, -37.534 ], [ 143.781, -37.524 ] ] ] } },
{ "type": "Feature", "properties": { "pha_code": 20189.0, "pha_name": "Bacchus Marsh Region/ Gordon (Vic.)" }, "geometry": { "type": "Polygon", "coordinates": [ [ [ 144.165, -37.466 ], [ 144.165, -37.454 ], [ 144.18, -37.448 ], [ 144.174, -37.436 ], [ 144.264, -37.446 ], [ 144.269, -37.428 ], [ 144.291, -37.437 ], [ 144.303, -37.434 ], [ 144.307, -37.424 ], [ 144.342, -37.421 ], [ 144.347, -37.432 ], [ 144.415, -37.446 ], [ 144.427, -37.459 ], [ 144.433, -37.45 ], [ 144.45, -37.451 ], [ 144.466, -37.428 ], [ 144.472, -37.431 ], [ 144.459, -37.497 ], [ 144.47, -37.507 ], [ 144.469, -37.523 ], [ 144.447, -37.568 ], [ 144.453, -37.574 ], [ 144.449, -37.592 ], [ 144.421, -37.593 ], [ 144.428, -37.597 ], [ 144.423, -37.613 ], [ 144.386, -37.607076923076924 ], [ 144.402, -37.64 ], [ 144.357, -37.635 ], [ 144.339, -37.619 ], [ 144.334, -37.636 ], [ 144.357, -37.648 ], [ 144.346, -37.659 ], [ 144.37, -37.675 ], [ 144.368, -37.688 ], [ 144.392, -37.696 ], [ 144.39, -37.708 ], [ 144.397, -37.709 ], [ 144.395, -37.717 ], [ 144.405, -37.717 ], [ 144.403, -37.728 ], [ 144.463, -37.706 ], [ 144.465, -37.692 ], [ 144.487, -37.695 ], [ 144.491, -37.706 ], [ 144.467, -37.839 ], [ 144.449, -37.837 ], [ 144.444, -37.864 ], [ 144.422, -37.847 ], [ 144.421, -37.82 ], [ 144.406, -37.801 ], [ 144.399, -37.815 ], [ 144.362, -37.811 ], [ 144.355, -37.844 ], [ 144.33, -37.846 ], [ 144.294, -37.829 ], [ 144.296, -37.82 ], [ 144.264, -37.812 ], [ 144.134, -37.798 ], [ 144.122, -37.803 ], [ 144.06, -37.796 ], [ 144.055, -37.832 ], [ 144.024, -37.823 ], [ 143.958, -37.827 ], [ 143.92, -37.812 ], [ 143.916, -37.792 ], [ 143.9, -37.783 ], [ 143.898, -37.792 ], [ 143.883, -37.778 ], [ 143.902, -37.767 ], [ 143.896, -37.765 ], [ 143.903, -37.749 ], [ 143.892, -37.733 ], [ 143.899, -37.724 ], [ 143.872, -37.708 ], [ 143.87, -37.691 ], [ 143.854, -37.692 ], [ 143.858, -37.686 ], [ 143.851, -37.685 ], [ 143.859, -37.669 ], [ 143.909, -37.676 ], [ 143.912, -37.658 ], [ 143.93, -37.657 ], [ 143.94, -37.642 ], [ 143.951, -37.641 ], [ 143.947, -37.634 ], [ 143.917, -37.63 ], [ 143.917, -37.621 ], [ 143.899, -37.617 ], [ 143.896, -37.608 ], [ 143.898, -37.596 ], [ 143.913, -37.598 ], [ 143.929, -37.584 ], [ 143.946, -37.584 ], [ 143.941, -37.562 ], [ 143.951, -37.56 ], [ 143.951, -37.552 ], [ 143.937, -37.539 ], [ 143.944, -37.536 ], [ 143.938, -37.518 ], [ 143.954, -37.5 ], [ 143.96, -37.503 ], [ 143.965, -37.477 ], [ 144.011, -37.482 ], [ 144.017, -37.453 ], [ 144.035, -37.455 ], [ 144.038, -37.436 ], [ 144.047, -37.437 ], [ 144.071, -37.465 ], [ 144.084, -37.45 ], [ 144.126, -37.454 ], [ 144.128, -37.474 ], [ 144.165, -37.466 ] ] ] } },
{ "type": "Feature", "properties": { "pha_code": 20190.0, "pha_name": "Creswick - Clunes" }, "geometry": { "type": "Polygon", "coordinates": [ [ [ 143.657, -37.368 ], [ 143.66, -37.353 ], [ 143.67, -37.354 ], [ 143.675, -37.325 ], [ 143.648, -37.322 ], [ 143.65, -37.314 ], [ 143.667, -37.316 ], [ 143.675, -37.28 ], [ 143.694, -37.283 ], [ 143.702, -37.239 ], [ 143.671, -37.235 ], [ 143.671, -37.233 ], [ 143.712, -37.231 ], [ 143.728, -37.214 ], [ 143.759, -37.233 ], [ 143.766, -37.228 ], [ 143.82, -37.235 ], [ 143.822, -37.226 ], [ 143.834, -37.226 ], [ 143.837, -37.233 ], [ 143.858, -37.235 ], [ 143.875, -37.186 ], [ 143.949, -37.194 ], [ 143.959, -37.221 ], [ 144.0, -37.239 ], [ 143.995, -37.245 ], [ 144.001, -37.251 ], [ 143.983, -37.249 ], [ 143.977, -37.269 ], [ 144.011, -37.301 ], [ 144.023, -37.328 ], [ 143.989, -37.325 ], [ 143.979, -37.361 ], [ 143.991, -37.382 ], [ 143.991, -37.406 ], [ 144.002, -37.404 ], [ 144.02, -37.42 ], [ 144.019, -37.444 ], [ 144.036, -37.446 ], [ 144.035, -37.455 ], [ 144.017, -37.453 ], [ 144.011, -37.482 ], [ 143.965, -37.477 ], [ 143.96, -37.503 ], [ 143.949, -37.506 ], [ 143.941, -37.505 ], [ 143.944, -37.49 ], [ 143.922, -37.474 ], [ 143.857, -37.468 ], [ 143.855, -37.483 ], [ 143.834, -37.48 ], [ 143.836, -37.465 ], [ 143.818, -37.463 ], [ 143.82, -37.455 ], [ 143.809, -37.462 ], [ 143.754, -37.455 ], [ 143.765, -37.468 ], [ 143.752, -37.469 ], [ 143.742, -37.524 ], [ 143.706, -37.511 ], [ 143.705, -37.519 ], [ 143.689, -37.516 ], [ 143.68, -37.498 ], [ 143.689, -37.454 ], [ 143.652, -37.45 ], [ 143.65, -37.426 ], [ 143.656, -37.42 ], [ 143.639, -37.416 ], [ 143.65, -37.382 ], [ 143.659, -37.383 ], [ 143.657, -37.368 ] ] ] } },
{ "type": "Feature", "properties": { "pha_code": 20191.0, "pha_name": "Daylesford" }, "geometry": { "type": "MultiPolygon", "coordinates": [ [ [ [ 144.003, -37.408 ], [ 143.991, -37.406 ], [ 143.991, -37.382 ], [ 143.979, -37.361 ], [ 143.989, -37.325 ], [ 144.023, -37.328 ], [ 144.011, -37.301 ], [ 143.977, -37.269 ], [ 143.983, -37.249 ], [ 144.033, -37.262 ], [ 144.037, -37.27 ], [ 144.044, -37.254 ], [ 144.063, -37.252 ], [ 144.068, -37.21 ], [ 144.06, -37.208 ], [ 144.074, -37.148 ], [ 144.19, -37.166 ], [ 144.185, -37.195 ], [ 144.276, -37.209 ], [ 144.284, -37.208 ], [ 144.292, -37.164 ], [ 144.379, -37.176 ], [ 144.363, -37.179 ], [ 144.36, -37.194 ], [ 144.377, -37.2 ], [ 144.344, -37.226 ], [ 144.31, -37.293 ], [ 144.38, -37.33 ], [ 144.395, -37.331 ], [ 144.393, -37.358 ], [ 144.419, -37.361 ], [ 144.415, -37.397 ], [ 144.382, -37.393 ], [ 144.379, -37.439 ], [ 144.347, -37.432 ], [ 144.342, -37.421 ], [ 144.307, -37.424 ], [ 144.303, -37.434 ], [ 144.291, -37.437 ], [ 144.269, -37.428 ], [ 144.264, -37.446 ], [ 144.174, -37.436 ], [ 144.18, -37.448 ], [ 144.165, -37.454 ], [ 144.165, -37.467 ], [ 144.128, -37.474 ], [ 144.126, -37.454 ], [ 144.084, -37.45 ], [ 144.071, -37.465 ], [ 144.047, -37.437 ], [ 144.038, -37.436 ], [ 144.036, -37.446 ], [ 144.019, -37.444 ], [ 144.02, -37.42 ], [ 144.003, -37.408 ] ] ], [ [ [ 144.018, -37.261 ], [ 144.019, -37.261 ], [ 144.019, -37.262 ], [ 144.018, -37.262 ], [ 144.018, -37.261 ] ] ], [ [ [ 144.38, -37.175 ], [ 144.38, -37.176 ], [ 144.379, -37.176 ], [ 144.379, -37.175 ], [ 144.38, -37.175 ] ] ] ] } },
{ "type": "Feature", "properties": { "pha_code": 20192.0, "pha_name": "Avoca/ Beaufort/ Maryborough Region" }, "geometry": { "type": "MultiPolygon", "coordinates": [ [ [ [ 143.342, -37.702 ], [ 143.341, -37.701 ], [ 143.342, -37.701 ], [ 143.342, -37.702 ] ] ], [ [ [ 143.199, -37.735 ], [ 143.072, -37.719 ], [ 143.085, -37.703 ], [ 143.121, -37.707 ], [ 143.129, -37.672 ], [ 143.15, -37.665 ], [ 143.156, -37.633 ], [ 143.174, -37.635 ], [ 143.183, -37.594 ], [ 143.153, -37.573 ], [ 143.17, -37.561 ], [ 143.193, -37.526 ], [ 143.179, -37.524 ], [ 143.197, -37.426 ], [ 143.207, -37.429 ], [ 143.222, -37.414 ], [ 143.213, -37.413 ], [ 143.221, -37.407 ], [ 143.209, -37.407 ], [ 143.209, -37.376 ], [ 143.221, -37.38 ], [ 143.231, -37.358 ], [ 143.253, -37.366 ], [ 143.256, -37.358 ], [ 143.241, -37.314 ], [ 143.227, -37.314 ], [ 143.227, -37.29 ], [ 143.257, -37.28 ], [ 143.274, -37.284 ], [ 143.232, -37.208 ], [ 143.201, -37.232 ], [ 143.162, -37.229 ], [ 143.163, -37.205 ], [ 143.145, -37.185 ], [ 143.088, -37.198 ], [ 143.09, -37.178 ], [ 143.063, -37.167 ], [ 143.067, -37.147 ], [ 143.096, -37.156 ], [ 143.098, -37.143 ], [ 143.086, -37.125 ], [ 143.101, -37.101 ], [ 143.095, -37.063 ], [ 143.101, -37.053 ], [ 143.093, -37.039 ], [ 143.103, -37.002 ], [ 143.087, -36.99 ], [ 143.087, -36.977 ], [ 143.105, -36.979 ], [ 143.09, -36.962 ], [ 143.096, -36.963 ], [ 143.107, -36.904 ], [ 143.124, -36.906 ], [ 143.128, -36.899 ], [ 143.181, -36.905 ], [ 143.182, -36.898 ], [ 143.243, -36.91 ], [ 143.243, -36.902 ], [ 143.353, -36.915 ], [ 143.352, -36.924 ], [ 143.374, -36.926 ], [ 143.373, -36.934 ], [ 143.41, -36.928 ], [ 143.472, -36.937 ], [ 143.467, -36.911 ], [ 143.485, -36.901 ], [ 143.488, -36.888 ], [ 143.504, -36.885 ], [ 143.511, -36.859 ], [ 143.499, -36.829 ], [ 143.508, -36.81 ], [ 143.46, -36.748 ], [ 143.466, -36.739 ], [ 143.461, -36.732 ], [ 143.475, -36.711 ], [ 143.495, -36.699 ], [ 143.495, -36.711 ], [ 143.613, -36.719 ], [ 143.631, -36.73 ], [ 143.635, -36.704 ], [ 143.642, -36.702 ], [ 143.695, -36.714 ], [ 143.692, -36.727 ], [ 143.71, -36.729 ], [ 143.699, -36.776 ], [ 143.782, -36.777 ], [ 143.77, -36.786 ], [ 143.76, -36.843 ], [ 143.825, -36.851 ], [ 143.824, -36.859 ], [ 143.851, -36.863 ], [ 143.864, -36.857 ], [ 143.896, -36.861 ], [ 143.892, -36.894 ], [ 143.866, -36.901 ], [ 143.863, -36.916 ], [ 143.847, -36.928 ], [ 143.86, -36.95 ], [ 143.835, -36.969 ], [ 143.886, -36.975 ], [ 143.882, -36.999 ], [ 143.9, -37.001 ], [ 143.902, -36.988 ], [ 143.943, -36.991 ], [ 143.96, -37.013 ], [ 143.949, -37.017 ], [ 143.962, -37.019 ], [ 143.974, -37.034 ], [ 143.973, -37.04 ], [ 143.967, -37.036 ], [ 143.962, -37.066 ], [ 143.975, -37.072 ], [ 143.963, -37.118 ], [ 143.943, -37.119 ], [ 143.936, -37.141 ], [ 143.945, -37.145 ], [ 143.947, -37.166 ], [ 143.904, -37.161 ], [ 143.889, -37.188 ], [ 143.875, -37.186 ], [ 143.867, -37.195 ], [ 143.858, -37.235 ], [ 143.837, -37.233 ], [ 143.834, -37.226 ], [ 143.822, -37.226 ], [ 143.82, -37.235 ], [ 143.766, -37.228 ], [ 143.759, -37.233 ], [ 143.728, -37.214 ], [ 143.712, -37.231 ], [ 143.671, -37.233 ], [ 143.702, -37.239 ], [ 143.694, -37.283 ], [ 143.675, -37.28 ], [ 143.667, -37.316 ], [ 143.65, -37.314 ], [ 143.648, -37.322 ], [ 143.675, -37.325 ], [ 143.67, -37.354 ], [ 143.66, -37.353 ], [ 143.659, -37.383 ], [ 143.65, -37.382 ], [ 143.639, -37.416 ], [ 143.656, -37.42 ], [ 143.65, -37.426 ], [ 143.652, -37.45 ], [ 143.689, -37.454 ], [ 143.68, -37.498 ], [ 143.693, -37.516 ], [ 143.686, -37.56 ], [ 143.662, -37.572 ], [ 143.652, -37.647 ], [ 143.595, -37.644 ], [ 143.587, -37.654 ], [ 143.537, -37.648 ], [ 143.536, -37.667 ], [ 143.495, -37.661 ], [ 143.5, -37.657 ], [ 143.483, -37.646 ], [ 143.447, -37.67 ], [ 143.354, -37.67 ], [ 143.351, -37.687 ], [ 143.34, -37.694 ], [ 143.34, -37.711 ], [ 143.321, -37.711 ], [ 143.327, -37.715 ], [ 143.32, -37.728 ], [ 143.325, -37.736 ], [ 143.324, -37.737 ], [ 143.318, -37.735 ], [ 143.316, -37.736 ], [ 143.323, -37.744 ], [ 143.307, -37.748 ], [ 143.304, -37.757 ], [ 143.276, -37.756 ], [ 143.266, -37.735 ], [ 143.257, -37.732 ], [ 143.242, -37.747 ], [ 143.226, -37.745 ], [ 143.215, -37.734 ], [ 143.199, -37.735 ] ], [ [ 143.319, -37.727 ], [ 143.318, -37.728 ], [ 143.32, -37.728 ], [ 143.319, -37.727 ] ], [ [ 143.267, -37.735 ], [ 143.267, -37.734 ], [ 143.266, -37.734 ], [ 143.266, -37.735 ], [ 143.267, -37.735 ] ], [ [ 143.691, -37.045 ], [ 143.712, -37.077 ], [ 143.737, -37.082 ], [ 143.751, -37.074 ], [ 143.768, -37.095 ], [ 143.77, -37.088 ], [ 143.782, -37.09 ], [ 143.781, -37.056 ], [ 143.762, -37.06 ], [ 143.768, -37.057 ], [ 143.765, -37.04 ], [ 143.784, -37.039 ], [ 143.781, -37.023 ], [ 143.789, -37.01 ], [ 143.753, -37.005 ], [ 143.731, -37.032 ], [ 143.704, -37.021 ], [ 143.704, -37.042 ], [ 143.691, -37.045 ] ] ] ] } },
{ "type": "Feature", "properties": { "pha_code": 20193.0, "pha_name": "Golden Plains - North" }, "geometry": { "type": "Polygon", "coordinates": [ [ [ 143.443, -37.843 ], [ 143.448, -37.818 ], [ 143.441, -37.785 ], [ 143.464, -37.657 ], [ 143.483, -37.646 ], [ 143.5, -37.657 ], [ 143.495, -37.661 ], [ 143.536, -37.667 ], [ 143.537, -37.648 ], [ 143.587, -37.654 ], [ 143.595, -37.644 ], [ 143.652, -37.647 ], [ 143.655, -37.61 ], [ 143.681, -37.611 ], [ 143.684, -37.619 ], [ 143.727, -37.618 ], [ 143.733, -37.623 ], [ 143.72, -37.629 ], [ 143.718, -37.642 ], [ 143.721, -37.662 ], [ 143.734, -37.669 ], [ 143.732, -37.68 ], [ 143.754, -37.667 ], [ 143.754, -37.682 ], [ 143.765, -37.683 ], [ 143.767, -37.674 ], [ 143.783, -37.676 ], [ 143.786, -37.659 ], [ 143.799, -37.66 ], [ 143.8, -37.654 ], [ 143.806, -37.661 ], [ 143.824, -37.66 ], [ 143.832, -37.653 ], [ 143.837, -37.669 ], [ 143.847, -37.67 ], [ 143.851, -37.686 ], [ 143.858, -37.686 ], [ 143.854, -37.692 ], [ 143.87, -37.691 ], [ 143.872, -37.708 ], [ 143.899, -37.724 ], [ 143.892, -37.733 ], [ 143.903, -37.749 ], [ 143.896, -37.765 ], [ 143.902, -37.767 ], [ 143.883, -37.774 ], [ 143.894, -37.792 ], [ 143.813, -37.782 ], [ 143.809, -37.803 ], [ 143.768, -37.798 ], [ 143.742, -37.781 ], [ 143.731, -37.791 ], [ 143.691, -37.801 ], [ 143.684, -37.816 ], [ 143.69, -37.826 ], [ 143.661, -37.824 ], [ 143.664, -37.842 ], [ 143.658, -37.84 ], [ 143.652, -37.855 ], [ 143.664, -37.868 ], [ 143.643, -37.897 ], [ 143.647, -37.909 ], [ 143.637, -37.926 ], [ 143.665, -37.93 ], [ 143.655, -37.988 ], [ 143.637, -37.972 ], [ 143.622, -37.982 ], [ 143.624, -37.976 ], [ 143.619, -37.972 ], [ 143.62, -37.965 ], [ 143.611, -37.958 ], [ 143.597, -37.962 ], [ 143.594, -37.955 ], [ 143.479, -37.941 ], [ 143.477, -37.924 ], [ 143.443, -37.906 ], [ 143.444, -37.885 ], [ 143.452, -37.879 ], [ 143.441, -37.86 ], [ 143.443, -37.843 ] ], [ [ 143.62, -37.968 ], [ 143.621, -37.968 ], [ 143.621, -37.967 ], [ 143.62, -37.967 ], [ 143.62, -37.968 ] ] ] } },
{ "type": "Feature", "properties": { "pha_code": 20194.0, "pha_name": "Maryborough (Vic.)" }, "geometry": { "type": "Polygon", "coordinates": [ [ [ 143.691, -37.043 ], [ 143.704, -37.042 ], [ 143.704, -37.021 ], [ 143.731, -37.032 ], [ 143.753, -37.005 ], [ 143.789, -37.01 ], [ 143.781, -37.023 ], [ 143.784, -37.039 ], [ 143.765, -37.04 ], [ 143.768, -37.057 ], [ 143.762, -37.06 ], [ 143.781, -37.056 ], [ 143.782, -37.09 ], [ 143.77, -37.088 ], [ 143.768, -37.095 ], [ 143.751, -37.074 ], [ 143.737, -37.082 ], [ 143.712, -37.077 ], [ 143.705, -37.062 ], [ 143.695, -37.06 ], [ 143.7, -37.056 ], [ 143.691, -37.043 ] ] ] } },
{ "type": "Feature", "properties": { "pha_code": 20195.0, "pha_name": "Bendigo" }, "geometry": { "type": "Polygon", "coordinates": [ [ [ 144.24, -36.754 ], [ 144.241, -36.739 ], [ 144.273, -36.727 ], [ 144.29, -36.726 ], [ 144.291, -36.741 ], [ 144.298, -36.742 ], [ 144.289, -36.769 ], [ 144.268, -36.771 ], [ 144.261, -36.757 ], [ 144.243, -36.76 ], [ 144.24, -36.754 ] ] ] } },
{ "type": "Feature", "properties": { "pha_code": 20196.0, "pha_name": "California Gully - Eaglehawk" }, "geometry": { "type": "Polygon", "coordinates": [ [ [ 144.218, -36.705 ], [ 144.213, -36.703 ], [ 144.22, -36.697 ], [ 144.241, -36.698 ], [ 144.244, -36.679 ], [ 144.276, -36.676 ], [ 144.277, -36.684 ], [ 144.303, -36.687 ], [ 144.289, -36.73 ], [ 144.273, -36.727 ], [ 144.259, -36.737 ], [ 144.241, -36.739 ], [ 144.245, -36.732 ], [ 144.218, -36.705 ] ] ] } },
{ "type": "Feature", "properties": { "pha_code": 20197.0, "pha_name": "Bendigo - Central East" }, "geometry": { "type": "Polygon", "coordinates": [ [ [ 144.275, -36.769 ], [ 144.291, -36.765 ], [ 144.298, -36.742 ], [ 144.291, -36.741 ], [ 144.289, -36.721 ], [ 144.303, -36.687 ], [ 144.291, -36.686 ], [ 144.293, -36.671 ], [ 144.28, -36.672 ], [ 144.286, -36.668 ], [ 144.283, -36.652 ], [ 144.271, -36.653 ], [ 144.284, -36.646 ], [ 144.29, -36.628 ], [ 144.364, -36.627 ], [ 144.345, -36.74 ], [ 144.327, -36.744 ], [ 144.319, -36.782 ], [ 144.303, -36.783 ], [ 144.302, -36.812 ], [ 144.281, -36.815 ], [ 144.267, -36.808 ], [ 144.277, -36.794 ], [ 144.27, -36.781 ], [ 144.275, -36.769 ] ] ] } },
{ "type": "Feature", "properties": { "pha_code": 20198.0, "pha_name": "Kangaroo Flat - Golden Square" }, "geometry": { "type": "Polygon", "coordinates": [ [ [ 144.212, -36.805 ], [ 144.244, -36.76 ], [ 144.261, -36.757 ], [ 144.268, -36.771 ], [ 144.275, -36.769 ], [ 144.27, -36.781 ], [ 144.277, -36.794 ], [ 144.266, -36.805 ], [ 144.274, -36.817 ], [ 144.247, -36.85 ], [ 144.236, -36.846 ], [ 144.231, -36.853 ], [ 144.21, -36.845 ], [ 144.204, -36.831 ], [ 144.218, -36.821 ], [ 144.22, -36.808 ], [ 144.212, -36.805 ] ] ] } },
{ "type": "Feature", "properties": { "pha_code": 20199.0, "pha_name": "Maiden Gully" }, "geometry": { "type": "Polygon", "coordinates": [ [ [ 144.174, -36.74 ], [ 144.175, -36.732 ], [ 144.215, -36.709 ], [ 144.245, -36.732 ], [ 144.238, -36.749 ], [ 144.244, -36.761 ], [ 144.218, -36.795 ], [ 144.179, -36.79 ], [ 144.186, -36.775 ], [ 144.174, -36.766 ], [ 144.174, -36.74 ] ] ] } },
{ "type": "Feature", "properties": { "pha_code": 20200.0, "pha_name": "Strathfieldsaye" }, "geometry": { "type": "MultiPolygon", "coordinates": [ [ [ [ 144.305, -36.787 ], [ 144.323, -36.776 ], [ 144.325, -36.754 ], [ 144.344, -36.764 ], [ 144.364, -36.743 ], [ 144.377, -36.745 ], [ 144.38, -36.741 ], [ 144.386, -36.757 ], [ 144.38, -36.763 ], [ 144.4, -36.771 ], [ 144.401, -36.784 ], [ 144.388, -36.8 ], [ 144.424, -36.804 ], [ 144.422, -36.815 ], [ 144.386, -36.812 ], [ 144.387, -36.827 ], [ 144.329, -36.82 ], [ 144.331, -36.809 ], [ 144.303, -36.808 ], [ 144.305, -36.787 ] ] ], [ [ [ 144.383, -36.762 ], [ 144.383, -36.763 ], [ 144.382, -36.763 ], [ 144.382, -36.762 ], [ 144.383, -36.762 ] ] ], [ [ [ 144.376, -36.741 ], [ 144.375, -36.74 ], [ 144.377, -36.74 ], [ 144.376, -36.741 ] ] ] ] } },
{ "type": "Feature", "properties": { "pha_code": 20201.0, "pha_name": "Bendigo Region - South" }, "geometry": { "type": "MultiPolygon", "coordinates": [ [ [ [ 144.542, -36.886 ], [ 144.541, -36.887 ], [ 144.541, -36.886 ], [ 144.542, -36.886 ] ] ], [ [ [ 144.114, -36.911 ], [ 144.013, -36.897 ], [ 144.014, -36.889 ], [ 143.978, -36.88 ], [ 143.983, -36.857 ], [ 144.001, -36.86 ], [ 144.007, -36.829 ], [ 144.025, -36.831 ], [ 144.031, -36.797 ], [ 144.047, -36.799 ], [ 144.062, -36.767 ], [ 144.071, -36.766 ], [ 144.076, -36.743 ], [ 144.06, -36.731 ], [ 144.062, -36.719 ], [ 143.996, -36.711 ], [ 143.996, -36.677 ], [ 144.05, -36.677 ], [ 144.051, -36.647 ], [ 144.086, -36.647 ], [ 144.098, -36.662 ], [ 144.144, -36.662 ], [ 144.144, -36.686 ], [ 144.151, -36.687 ], [ 144.141, -36.719 ], [ 144.175, -36.732 ], [ 144.17, -36.753 ], [ 144.176, -36.754 ], [ 144.177, -36.773 ], [ 144.186, -36.775 ], [ 144.179, -36.79 ], [ 144.218, -36.795 ], [ 144.212, -36.797 ], [ 144.22, -36.807 ], [ 144.218, -36.821 ], [ 144.204, -36.831 ], [ 144.21, -36.845 ], [ 144.231, -36.853 ], [ 144.236, -36.846 ], [ 144.247, -36.85 ], [ 144.274, -36.812 ], [ 144.289, -36.815 ], [ 144.309, -36.807 ], [ 144.331, -36.809 ], [ 144.329, -36.82 ], [ 144.387, -36.827 ], [ 144.386, -36.812 ], [ 144.422, -36.815 ], [ 144.424, -36.804 ], [ 144.519, -36.816 ], [ 144.534, -36.849 ], [ 144.528, -36.848 ], [ 144.525, -36.86 ], [ 144.513, -36.847 ], [ 144.495, -36.886 ], [ 144.502, -36.885 ], [ 144.504, -36.895 ], [ 144.505, -36.877 ], [ 144.513, -36.874 ], [ 144.516, -36.883 ], [ 144.524, -36.883 ], [ 144.522, -36.874 ], [ 144.53, -36.869 ], [ 144.523, -36.891 ], [ 144.54, -36.886 ], [ 144.532, -36.895 ], [ 144.54, -36.894 ], [ 144.543, -36.902 ], [ 144.53, -36.903 ], [ 144.531, -36.908 ], [ 144.546, -36.905 ], [ 144.539, -36.911 ], [ 144.55, -36.921 ], [ 144.546, -36.921 ], [ 144.547, -36.925 ], [ 144.541, -36.927 ], [ 144.533, -36.918 ], [ 144.527, -36.933 ], [ 144.534, -36.948 ], [ 144.516, -36.96 ], [ 144.518, -36.97 ], [ 144.491, -36.961 ], [ 144.489, -36.971 ], [ 144.481, -36.96 ], [ 144.467, -36.963 ], [ 144.438, -36.949 ], [ 144.429, -36.951 ], [ 144.423, -36.971 ], [ 144.386, -36.967 ], [ 144.38, -36.953 ], [ 144.3, -36.943 ], [ 144.295, -36.914 ], [ 144.281, -36.913 ], [ 144.266, -36.882 ], [ 144.243, -36.895 ], [ 144.236, -36.921 ], [ 144.195, -36.918 ], [ 144.191, -36.94 ], [ 144.11, -36.931 ], [ 144.114, -36.911 ] ], [ [ 144.525, -36.855 ], [ 144.525, -36.854 ], [ 144.524, -36.854 ], [ 144.524, -36.855 ], [ 144.525, -36.855 ] ], [ [ 144.504, -36.896 ], [ 144.505, -36.896 ], [ 144.505, -36.895 ], [ 144.504, -36.895 ], [ 144.504, -36.896 ] ], [ [ 144.539, -36.913 ], [ 144.539, -36.914 ], [ 144.54, -36.914 ], [ 144.54, -36.913 ], [ 144.539, -36.913 ] ], [ [ 144.544, -36.919 ], [ 144.544, -36.92 ], [ 144.545, -36.92 ], [ 144.545, -36.919 ], [ 144.544, -36.919 ] ], [ [ 144.543, -36.925 ], [ 144.542, -36.925 ], [ 144.542, -36.926 ], [ 144.543, -36.926 ], [ 144.543, -36.925 ] ], [ [ 144.526, -36.933 ], [ 144.526, -36.934 ], [ 144.527, -36.934 ], [ 144.527, -36.933 ], [ 144.526, -36.933 ] ], [ [ 144.518, -36.957 ], [ 144.518, -36.958 ], [ 144.519, -36.957 ], [ 144.518, -36.957 ] ] ] ] } },
{ "type": "Feature", "properties": { "pha_code": 20202.0, "pha_name": "Castlemaine/ Castlemaine Region" }, "geometry": { "type": "MultiPolygon", "coordinates": [ [ [ [ 143.849, -36.932 ], [ 143.866, -36.901 ], [ 143.892, -36.894 ], [ 143.896, -36.861 ], [ 143.944, -36.867 ], [ 143.947, -36.853 ], [ 143.983, -36.857 ], [ 143.978, -36.88 ], [ 144.014, -36.889 ], [ 144.013, -36.897 ], [ 144.114, -36.909 ], [ 144.11, -36.931 ], [ 144.191, -36.94 ], [ 144.195, -36.918 ], [ 144.236, -36.921 ], [ 144.243, -36.895 ], [ 144.266, -36.882 ], [ 144.281, -36.913 ], [ 144.295, -36.914 ], [ 144.3, -36.943 ], [ 144.38, -36.953 ], [ 144.386, -36.967 ], [ 144.423, -36.971 ], [ 144.429, -36.951 ], [ 144.438, -36.949 ], [ 144.467, -36.963 ], [ 144.468, -36.959 ], [ 144.481, -36.96 ], [ 144.489, -36.971 ], [ 144.491, -36.961 ], [ 144.515, -36.971 ], [ 144.516, -36.96 ], [ 144.532, -36.952 ], [ 144.532, -36.937 ], [ 144.545, -36.927 ], [ 144.546, -36.948 ], [ 144.532, -36.965 ], [ 144.538, -36.979 ], [ 144.523, -37.005 ], [ 144.526, -37.014 ], [ 144.545, -37.013 ], [ 144.54, -37.026 ], [ 144.549, -37.041 ], [ 144.543, -37.043 ], [ 144.545, -37.053 ], [ 144.551, -37.054 ], [ 144.537, -37.068 ], [ 144.536, -37.084 ], [ 144.543, -37.088 ], [ 144.53, -37.1 ], [ 144.545, -37.123 ], [ 144.527, -37.15 ], [ 144.527, -37.177 ], [ 144.464, -37.169 ], [ 144.476, -37.167 ], [ 144.479, -37.155 ], [ 144.453, -37.152 ], [ 144.45, -37.167 ], [ 144.436, -37.165 ], [ 144.435, -37.15 ], [ 144.416, -37.148 ], [ 144.418, -37.136 ], [ 144.408, -37.135 ], [ 144.408, -37.143 ], [ 144.393, -37.135 ], [ 144.39, -37.16 ], [ 144.367, -37.157 ], [ 144.374, -37.173 ], [ 144.292, -37.164 ], [ 144.284, -37.208 ], [ 144.277, -37.209 ], [ 144.185, -37.195 ], [ 144.19, -37.166 ], [ 144.074, -37.148 ], [ 144.06, -37.208 ], [ 144.068, -37.21 ], [ 144.064, -37.25 ], [ 144.044, -37.254 ], [ 144.037, -37.27 ], [ 144.033, -37.262 ], [ 144.003, -37.257 ], [ 143.997, -37.235 ], [ 143.959, -37.221 ], [ 143.949, -37.194 ], [ 143.889, -37.188 ], [ 143.906, -37.16 ], [ 143.947, -37.166 ], [ 143.945, -37.145 ], [ 143.936, -37.141 ], [ 143.943, -37.119 ], [ 143.963, -37.118 ], [ 143.975, -37.072 ], [ 143.962, -37.066 ], [ 143.967, -37.036 ], [ 143.973, -37.04 ], [ 143.974, -37.034 ], [ 143.962, -37.019 ], [ 143.949, -37.017 ], [ 143.96, -37.013 ], [ 143.943, -36.991 ], [ 143.902, -36.988 ], [ 143.9, -37.001 ], [ 143.882, -36.999 ], [ 143.886, -36.975 ], [ 143.836, -36.97 ], [ 143.836, -36.963 ], [ 143.86, -36.95 ], [ 143.849, -36.932 ] ], [ [ 144.539, -37.088 ], [ 144.538, -37.088 ], [ 144.539, -37.089 ], [ 144.539, -37.088 ] ], [ [ 144.018, -37.261 ], [ 144.018, -37.262 ], [ 144.019, -37.262 ], [ 144.019, -37.261 ], [ 144.018, -37.261 ] ] ], [ [ [ 144.518, -36.957 ], [ 144.519, -36.957 ], [ 144.518, -36.958 ], [ 144.518, -36.957 ] ] ] ] } },
{ "type": "Feature", "properties": { "pha_code": 20203.0, "pha_name": "Heathcote" }, "geometry": { "type": "MultiPolygon", "coordinates": [ [ [ [ 144.526, -36.934 ], [ 144.526, -36.933 ], [ 144.527, -36.933 ], [ 144.527, -36.934 ], [ 144.526, -36.934 ] ] ], [ [ [ 144.543, -36.925 ], [ 144.543, -36.926 ], [ 144.542, -36.926 ], [ 144.542, -36.925 ], [ 144.543, -36.925 ] ] ], [ [ [ 144.544, -36.919 ], [ 144.545, -36.919 ], [ 144.545, -36.92 ], [ 144.544, -36.92 ], [ 144.544, -36.919 ] ] ], [ [ [ 144.539, -36.913 ], [ 144.54, -36.913 ], [ 144.54, -36.914 ], [ 144.539, -36.914 ], [ 144.539, -36.913 ] ] ], [ [ [ 144.504, -36.896 ], [ 144.504, -36.895 ], [ 144.505, -36.895 ], [ 144.505, -36.896 ], [ 144.504, -36.896 ] ] ], [ [ [ 144.497, -36.876 ], [ 144.513, -36.847 ], [ 144.525, -36.86 ], [ 144.534, -36.848 ], [ 144.522, -36.817 ], [ 144.468, -36.81 ], [ 144.47, -36.8 ], [ 144.458, -36.78 ], [ 144.465, -36.77 ], [ 144.448, -36.751 ], [ 144.472, -36.737 ], [ 144.475, -36.72 ], [ 144.667, -36.725 ], [ 144.666, -36.762 ], [ 144.75, -36.758 ], [ 144.767, -36.747 ], [ 144.795, -36.751 ], [ 144.795, -36.771 ], [ 144.785, -36.771 ], [ 144.785, -36.781 ], [ 144.792, -36.78 ], [ 144.787, -36.805 ], [ 144.799, -36.833 ], [ 144.854, -36.88 ], [ 144.822, -36.9 ], [ 144.804, -36.926 ], [ 144.806, -36.956 ], [ 144.791, -36.952 ], [ 144.797, -36.966 ], [ 144.766, -36.974 ], [ 144.753, -36.963 ], [ 144.751, -36.975 ], [ 144.734, -36.982 ], [ 144.717, -36.975 ], [ 144.709, -36.989 ], [ 144.688, -36.995 ], [ 144.689, -37.011 ], [ 144.65, -37.015 ], [ 144.632, -37.002 ], [ 144.526, -37.014 ], [ 144.525, -36.992 ], [ 144.539, -36.973 ], [ 144.532, -36.965 ], [ 144.549, -36.937 ], [ 144.545, -36.927 ], [ 144.536, -36.936 ], [ 144.527, -36.932 ], [ 144.533, -36.918 ], [ 144.541, -36.927 ], [ 144.546, -36.926 ], [ 144.55, -36.92 ], [ 144.539, -36.911 ], [ 144.546, -36.905 ], [ 144.531, -36.908 ], [ 144.543, -36.902 ], [ 144.54, -36.894 ], [ 144.532, -36.895 ], [ 144.54, -36.886 ], [ 144.527, -36.894 ], [ 144.523, -36.891 ], [ 144.53, -36.869 ], [ 144.522, -36.874 ], [ 144.524, -36.883 ], [ 144.516, -36.883 ], [ 144.513, -36.874 ], [ 144.505, -36.877 ], [ 144.504, -36.895 ], [ 144.502, -36.885 ], [ 144.495, -36.886 ], [ 144.497, -36.876 ] ], [ [ 144.541, -36.886 ], [ 144.541, -36.887 ], [ 144.542, -36.886 ], [ 144.541, -36.886 ] ] ], [ [ [ 144.525, -36.855 ], [ 144.524, -36.855 ], [ 144.524, -36.854 ], [ 144.525, -36.854 ], [ 144.525, -36.855 ] ] ] ] } },
{ "type": "Feature", "properties": { "pha_code": 20204.0, "pha_name": "Kyneton" }, "geometry": { "type": "Polygon", "coordinates": [ [ [ 144.333, -37.257 ], [ 144.344, -37.226 ], [ 144.377, -37.2 ], [ 144.36, -37.194 ], [ 144.363, -37.179 ], [ 144.379, -37.177 ], [ 144.367, -37.157 ], [ 144.39, -37.16 ], [ 144.393, -37.135 ], [ 144.408, -37.143 ], [ 144.408, -37.135 ], [ 144.418, -37.136 ], [ 144.416, -37.148 ], [ 144.435, -37.15 ], [ 144.436, -37.165 ], [ 144.45, -37.167 ], [ 144.453, -37.152 ], [ 144.479, -37.155 ], [ 144.476, -37.167 ], [ 144.464, -37.169 ], [ 144.522, -37.178 ], [ 144.529, -37.144 ], [ 144.545, -37.123 ], [ 144.541, -37.115 ], [ 144.574, -37.099 ], [ 144.598, -37.107 ], [ 144.66, -37.108 ], [ 144.715, -37.1 ], [ 144.716, -37.118 ], [ 144.735, -37.127 ], [ 144.727, -37.16 ], [ 144.71, -37.16 ], [ 144.712, -37.176 ], [ 144.694, -37.175 ], [ 144.69, -37.185 ], [ 144.675, -37.177 ], [ 144.659, -37.181 ], [ 144.65, -37.207 ], [ 144.627, -37.218 ], [ 144.649, -37.222 ], [ 144.636, -37.223 ], [ 144.614, -37.243 ], [ 144.595, -37.242 ], [ 144.595, -37.263 ], [ 144.584, -37.262 ], [ 144.58, -37.275 ], [ 144.569, -37.274 ], [ 144.565, -37.299 ], [ 144.494, -37.292 ], [ 144.491, -37.301 ], [ 144.5, -37.309 ], [ 144.48, -37.333 ], [ 144.461, -37.339 ], [ 144.446, -37.386 ], [ 144.415, -37.382 ], [ 144.419, -37.361 ], [ 144.393, -37.358 ], [ 144.395, -37.331 ], [ 144.38, -37.33 ], [ 144.31, -37.293 ], [ 144.325, -37.258 ], [ 144.333, -37.257 ] ], [ [ 144.379, -37.176 ], [ 144.38, -37.176 ], [ 144.38, -37.175 ], [ 144.379, -37.175 ], [ 144.379, -37.176 ] ] ] } },
{ "type": "Feature", "properties": { "pha_code": 20205.0, "pha_name": "Woodend" }, "geometry": { "type": "Polygon", "coordinates": [ [ [ 144.456, -37.365 ], [ 144.461, -37.339 ], [ 144.48, -37.333 ], [ 144.5, -37.309 ], [ 144.491, -37.301 ], [ 144.494, -37.292 ], [ 144.565, -37.299 ], [ 144.569, -37.274 ], [ 144.58, -37.275 ], [ 144.584, -37.262 ], [ 144.591, -37.266 ], [ 144.597, -37.255 ], [ 144.627, -37.265 ], [ 144.625, -37.283 ], [ 144.66, -37.293 ], [ 144.639, -37.311 ], [ 144.634, -37.336 ], [ 144.604, -37.335 ], [ 144.6, -37.36 ], [ 144.576, -37.359 ], [ 144.562, -37.386 ], [ 144.545, -37.383 ], [ 144.536, -37.4 ], [ 144.523, -37.402 ], [ 144.513, -37.415 ], [ 144.478, -37.414 ], [ 144.474, -37.43 ], [ 144.466, -37.428 ], [ 144.45, -37.451 ], [ 144.433, -37.45 ], [ 144.425, -37.459 ], [ 144.415, -37.446 ], [ 144.379, -37.439 ], [ 144.382, -37.393 ], [ 144.415, -37.397 ], [ 144.415, -37.382 ], [ 144.446, -37.386 ], [ 144.447, -37.368 ], [ 144.456, -37.365 ] ] ] } },
{ "type": "Feature", "properties": { "pha_code": 20206.0, "pha_name": "Bendigo Region - North" }, "geometry": { "type": "Polygon", "coordinates": [ [ [ 144.057, -36.624 ], [ 144.064, -36.622 ], [ 144.047, -36.604 ], [ 144.086, -36.604 ], [ 144.086, -36.575 ], [ 144.104, -36.575 ], [ 144.104, -36.567 ], [ 144.086, -36.569 ], [ 144.077, -36.56 ], [ 144.104, -36.553 ], [ 144.104, -36.546 ], [ 144.075, -36.546 ], [ 144.075, -36.531 ], [ 144.095, -36.524 ], [ 144.095, -36.495 ], [ 144.122, -36.495 ], [ 144.122, -36.473 ], [ 144.212, -36.473 ], [ 144.23, -36.47 ], [ 144.241, -36.458 ], [ 144.266, -36.458 ], [ 144.266, -36.435 ], [ 144.301, -36.371 ], [ 144.33, -36.371 ], [ 144.33, -36.385 ], [ 144.358, -36.385 ], [ 144.369, -36.408 ], [ 144.4, -36.408 ], [ 144.416, -36.396 ], [ 144.429, -36.411 ], [ 144.668, -36.407 ], [ 144.674, -36.423 ], [ 144.659, -36.437 ], [ 144.672, -36.443 ], [ 144.672, -36.457 ], [ 144.654, -36.465 ], [ 144.655, -36.473 ], [ 144.624, -36.478 ], [ 144.626, -36.492 ], [ 144.611, -36.498 ], [ 144.624, -36.505 ], [ 144.61, -36.517 ], [ 144.626, -36.528 ], [ 144.608, -36.529 ], [ 144.617, -36.535 ], [ 144.606, -36.546 ], [ 144.61, -36.557 ], [ 144.587, -36.558 ], [ 144.598, -36.574 ], [ 144.583, -36.585 ], [ 144.59, -36.595 ], [ 144.561, -36.614 ], [ 144.564, -36.621 ], [ 144.548, -36.633 ], [ 144.546, -36.647 ], [ 144.525, -36.66 ], [ 144.535, -36.689 ], [ 144.522, -36.693 ], [ 144.527, -36.702 ], [ 144.519, -36.725 ], [ 144.475, -36.72 ], [ 144.472, -36.737 ], [ 144.448, -36.751 ], [ 144.465, -36.77 ], [ 144.458, -36.78 ], [ 144.47, -36.8 ], [ 144.468, -36.81 ], [ 144.388, -36.8 ], [ 144.401, -36.784 ], [ 144.4, -36.771 ], [ 144.38, -36.763 ], [ 144.386, -36.757 ], [ 144.38, -36.741 ], [ 144.377, -36.745 ], [ 144.364, -36.743 ], [ 144.344, -36.764 ], [ 144.325, -36.754 ], [ 144.327, -36.744 ], [ 144.345, -36.74 ], [ 144.364, -36.627 ], [ 144.29, -36.628 ], [ 144.284, -36.646 ], [ 144.271, -36.653 ], [ 144.283, -36.652 ], [ 144.286, -36.668 ], [ 144.28, -36.672 ], [ 144.293, -36.671 ], [ 144.291, -36.686 ], [ 144.277, -36.684 ], [ 144.276, -36.676 ], [ 144.244, -36.679 ], [ 144.241, -36.698 ], [ 144.22, -36.697 ], [ 144.213, -36.703 ], [ 144.22, -36.707 ], [ 144.175, -36.732 ], [ 144.141, -36.719 ], [ 144.151, -36.687 ], [ 144.144, -36.686 ], [ 144.144, -36.662 ], [ 144.098, -36.662 ], [ 144.086, -36.647 ], [ 144.094, -36.647 ], [ 144.092, -36.633 ], [ 144.059, -36.633 ], [ 144.057, -36.624 ] ], [ [ 144.382, -36.763 ], [ 144.383, -36.763 ], [ 144.383, -36.762 ], [ 144.382, -36.762 ], [ 144.382, -36.763 ] ], [ [ 144.377, -36.741 ], [ 144.377, -36.74 ], [ 144.375, -36.74 ], [ 144.376, -36.742 ], [ 144.377, -36.741 ] ] ] } },
{ "type": "Feature", "properties": { "pha_code": 20207.0, "pha_name": "Loddon" }, "geometry": { "type": "Polygon", "coordinates": [ [ [ 143.316, -36.477 ], [ 143.332, -36.489 ], [ 143.407, -36.5 ], [ 143.412, -36.468 ], [ 143.43, -36.47 ], [ 143.445, -36.446 ], [ 143.446, -36.392 ], [ 143.439, -36.391 ], [ 143.439, -36.368 ], [ 143.479, -36.376 ], [ 143.486, -36.339 ], [ 143.476, -36.335 ], [ 143.482, -36.295 ], [ 143.514, -36.295 ], [ 143.508, -36.265 ], [ 143.524, -36.265 ], [ 143.524, -36.25 ], [ 143.568, -36.223 ], [ 143.547, -36.22 ], [ 143.55, -36.205 ], [ 143.532, -36.203 ], [ 143.537, -36.174 ], [ 143.514, -36.173 ], [ 143.514, -36.152 ], [ 143.504, -36.14 ], [ 143.512, -36.133 ], [ 143.512, -36.101 ], [ 143.482, -36.102 ], [ 143.482, -35.983 ], [ 143.476, -35.975 ], [ 143.618, -35.969 ], [ 143.618, -35.935 ], [ 143.728, -35.932 ], [ 143.728, -35.906 ], [ 143.874, -35.916 ], [ 143.875, -35.926 ], [ 143.862, -35.935 ], [ 143.918, -35.937 ], [ 143.923, -35.953 ], [ 144.185, -35.947 ], [ 144.187, -35.908 ], [ 144.263, -35.931 ], [ 144.26, -35.949 ], [ 144.291, -35.984 ], [ 144.277, -35.993 ], [ 144.28, -36.014 ], [ 144.318, -36.048 ], [ 144.304, -36.062 ], [ 144.319, -36.101 ], [ 144.309, -36.105 ], [ 144.302, -36.126 ], [ 144.289, -36.129 ], [ 144.283, -36.153 ], [ 144.29, -36.164 ], [ 144.267, -36.224 ], [ 144.282, -36.263 ], [ 144.282, -36.328 ], [ 144.332, -36.328 ], [ 144.332, -36.371 ], [ 144.301, -36.371 ], [ 144.266, -36.435 ], [ 144.266, -36.458 ], [ 144.241, -36.458 ], [ 144.23, -36.47 ], [ 144.212, -36.473 ], [ 144.122, -36.473 ], [ 144.122, -36.495 ], [ 144.095, -36.495 ], [ 144.095, -36.524 ], [ 144.075, -36.531 ], [ 144.075, -36.546 ], [ 144.104, -36.546 ], [ 144.104, -36.553 ], [ 144.077, -36.56 ], [ 144.086, -36.569 ], [ 144.104, -36.567 ], [ 144.104, -36.575 ], [ 144.086, -36.575 ], [ 144.086, -36.604 ], [ 144.047, -36.604 ], [ 144.064, -36.622 ], [ 144.055, -36.622 ], [ 144.059, -36.633 ], [ 144.092, -36.633 ], [ 144.094, -36.647 ], [ 144.051, -36.647 ], [ 144.05, -36.677 ], [ 143.996, -36.677 ], [ 143.996, -36.711 ], [ 144.062, -36.719 ], [ 144.06, -36.731 ], [ 144.076, -36.743 ], [ 144.071, -36.766 ], [ 144.062, -36.767 ], [ 144.047, -36.799 ], [ 144.031, -36.797 ], [ 144.025, -36.831 ], [ 144.007, -36.829 ], [ 144.001, -36.86 ], [ 143.947, -36.853 ], [ 143.944, -36.867 ], [ 143.866, -36.857 ], [ 143.851, -36.863 ], [ 143.824, -36.859 ], [ 143.825, -36.851 ], [ 143.76, -36.843 ], [ 143.77, -36.786 ], [ 143.782, -36.777 ], [ 143.699, -36.776 ], [ 143.71, -36.729 ], [ 143.692, -36.727 ], [ 143.695, -36.714 ], [ 143.674, -36.711 ], [ 143.67, -36.704 ], [ 143.635, -36.704 ], [ 143.632, -36.73 ], [ 143.613, -36.719 ], [ 143.495, -36.711 ], [ 143.495, -36.699 ], [ 143.487, -36.699 ], [ 143.503, -36.663 ], [ 143.486, -36.626 ], [ 143.464, -36.618 ], [ 143.451, -36.625 ], [ 143.439, -36.615 ], [ 143.44, -36.591 ], [ 143.422, -36.558 ], [ 143.399, -36.551 ], [ 143.387, -36.537 ], [ 143.379, -36.539 ], [ 143.349, -36.518 ], [ 143.353, -36.514 ], [ 143.334, -36.513 ], [ 143.316, -36.477 ] ] ] } },
{ "type": "Feature", "properties": { "pha_code": 20208.0, "pha_name": "Bannockburn/ Golden Plains - South/ Winchelsea" }, "geometry": { "type": "Polygon", "coordinates": [ [ [ 143.889, -38.2 ], [ 143.914, -38.193 ], [ 143.924, -38.173 ], [ 143.913, -38.152 ], [ 143.904, -38.153 ], [ 143.901, -38.139 ], [ 143.81, -38.128 ], [ 143.828, -38.092 ], [ 143.819, -38.08 ], [ 143.83, -38.022 ], [ 143.764, -38.02 ], [ 143.685, -38.029 ], [ 143.629, -38.023 ], [ 143.634, -38.012 ], [ 143.656, -38.012 ], [ 143.647, -37.987 ], [ 143.622, -37.982 ], [ 143.637, -37.972 ], [ 143.655, -37.988 ], [ 143.665, -37.93 ], [ 143.637, -37.926 ], [ 143.647, -37.909 ], [ 143.643, -37.897 ], [ 143.664, -37.868 ], [ 143.652, -37.855 ], [ 143.658, -37.84 ], [ 143.664, -37.842 ], [ 143.661, -37.824 ], [ 143.69, -37.826 ], [ 143.684, -37.816 ], [ 143.691, -37.801 ], [ 143.731, -37.791 ], [ 143.742, -37.781 ], [ 143.768, -37.798 ], [ 143.809, -37.803 ], [ 143.813, -37.782 ], [ 143.894, -37.792 ], [ 143.9, -37.783 ], [ 143.917, -37.793 ], [ 143.92, -37.812 ], [ 143.958, -37.827 ], [ 144.024, -37.823 ], [ 144.055, -37.832 ], [ 144.06, -37.796 ], [ 144.222, -37.81 ], [ 144.211, -37.825 ], [ 144.23, -37.833 ], [ 144.234, -37.867 ], [ 144.248, -37.874 ], [ 144.213, -37.901 ], [ 144.203, -37.938 ], [ 144.237, -37.942 ], [ 144.235, -37.965 ], [ 144.248, -37.991 ], [ 144.241, -38.009 ], [ 144.263, -38.045 ], [ 144.259, -38.066 ], [ 144.274, -38.066 ], [ 144.286, -38.078 ], [ 144.268, -38.093 ], [ 144.241, -38.238 ], [ 144.296, -38.244 ], [ 144.283, -38.311 ], [ 144.21, -38.302 ], [ 144.208, -38.317 ], [ 144.188, -38.322 ], [ 144.185, -38.339 ], [ 144.167, -38.337 ], [ 144.165, -38.343 ], [ 144.149, -38.332 ], [ 144.151, -38.321 ], [ 144.128, -38.331 ], [ 144.109, -38.325 ], [ 144.108, -38.332 ], [ 144.08, -38.338 ], [ 144.083, -38.325 ], [ 144.04, -38.317 ], [ 144.034, -38.351 ], [ 143.997, -38.347 ], [ 144.003, -38.397 ], [ 143.972, -38.384 ], [ 143.96, -38.387 ], [ 143.956, -38.397 ], [ 143.936, -38.392 ], [ 143.933, -38.406 ], [ 143.944, -38.411 ], [ 143.937, -38.46 ], [ 143.843, -38.466 ], [ 143.879, -38.276 ], [ 143.834, -38.291 ], [ 143.837, -38.264 ], [ 143.841, -38.243 ], [ 143.88, -38.247 ], [ 143.889, -38.2 ] ] ] } },
{ "type": "Feature", "properties": { "pha_code": 20209.0, "pha_name": "Belmont/ Geelong" }, "geometry": { "type": "Polygon", "coordinates": [ [ [ 144.324, -38.176 ], [ 144.334, -38.164 ], [ 144.35, -38.164 ], [ 144.351, -38.132 ], [ 144.369, -38.147 ], [ 144.385, -38.143 ], [ 144.391, -38.149 ], [ 144.383, -38.156 ], [ 144.38, -38.193 ], [ 144.358, -38.184 ], [ 144.348, -38.193 ], [ 144.321, -38.196 ], [ 144.324, -38.176 ] ] ] } },
{ "type": "Feature", "properties": { "pha_code": 20210.0, "pha_name": "Corio - Lovely Banks/ Norlane" }, "geometry": { "type": "Polygon", "coordinates": [ [ [ 144.382, -38.088 ], [ 144.377, -38.101 ], [ 144.355, -38.099 ], [ 144.354, -38.105 ], [ 144.344, -38.092 ], [ 144.337, -38.095 ], [ 144.311, -38.077 ], [ 144.307, -38.083 ], [ 144.284, -38.08 ], [ 144.276, -38.067 ], [ 144.259, -38.066 ], [ 144.263, -38.045 ], [ 144.247, -38.017 ], [ 144.288, -38.022 ], [ 144.283, -38.007 ], [ 144.351, -38.015 ], [ 144.354, -38.03 ], [ 144.347, -38.029 ], [ 144.341, -38.065 ], [ 144.359, -38.067 ], [ 144.358, -38.048 ], [ 144.417, -38.056 ], [ 144.41, -38.072 ], [ 144.39, -38.076 ], [ 144.382, -38.088 ] ] ] } },
{ "type": "Feature", "properties": { "pha_code": 20211.0, "pha_name": "Geelong West - Hamlyn Heights" }, "geometry": { "type": "Polygon", "coordinates": [ [ [ 144.288, -38.149 ], [ 144.265, -38.144 ], [ 144.261, -38.13 ], [ 144.265, -38.111 ], [ 144.276, -38.112 ], [ 144.278, -38.101 ], [ 144.296, -38.095 ], [ 144.322, -38.106 ], [ 144.354, -38.138 ], [ 144.353, -38.147 ], [ 144.318, -38.139 ], [ 144.293, -38.157 ], [ 144.288, -38.149 ] ] ] } },
{ "type": "Feature", "properties": { "pha_code": 20212.0, "pha_name": "Grovedale" }, "geometry": { "type": "Polygon", "coordinates": [ [ [ 144.329, -38.194 ], [ 144.363, -38.185 ], [ 144.368, -38.193 ], [ 144.382, -38.194 ], [ 144.399, -38.22 ], [ 144.356, -38.222 ], [ 144.351, -38.251 ], [ 144.241, -38.238 ], [ 144.246, -38.212 ], [ 144.329, -38.194 ] ] ] } },
{ "type": "Feature", "properties": { "pha_code": 20213.0, "pha_name": "Highton/ Newtown (Vic.)" }, "geometry": { "type": "Polygon", "coordinates": [ [ [ 144.288, -38.15 ], [ 144.293, -38.157 ], [ 144.318, -38.139 ], [ 144.353, -38.147 ], [ 144.35, -38.164 ], [ 144.324, -38.171 ], [ 144.321, -38.196 ], [ 144.246, -38.212 ], [ 144.262, -38.141 ], [ 144.288, -38.15 ] ] ] } },
{ "type": "Feature", "properties": { "pha_code": 20214.0, "pha_name": "Lara" }, "geometry": { "type": "MultiPolygon", "coordinates": [ [ [ [ 144.517, -38.06 ], [ 144.516, -38.06 ], [ 144.516, -38.059 ], [ 144.517, -38.059 ], [ 144.517, -38.06 ] ] ], [ [ [ 144.518, -38.055 ], [ 144.517, -38.055 ], [ 144.518, -38.053 ], [ 144.518, -38.054 ], [ 144.518, -38.055 ] ] ], [ [ [ 144.518, -38.053 ], [ 144.517, -38.053 ], [ 144.517, -38.052 ], [ 144.518, -38.052 ], [ 144.518, -38.053 ] ] ], [ [ [ 144.517, -38.049 ], [ 144.517, -38.048 ], [ 144.518, -38.049 ], [ 144.517, -38.049 ] ] ], [ [ [ 144.519, -38.048 ], [ 144.52, -38.048 ], [ 144.52, -38.049 ], [ 144.518, -38.049 ], [ 144.519, -38.048 ] ] ], [ [ [ 144.234, -37.945 ], [ 144.203, -37.938 ], [ 144.213, -37.901 ], [ 144.248, -37.874 ], [ 144.234, -37.867 ], [ 144.23, -37.833 ], [ 144.211, -37.825 ], [ 144.222, -37.81 ], [ 144.296, -37.82 ], [ 144.294, -37.829 ], [ 144.305, -37.837 ], [ 144.354, -37.845 ], [ 144.362, -37.811 ], [ 144.399, -37.815 ], [ 144.406, -37.801 ], [ 144.421, -37.82 ], [ 144.429, -37.857 ], [ 144.481, -37.89 ], [ 144.485, -37.909 ], [ 144.478, -37.91 ], [ 144.482, -37.924 ], [ 144.474, -37.936 ], [ 144.48, -37.951 ], [ 144.496, -37.964 ], [ 144.495, -37.974 ], [ 144.522, -37.981 ], [ 144.524, -37.973 ], [ 144.548, -37.972 ], [ 144.554, -37.985 ], [ 144.568, -37.984 ], [ 144.574, -38.0 ], [ 144.592, -38.005 ], [ 144.559, -38.038 ], [ 144.514, -38.047 ], [ 144.507, -38.092 ], [ 144.48, -38.077 ], [ 144.472, -38.083 ], [ 144.458, -38.077 ], [ 144.444, -38.092 ], [ 144.444, -38.086 ], [ 144.414, -38.085 ], [ 144.399, -38.075 ], [ 144.41, -38.072 ], [ 144.415, -38.055 ], [ 144.358, -38.048 ], [ 144.359, -38.067 ], [ 144.341, -38.065 ], [ 144.347, -38.029 ], [ 144.354, -38.03 ], [ 144.351, -38.015 ], [ 144.283, -38.007 ], [ 144.288, -38.022 ], [ 144.247, -38.017 ], [ 144.241, -38.007 ], [ 144.248, -37.991 ], [ 144.24, -37.983 ], [ 144.234, -37.945 ] ] ], [ [ [ 144.48, -37.944 ], [ 144.481, -37.944 ], [ 144.481, -37.945 ], [ 144.48, -37.945 ], [ 144.48, -37.944 ] ] ], [ [ [ 144.521, -38.048 ], [ 144.521, -38.049 ], [ 144.52, -38.049 ], [ 144.521, -38.048 ] ] ], [ [ [ 144.525, -38.047 ], [ 144.525, -38.048 ], [ 144.524, -38.048 ], [ 144.524, -38.047 ], [ 144.525, -38.047 ] ] ], [ [ [ 144.528, -38.047 ], [ 144.528, -38.046 ], [ 144.529, -38.046 ], [ 144.528, -38.047 ] ] ], [ [ [ 144.531, -38.046 ], [ 144.53, -38.046 ], [ 144.531, -38.045 ], [ 144.531, -38.046 ] ] ], [ [ [ 144.535, -38.045 ], [ 144.534, -38.045 ], [ 144.535, -38.044 ], [ 144.535, -38.045 ] ] ], [ [ [ 144.536, -38.043 ], [ 144.536, -38.044 ], [ 144.535, -38.044 ], [ 144.535, -38.043 ], [ 144.536, -38.043 ] ] ], [ [ [ 144.537, -38.041 ], [ 144.537, -38.042 ], [ 144.536, -38.042 ], [ 144.537, -38.041 ] ] ] ] } },
{ "type": "Feature", "properties": { "pha_code": 20215.0, "pha_name": "Leopold" }, "geometry": { "type": "Polygon", "coordinates": [ [ [ 144.453, -38.174 ], [ 144.457, -38.158 ], [ 144.498, -38.161 ], [ 144.499, -38.206 ], [ 144.487, -38.217 ], [ 144.456, -38.21 ], [ 144.446, -38.228 ], [ 144.438, -38.224 ], [ 144.427, -38.235 ], [ 144.424, -38.225 ], [ 144.438, -38.214 ], [ 144.438, -38.197 ], [ 144.453, -38.174 ] ] ] } },
{ "type": "Feature", "properties": { "pha_code": 20216.0, "pha_name": "Newcomb - Moolap" }, "geometry": { "type": "MultiPolygon", "coordinates": [ [ [ [ 144.423, -38.233 ], [ 144.422, -38.233 ], [ 144.422, -38.231 ], [ 144.423, -38.231 ], [ 144.423, -38.233 ] ] ], [ [ [ 144.425, -38.226 ], [ 144.425, -38.23 ], [ 144.423, -38.231 ], [ 144.423, -38.226 ], [ 144.425, -38.226 ] ] ], [ [ [ 144.384, -38.169 ], [ 144.383, -38.156 ], [ 144.391, -38.149 ], [ 144.418, -38.154 ], [ 144.426, -38.125 ], [ 144.436, -38.144 ], [ 144.457, -38.158 ], [ 144.451, -38.186 ], [ 144.438, -38.197 ], [ 144.439, -38.212 ], [ 144.426, -38.225 ], [ 144.413, -38.214 ], [ 144.399, -38.22 ], [ 144.387, -38.208 ], [ 144.38, -38.193 ], [ 144.384, -38.169 ] ] ], [ [ [ 144.426, -38.124 ], [ 144.426, -38.125 ], [ 144.425, -38.124 ], [ 144.426, -38.124 ] ] ] ] } },
{ "type": "Feature", "properties": { "pha_code": 20217.0, "pha_name": "North Geelong - Bell Park" }, "geometry": { "type": "MultiPolygon", "coordinates": [ [ [ [ 144.279, -38.089 ], [ 144.284, -38.08 ], [ 144.307, -38.083 ], [ 144.311, -38.077 ], [ 144.337, -38.095 ], [ 144.344, -38.092 ], [ 144.351, -38.104 ], [ 144.368, -38.097 ], [ 144.376, -38.101 ], [ 144.361, -38.106 ], [ 144.367, -38.11 ], [ 144.353, -38.133 ], [ 144.305, -38.097 ], [ 144.282, -38.099 ], [ 144.276, -38.112 ], [ 144.265, -38.111 ], [ 144.268, -38.093 ], [ 144.279, -38.089 ] ] ], [ [ [ 144.377, -38.1 ], [ 144.377, -38.101 ], [ 144.376, -38.101 ], [ 144.377, -38.1 ] ] ] ] } },
{ "type": "Feature", "properties": { "pha_code": 20218.0, "pha_name": "Clifton Springs" }, "geometry": { "type": "Polygon", "coordinates": [ [ [ 144.57, -38.147 ], [ 144.586, -38.135 ], [ 144.597, -38.146 ], [ 144.649, -38.153 ], [ 144.641, -38.196 ], [ 144.614, -38.193 ], [ 144.608, -38.2 ], [ 144.585, -38.197 ], [ 144.565, -38.204 ], [ 144.501, -38.192 ], [ 144.498, -38.161 ], [ 144.556, -38.156 ], [ 144.57, -38.147 ] ] ] } },
{ "type": "Feature", "properties": { "pha_code": 20219.0, "pha_name": "Lorne - Anglesea/ Torquay" }, "geometry": { "type": "Polygon", "coordinates": [ [ [ 143.976, -38.557 ], [ 143.973, -38.567 ], [ 143.947, -38.579 ], [ 143.825, -38.567 ], [ 143.826, -38.557 ], [ 143.838, -38.559 ], [ 143.852, -38.545 ], [ 143.855, -38.524 ], [ 143.845, -38.523 ], [ 143.847, -38.512 ], [ 143.835, -38.511 ], [ 143.843, -38.466 ], [ 143.937, -38.46 ], [ 143.944, -38.411 ], [ 143.933, -38.406 ], [ 143.936, -38.392 ], [ 143.956, -38.397 ], [ 143.96, -38.387 ], [ 143.972, -38.384 ], [ 144.003, -38.397 ], [ 143.997, -38.347 ], [ 144.034, -38.351 ], [ 144.04, -38.317 ], [ 144.083, -38.325 ], [ 144.08, -38.338 ], [ 144.108, -38.332 ], [ 144.109, -38.325 ], [ 144.128, -38.331 ], [ 144.151, -38.321 ], [ 144.149, -38.332 ], [ 144.165, -38.343 ], [ 144.167, -38.337 ], [ 144.185, -38.339 ], [ 144.188, -38.322 ], [ 144.208, -38.317 ], [ 144.21, -38.302 ], [ 144.283, -38.311 ], [ 144.296, -38.244 ], [ 144.36, -38.252 ], [ 144.353, -38.29 ], [ 144.372, -38.292 ], [ 144.378, -38.304 ], [ 144.372, -38.311 ], [ 144.332, -38.323 ], [ 144.328, -38.34 ], [ 144.303, -38.348 ], [ 144.281, -38.372 ], [ 144.253, -38.385 ], [ 144.253, -38.396 ], [ 144.198, -38.407 ], [ 144.18, -38.419 ], [ 144.184, -38.429 ], [ 144.132, -38.435 ], [ 144.105, -38.469 ], [ 144.037, -38.475 ], [ 143.98, -38.531 ], [ 143.977, -38.543 ], [ 143.987, -38.549 ], [ 143.976, -38.557 ] ], [ [ 143.977, -38.555 ], [ 143.976, -38.555 ], [ 143.976, -38.556 ], [ 143.977, -38.555 ] ] ] } },
{ "type": "Feature", "properties": { "pha_code": 20220.0, "pha_name": "Ocean Grove/ Barwon Heads - Armstrong Creek" }, "geometry": { "type": "MultiPolygon", "coordinates": [ [ [ [ 144.668, -38.262 ], [ 144.667, -38.262 ], [ 144.667, -38.261 ], [ 144.668, -38.261 ], [ 144.668, -38.262 ] ] ], [ [ [ 144.666, -38.258 ], [ 144.666, -38.26 ], [ 144.663, -38.26 ], [ 144.663, -38.259 ], [ 144.666, -38.258 ] ] ], [ [ [ 144.354, -38.236 ], [ 144.356, -38.222 ], [ 144.41, -38.214 ], [ 144.424, -38.222 ], [ 144.428, -38.235 ], [ 144.438, -38.224 ], [ 144.446, -38.228 ], [ 144.456, -38.21 ], [ 144.487, -38.217 ], [ 144.499, -38.206 ], [ 144.501, -38.192 ], [ 144.565, -38.204 ], [ 144.585, -38.197 ], [ 144.608, -38.2 ], [ 144.614, -38.193 ], [ 144.681, -38.201 ], [ 144.624, -38.251 ], [ 144.637, -38.266 ], [ 144.633, -38.27 ], [ 144.658, -38.263 ], [ 144.672, -38.265 ], [ 144.66, -38.274 ], [ 144.622, -38.275 ], [ 144.615, -38.292 ], [ 144.525, -38.271 ], [ 144.507, -38.275 ], [ 144.495, -38.283 ], [ 144.502, -38.29 ], [ 144.43, -38.281 ], [ 144.376, -38.303 ], [ 144.372, -38.292 ], [ 144.353, -38.29 ], [ 144.36, -38.252 ], [ 144.351, -38.251 ], [ 144.354, -38.236 ] ], [ [ 144.422, -38.231 ], [ 144.422, -38.233 ], [ 144.423, -38.233 ], [ 144.423, -38.231 ], [ 144.422, -38.231 ] ], [ [ 144.498, -38.282 ], [ 144.497, -38.282 ], [ 144.497, -38.283 ], [ 144.498, -38.282 ] ] ], [ [ [ 144.671, -38.262 ], [ 144.673, -38.262 ], [ 144.673, -38.263 ], [ 144.67, -38.264 ], [ 144.671, -38.262 ] ] ], [ [ [ 144.668, -38.263 ], [ 144.668, -38.262 ], [ 144.669, -38.262 ], [ 144.669, -38.263 ], [ 144.668, -38.263 ] ] ], [ [ [ 144.67, -38.261 ], [ 144.67, -38.26 ], [ 144.671, -38.26 ], [ 144.671, -38.261 ], [ 144.67, -38.261 ] ] ], [ [ [ 144.669, -38.261 ], [ 144.668, -38.261 ], [ 144.669, -38.259 ], [ 144.669, -38.26 ], [ 144.669, -38.261 ] ] ], [ [ [ 144.669, -38.259 ], [ 144.668, -38.259 ], [ 144.668, -38.258 ], [ 144.669, -38.258 ], [ 144.669, -38.259 ] ] ], [ [ [ 144.665, -38.255 ], [ 144.678, -38.238 ], [ 144.678, -38.25 ], [ 144.702, -38.243 ], [ 144.665, -38.255 ] ] ], [ [ [ 144.685, -38.244 ], [ 144.687, -38.244 ], [ 144.688, -38.245 ], [ 144.686, -38.246 ], [ 144.685, -38.244 ] ] ] ] } },
{ "type": "Feature", "properties": { "pha_code": 20221.0, "pha_name": "Portarlington" }, "geometry": { "type": "Polygon", "coordinates": [ [ [ 144.62, -38.115 ], [ 144.634, -38.107 ], [ 144.688, -38.118 ], [ 144.72, -38.146 ], [ 144.72, -38.173 ], [ 144.701, -38.22 ], [ 144.694, -38.217 ], [ 144.703, -38.2 ], [ 144.694, -38.194 ], [ 144.682, -38.201 ], [ 144.641, -38.196 ], [ 144.649, -38.153 ], [ 144.597, -38.146 ], [ 144.586, -38.135 ], [ 144.62, -38.115 ] ] ] } },
{ "type": "Feature", "properties": { "pha_code": 20222.0, "pha_name": "Alexandra/ Euroa/ Nagambie/ Upper Yarra Valley" }, "geometry": { "type": "MultiPolygon", "coordinates": [ [ [ [ 145.563, -37.548 ], [ 145.562, -37.548 ], [ 145.562, -37.547 ], [ 145.563, -37.548 ] ] ], [ [ [ 145.62, -36.941 ], [ 145.616, -36.967 ], [ 145.647, -36.969 ], [ 145.647, -36.988 ], [ 145.653, -36.988 ], [ 145.662, -37.011 ], [ 145.699, -37.015 ], [ 145.713, -37.03 ], [ 145.707, -37.039 ], [ 145.735, -37.054 ], [ 145.759, -37.055 ], [ 145.778, -37.087 ], [ 145.811, -37.107 ], [ 145.827, -37.102 ], [ 145.844, -37.114 ], [ 145.881, -37.113 ], [ 145.89, -37.121 ], [ 145.892, -37.146 ], [ 145.883, -37.154 ], [ 145.858, -37.146 ], [ 145.877, -37.169 ], [ 145.846, -37.174 ], [ 145.847, -37.178 ], [ 145.87, -37.173 ], [ 145.878, -37.184 ], [ 145.867, -37.189 ], [ 145.87, -37.193 ], [ 145.881, -37.187 ], [ 145.882, -37.196 ], [ 145.901, -37.194 ], [ 145.925, -37.219 ], [ 145.965, -37.231 ], [ 145.974, -37.239 ], [ 145.963, -37.248 ], [ 145.968, -37.262 ], [ 145.971, -37.245 ], [ 145.984, -37.237 ], [ 145.998, -37.24 ], [ 146.0, -37.229 ], [ 146.006, -37.239 ], [ 146.03, -37.245 ], [ 146.034, -37.263 ], [ 146.022, -37.275 ], [ 146.032, -37.276 ], [ 146.045, -37.309 ], [ 146.048, -37.313 ], [ 146.057, -37.316 ], [ 146.051, -37.326 ], [ 146.07, -37.343 ], [ 146.059, -37.346 ], [ 146.064, -37.357 ], [ 146.054, -37.367 ], [ 146.102, -37.425 ], [ 146.096, -37.455 ], [ 146.139, -37.462 ], [ 146.144, -37.469 ], [ 146.135, -37.482 ], [ 146.153, -37.528 ], [ 146.185, -37.534983333333329 ], [ 146.126, -37.534 ], [ 146.187, -37.536 ], [ 146.19, -37.587 ], [ 146.186, -37.58 ], [ 146.175, -37.586 ], [ 146.172, -37.599 ], [ 146.161, -37.596 ], [ 146.165, -37.623 ], [ 146.159, -37.622 ], [ 146.159, -37.63 ], [ 146.144, -37.627 ], [ 146.13, -37.648 ], [ 146.132, -37.677 ], [ 146.143, -37.691 ], [ 146.138, -37.71 ], [ 146.152, -37.716 ], [ 146.163, -37.744 ], [ 146.159, -37.762 ], [ 146.142, -37.772 ], [ 146.134, -37.788 ], [ 146.121, -37.788 ], [ 146.09, -37.754 ], [ 146.068, -37.769 ], [ 146.021, -37.775 ], [ 146.0, -37.765 ], [ 145.981, -37.769 ], [ 145.944, -37.758 ], [ 145.937, -37.772 ], [ 145.917, -37.778 ], [ 145.929, -37.798 ], [ 145.923, -37.807 ], [ 145.932, -37.82 ], [ 145.926, -37.83 ], [ 145.905, -37.816 ], [ 145.894, -37.826 ], [ 145.867, -37.809 ], [ 145.878, -37.799 ], [ 145.844, -37.754 ], [ 145.799, -37.717 ], [ 145.788, -37.722 ], [ 145.786, -37.709 ], [ 145.811, -37.689 ], [ 145.792, -37.66 ], [ 145.803, -37.656 ], [ 145.812, -37.663 ], [ 145.805, -37.64 ], [ 145.813, -37.63 ], [ 145.765, -37.617 ], [ 145.756, -37.574 ], [ 145.737, -37.567 ], [ 145.731, -37.578 ], [ 145.737, -37.594 ], [ 145.676, -37.624 ], [ 145.659, -37.618 ], [ 145.648, -37.595 ], [ 145.618, -37.572 ], [ 145.603, -37.576 ], [ 145.6, -37.566 ], [ 145.579, -37.571 ], [ 145.563, -37.548 ], [ 145.574, -37.545 ], [ 145.56, -37.53 ], [ 145.565, -37.466 ], [ 145.57, -37.46 ], [ 145.669, -37.466 ], [ 145.692, -37.394 ], [ 145.658, -37.368 ], [ 145.659, -37.348 ], [ 145.637, -37.345 ], [ 145.638, -37.284 ], [ 145.593, -37.238 ], [ 145.591, -37.225 ], [ 145.561, -37.207 ], [ 145.556, -37.171 ], [ 145.572, -37.17 ], [ 145.562, -37.16 ], [ 145.58, -37.151 ], [ 145.55, -37.138 ], [ 145.562, -37.116 ], [ 145.541, -37.095 ], [ 145.546, -37.066 ], [ 145.533, -37.066 ], [ 145.533, -37.042 ], [ 145.522, -37.038 ], [ 145.514, -37.01 ], [ 145.517, -36.989 ], [ 145.491, -37.0 ], [ 145.49, -37.023 ], [ 145.446, -37.017 ], [ 145.423, -37.005 ], [ 145.42, -36.995 ], [ 145.408, -36.995 ], [ 145.405, -36.984 ], [ 145.387, -36.983 ], [ 145.383, -36.976 ], [ 145.371, -36.976 ], [ 145.363, -36.993 ], [ 145.349, -36.981 ], [ 145.34, -36.983 ], [ 145.332, -37.003 ], [ 145.323, -37.0 ], [ 145.323, -37.011 ], [ 145.313, -37.017 ], [ 145.303, -37.016 ], [ 145.309, -37.009 ], [ 145.303, -37.002 ], [ 145.22, -37.0 ], [ 145.223, -36.986 ], [ 145.198, -36.985 ], [ 145.198, -36.971 ], [ 145.13, -36.971 ], [ 145.137, -36.956 ], [ 145.127, -36.943 ], [ 145.133, -36.928 ], [ 145.121, -36.928 ], [ 145.116, -36.918 ], [ 145.128, -36.91 ], [ 145.121, -36.908 ], [ 145.121, -36.894 ], [ 145.086, -36.878 ], [ 145.087, -36.869 ], [ 145.044, -36.854 ], [ 145.001, -36.847 ], [ 144.987, -36.836 ], [ 144.933, -36.835 ], [ 144.932, -36.85 ], [ 144.944, -36.857 ], [ 144.894, -36.862 ], [ 144.874, -36.876 ], [ 144.851, -36.879 ], [ 144.799, -36.833 ], [ 144.787, -36.805 ], [ 144.792, -36.78 ], [ 144.785, -36.781 ], [ 144.785, -36.771 ], [ 144.795, -36.771 ], [ 144.795, -36.751 ], [ 144.932, -36.748 ], [ 144.932, -36.7 ], [ 144.987, -36.7 ], [ 145.017, -36.669 ], [ 145.02, -36.682 ], [ 145.043, -36.682 ], [ 145.043, -36.672 ], [ 145.037, -36.672 ], [ 145.043, -36.651 ], [ 145.087, -36.675 ], [ 145.169, -36.675 ], [ 145.178, -36.701 ], [ 145.186, -36.686 ], [ 145.223, -36.687 ], [ 145.222, -36.67 ], [ 145.204, -36.661 ], [ 145.212, -36.66 ], [ 145.206, -36.654 ], [ 145.229, -36.642 ], [ 145.303, -36.642 ], [ 145.297, -36.637 ], [ 145.309, -36.629 ], [ 145.306, -36.617 ], [ 145.319, -36.612 ], [ 145.354, -36.556 ], [ 145.58, -36.554 ], [ 145.592, -36.563 ], [ 145.632, -36.563 ], [ 145.632, -36.499 ], [ 145.732, -36.499 ], [ 145.731, -36.443 ], [ 145.724, -36.425 ], [ 145.735, -36.426 ], [ 145.738, -36.434 ], [ 145.79, -36.447 ], [ 145.799, -36.459 ], [ 145.823, -36.455 ], [ 145.823, -36.545 ], [ 145.808, -36.618 ], [ 145.819, -36.62 ], [ 145.817, -36.66 ], [ 145.838, -36.661 ], [ 145.839, -36.668 ], [ 145.824, -36.681 ], [ 145.825, -36.708 ], [ 145.812, -36.735 ], [ 145.83, -36.786 ], [ 145.861, -36.803 ], [ 145.872, -36.8 ], [ 145.865, -36.806 ], [ 145.874, -36.82 ], [ 145.863, -36.823 ], [ 145.864, -36.863 ], [ 145.856, -36.885 ], [ 145.862, -36.885 ], [ 145.866, -36.902 ], [ 145.861, -36.91 ], [ 145.791, -36.932 ], [ 145.705, -36.924 ], [ 145.659, -36.935 ], [ 145.653, -36.946 ], [ 145.62, -36.941 ] ], [ [ 145.857, -37.145 ], [ 145.856, -37.144 ], [ 145.855, -37.144 ], [ 145.858, -37.146 ], [ 145.857, -37.145 ] ], [ [ 145.854, -37.143 ], [ 145.854, -37.144 ], [ 145.855, -37.144 ], [ 145.854, -37.143 ] ], [ [ 145.866, -37.189 ], [ 145.864, -37.19 ], [ 145.864, -37.191 ], [ 145.867, -37.19 ], [ 145.866, -37.189 ] ], [ [ 145.863, -37.191 ], [ 145.862, -37.191 ], [ 145.862, -37.192 ], [ 145.864, -37.192 ], [ 145.863, -37.191 ] ], [ [ 145.861, -37.192 ], [ 145.861, -37.193 ], [ 145.862, -37.193 ], [ 145.862, -37.192 ], [ 145.861, -37.192 ] ], [ [ 145.881, -37.196 ], [ 145.88, -37.197 ], [ 145.88, -37.198 ], [ 145.882, -37.197 ], [ 145.881, -37.196 ] ], [ [ 145.969, -37.263 ], [ 145.97, -37.264 ], [ 145.969, -37.262 ], [ 145.969, -37.263 ] ], [ [ 146.03, -37.276 ], [ 146.03, -37.277 ], [ 146.031, -37.277 ], [ 146.031, -37.276 ], [ 146.03, -37.276 ] ], [ [ 146.051, -37.312 ], [ 146.051, -37.313 ], [ 146.052, -37.313 ], [ 146.052, -37.312 ], [ 146.051, -37.312 ] ], [ [ 145.864, -37.142 ], [ 145.863, -37.143 ], [ 145.865, -37.144 ], [ 145.865, -37.142 ], [ 145.864, -37.142 ] ], [ [ 145.863, -37.141 ], [ 145.862, -37.141 ], [ 145.863, -37.142 ], [ 145.863, -37.141 ] ] ], [ [ [ 145.305, -36.614 ], [ 145.305, -36.613 ], [ 145.308, -36.613 ], [ 145.308, -36.614 ], [ 145.305, -36.614 ] ] ], [ [ [ 145.822, -36.454 ], [ 145.823, -36.454 ], [ 145.823, -36.455 ], [ 145.822, -36.454 ] ] ], [ [ [ 146.19, -37.587 ], [ 146.191, -37.587 ], [ 146.192, -37.588 ], [ 146.191, -37.588 ], [ 146.19, -37.587 ] ] ], [ [ [ 146.054, -37.311 ], [ 146.052, -37.311 ], [ 146.052, -37.31 ], [ 146.054, -37.31 ], [ 146.054, -37.311 ] ] ], [ [ [ 146.03, -37.273 ], [ 146.029, -37.273 ], [ 146.029, -37.272 ], [ 146.03, -37.272 ], [ 146.03, -37.273 ] ] ], [ [ [ 146.034, -37.261 ], [ 146.034, -37.26 ], [ 146.035, -37.26 ], [ 146.035, -37.261 ], [ 146.034, -37.261 ] ] ], [ [ [ 146.038, -37.26 ], [ 146.035, -37.26 ], [ 146.035, -37.259 ], [ 146.037, -37.259 ], [ 146.038, -37.26 ] ] ] ] } },
{ "type": "Feature", "properties": { "pha_code": 20223.0, "pha_name": "Kilmore - Broadford/ Yea" }, "geometry": { "type": "MultiPolygon", "coordinates": [ [ [ [ 144.861, -37.326 ], [ 144.861, -37.327 ], [ 144.86, -37.327 ], [ 144.86, -37.326 ], [ 144.861, -37.326 ] ] ], [ [ [ 144.826, -37.231 ], [ 144.817, -37.23 ], [ 144.82, -37.219 ], [ 144.811, -37.217 ], [ 144.808, -37.171 ], [ 144.85, -37.166 ], [ 144.88, -37.175 ], [ 144.914, -37.154 ], [ 144.926, -37.165 ], [ 144.916, -37.178 ], [ 144.919, -37.202 ], [ 144.945, -37.214 ], [ 144.963, -37.214 ], [ 144.964, -37.201 ], [ 144.99, -37.201 ], [ 144.999, -37.182 ], [ 144.996, -37.163 ], [ 145.036, -37.159 ], [ 145.109, -37.169 ], [ 145.134, -37.189 ], [ 145.164, -37.195 ], [ 145.164, -37.205 ], [ 145.196, -37.206 ], [ 145.202, -37.187 ], [ 145.219, -37.191 ], [ 145.241, -37.177 ], [ 145.241, -37.169 ], [ 145.232, -37.169 ], [ 145.23, -37.133 ], [ 145.243, -37.144 ], [ 145.256, -37.135 ], [ 145.279, -37.143 ], [ 145.29, -37.117 ], [ 145.288, -37.1 ], [ 145.366, -37.098 ], [ 145.354, -37.049 ], [ 145.373, -37.016 ], [ 145.432, -37.005 ], [ 145.446, -37.017 ], [ 145.49, -37.023 ], [ 145.491, -37.0 ], [ 145.517, -36.989 ], [ 145.514, -37.01 ], [ 145.522, -37.038 ], [ 145.533, -37.042 ], [ 145.533, -37.066 ], [ 145.546, -37.066 ], [ 145.541, -37.095 ], [ 145.562, -37.116 ], [ 145.55, -37.138 ], [ 145.58, -37.151 ], [ 145.562, -37.16 ], [ 145.572, -37.17 ], [ 145.556, -37.171 ], [ 145.561, -37.207 ], [ 145.591, -37.225 ], [ 145.593, -37.238 ], [ 145.638, -37.284 ], [ 145.637, -37.345 ], [ 145.659, -37.348 ], [ 145.658, -37.368 ], [ 145.692, -37.395 ], [ 145.669, -37.466 ], [ 145.513, -37.457 ], [ 145.517, -37.437 ], [ 145.495, -37.437 ], [ 145.489, -37.461 ], [ 145.419, -37.461 ], [ 145.417, -37.468 ], [ 145.395, -37.468 ], [ 145.387, -37.457 ], [ 145.404, -37.457 ], [ 145.413, -37.446 ], [ 145.4, -37.444 ], [ 145.4, -37.434 ], [ 145.332, -37.43 ], [ 145.332, -37.414 ], [ 145.315, -37.409 ], [ 145.293, -37.42 ], [ 145.266, -37.41 ], [ 145.266, -37.373 ], [ 145.258, -37.372 ], [ 145.249, -37.349 ], [ 145.237, -37.345 ], [ 145.234, -37.327 ], [ 145.227, -37.327 ], [ 145.227, -37.294 ], [ 145.125, -37.294 ], [ 145.125, -37.269 ], [ 145.118, -37.263 ], [ 145.056, -37.263 ], [ 145.053, -37.305 ], [ 145.03, -37.33 ], [ 145.0, -37.331 ], [ 144.992, -37.341 ], [ 144.921, -37.333 ], [ 144.918, -37.348 ], [ 144.892, -37.345 ], [ 144.865, -37.324 ], [ 144.849, -37.322 ], [ 144.856, -37.285 ], [ 144.846, -37.29 ], [ 144.825, -37.284 ], [ 144.826, -37.231 ] ] ] ] } },
{ "type": "Feature", "properties": { "pha_code": 20224.0, "pha_name": "Mansfield (Vic.)" }, "geometry": { "type": "MultiPolygon", "coordinates": [ [ [ [ 145.861, -37.192 ], [ 145.862, -37.192 ], [ 145.862, -37.193 ], [ 145.861, -37.193 ], [ 145.861, -37.192 ] ] ], [ [ [ 145.862, -37.191 ], [ 145.864, -37.191 ], [ 145.864, -37.192 ], [ 145.862, -37.192 ], [ 145.862, -37.191 ] ] ], [ [ [ 145.864, -37.191 ], [ 145.865, -37.189 ], [ 145.867, -37.189 ], [ 145.867, -37.19 ], [ 145.864, -37.191 ] ] ], [ [ [ 145.855, -37.144 ], [ 145.856, -37.144 ], [ 145.858, -37.146 ], [ 145.857, -37.146 ], [ 145.855, -37.144 ] ] ], [ [ [ 145.854, -37.144 ], [ 145.854, -37.143 ], [ 145.855, -37.144 ], [ 145.854, -37.144 ] ] ], [ [ [ 145.864, -37.142 ], [ 145.865, -37.142 ], [ 145.865, -37.144 ], [ 145.863, -37.143 ], [ 145.864, -37.142 ] ] ], [ [ [ 145.863, -37.142 ], [ 145.862, -37.141 ], [ 145.863, -37.141 ], [ 145.863, -37.142 ] ] ], [ [ [ 146.052, -37.312 ], [ 146.052, -37.313 ], [ 146.051, -37.313 ], [ 146.051, -37.312 ], [ 146.052, -37.312 ] ] ], [ [ [ 146.031, -37.276 ], [ 146.031, -37.277 ], [ 146.03, -37.277 ], [ 146.03, -37.276 ], [ 146.031, -37.276 ] ] ], [ [ [ 145.969, -37.262 ], [ 145.97, -37.263 ], [ 145.97, -37.264 ], [ 145.969, -37.263 ], [ 145.969, -37.262 ] ] ], [ [ [ 145.68, -36.93 ], [ 145.734, -36.923 ], [ 145.756, -36.932 ], [ 145.791, -36.932 ], [ 145.873, -36.906 ], [ 145.915, -36.912 ], [ 145.917, -36.926 ], [ 145.931, -36.919 ], [ 145.948, -36.928 ], [ 145.947, -36.94 ], [ 145.956, -36.927 ], [ 145.956, -36.899 ], [ 145.966, -36.874 ], [ 145.992, -36.874 ], [ 146.011, -36.853 ], [ 146.013, -36.88 ], [ 146.064, -36.885 ], [ 146.068, -36.862 ], [ 146.059, -36.861 ], [ 146.061, -36.852 ], [ 146.033, -36.844 ], [ 146.035, -36.833 ], [ 146.056, -36.822 ], [ 146.076, -36.83 ], [ 146.074, -36.841 ], [ 146.083, -36.842 ], [ 146.085, -36.832 ], [ 146.105, -36.832 ], [ 146.117, -36.839 ], [ 146.111, -36.859 ], [ 146.122, -36.86 ], [ 146.123, -36.853 ], [ 146.151, -36.859 ], [ 146.153, -36.888 ], [ 146.184, -36.892 ], [ 146.186, -36.899 ], [ 146.226, -36.916 ], [ 146.261, -36.914 ], [ 146.292, -36.942 ], [ 146.336, -36.953 ], [ 146.647, -37.163 ], [ 146.436, -37.618 ], [ 146.394, -37.604 ], [ 146.383, -37.61 ], [ 146.376, -37.629 ], [ 146.367, -37.629 ], [ 146.347, -37.624 ], [ 146.321, -37.599 ], [ 146.3, -37.591 ], [ 146.276, -37.605 ], [ 146.245, -37.61 ], [ 146.205, -37.6 ], [ 146.19, -37.587 ], [ 146.187, -37.536 ], [ 146.171, -37.527 ], [ 146.153, -37.528 ], [ 146.135, -37.482 ], [ 146.144, -37.468 ], [ 146.131, -37.456 ], [ 146.096, -37.455 ], [ 146.102, -37.425 ], [ 146.054, -37.367 ], [ 146.064, -37.357 ], [ 146.059, -37.346 ], [ 146.07, -37.343 ], [ 146.051, -37.326 ], [ 146.057, -37.316 ], [ 146.048, -37.313 ], [ 146.045, -37.309 ], [ 146.032, -37.276 ], [ 146.022, -37.275 ], [ 146.034, -37.263 ], [ 146.03, -37.245 ], [ 146.006, -37.239 ], [ 146.0, -37.229 ], [ 145.998, -37.24 ], [ 145.984, -37.237 ], [ 145.971, -37.245 ], [ 145.968, -37.262 ], [ 145.963, -37.248 ], [ 145.974, -37.239 ], [ 145.965, -37.231 ], [ 145.925, -37.219 ], [ 145.901, -37.194 ], [ 145.882, -37.196 ], [ 145.881, -37.187 ], [ 145.87, -37.193 ], [ 145.878, -37.184 ], [ 145.87, -37.173 ], [ 145.847, -37.178 ], [ 145.877, -37.169 ], [ 145.858, -37.146 ], [ 145.88, -37.154 ], [ 145.892, -37.146 ], [ 145.892, -37.125 ], [ 145.881, -37.113 ], [ 145.849, -37.115 ], [ 145.827, -37.102 ], [ 145.821, -37.108 ], [ 145.805, -37.104 ], [ 145.778, -37.087 ], [ 145.759, -37.055 ], [ 145.735, -37.054 ], [ 145.707, -37.039 ], [ 145.713, -37.03 ], [ 145.699, -37.015 ], [ 145.662, -37.011 ], [ 145.653, -36.988 ], [ 145.647, -36.988 ], [ 145.647, -36.969 ], [ 145.616, -36.967 ], [ 145.619, -36.938 ], [ 145.637, -36.948 ], [ 145.653, -36.946 ], [ 145.657, -36.936 ], [ 145.68, -36.93 ] ], [ [ 146.053, -37.311 ], [ 146.054, -37.311 ], [ 146.054, -37.31 ], [ 146.052, -37.31 ], [ 146.053, -37.311 ] ], [ [ 146.03, -37.273 ], [ 146.03, -37.272 ], [ 146.029, -37.272 ], [ 146.029, -37.273 ], [ 146.03, -37.273 ] ], [ [ 146.035, -37.261 ], [ 146.035, -37.26 ], [ 146.034, -37.26 ], [ 146.034, -37.261 ], [ 146.035, -37.261 ] ], [ [ 146.036, -37.26 ], [ 146.037, -37.26 ], [ 146.038, -37.26 ], [ 146.035, -37.259 ], [ 146.036, -37.26 ] ] ], [ [ [ 145.88, -37.198 ], [ 145.881, -37.196 ], [ 145.882, -37.196 ], [ 145.882, -37.197 ], [ 145.88, -37.198 ] ] ], [ [ [ 146.077, -36.831 ], [ 146.077, -36.832 ], [ 146.076, -36.831 ], [ 146.077, -36.831 ] ] ] ] } },
{ "type": "Feature", "properties": { "pha_code": 20225.0, "pha_name": "Seymour" }, "geometry": { "type": "Polygon", "coordinates": [ [ [ 145.121, -36.983 ], [ 145.13, -36.971 ], [ 145.198, -36.971 ], [ 145.198, -36.985 ], [ 145.223, -36.986 ], [ 145.212, -37.025 ], [ 145.143, -37.092 ], [ 145.131, -37.074 ], [ 145.146, -37.051 ], [ 145.141, -37.037 ], [ 145.136, -37.031 ], [ 145.102, -37.032 ], [ 145.1, -37.026 ], [ 145.121, -36.983 ] ] ] } },
{ "type": "Feature", "properties": { "pha_code": 20226.0, "pha_name": "Seymour Region" }, "geometry": { "type": "MultiPolygon", "coordinates": [ [ [ [ 144.707, -37.214 ], [ 144.704, -37.213 ], [ 144.706, -37.211 ], [ 144.706, -37.213 ], [ 144.707, -37.214 ] ] ], [ [ [ 144.539, -37.088 ], [ 144.539, -37.089 ], [ 144.538, -37.088 ], [ 144.539, -37.088 ] ] ], [ [ [ 144.535, -37.108 ], [ 144.53, -37.1 ], [ 144.543, -37.088 ], [ 144.536, -37.084 ], [ 144.537, -37.068 ], [ 144.551, -37.054 ], [ 144.545, -37.053 ], [ 144.542, -37.015 ], [ 144.632, -37.002 ], [ 144.65, -37.015 ], [ 144.689, -37.011 ], [ 144.688, -36.995 ], [ 144.709, -36.989 ], [ 144.717, -36.975 ], [ 144.734, -36.982 ], [ 144.751, -36.975 ], [ 144.753, -36.963 ], [ 144.766, -36.974 ], [ 144.797, -36.966 ], [ 144.791, -36.952 ], [ 144.806, -36.956 ], [ 144.8, -36.939 ], [ 144.822, -36.9 ], [ 144.874, -36.876 ], [ 144.881, -36.866 ], [ 144.944, -36.857 ], [ 144.932, -36.85 ], [ 144.933, -36.835 ], [ 144.987, -36.836 ], [ 145.001, -36.847 ], [ 145.087, -36.869 ], [ 145.086, -36.878 ], [ 145.121, -36.894 ], [ 145.121, -36.908 ], [ 145.128, -36.91 ], [ 145.116, -36.918 ], [ 145.121, -36.928 ], [ 145.133, -36.928 ], [ 145.127, -36.943 ], [ 145.137, -36.958 ], [ 145.1, -37.026 ], [ 145.102, -37.032 ], [ 145.136, -37.031 ], [ 145.141, -37.037 ], [ 145.146, -37.051 ], [ 145.131, -37.074 ], [ 145.142, -37.092 ], [ 145.212, -37.025 ], [ 145.22, -37.0 ], [ 145.303, -37.002 ], [ 145.309, -37.008 ], [ 145.303, -37.016 ], [ 145.313, -37.017 ], [ 145.323, -37.011 ], [ 145.323, -37.0 ], [ 145.332, -37.003 ], [ 145.34, -36.983 ], [ 145.349, -36.981 ], [ 145.363, -36.993 ], [ 145.371, -36.976 ], [ 145.401, -36.982 ], [ 145.408, -36.995 ], [ 145.426, -36.999 ], [ 145.422, -37.006 ], [ 145.382, -37.01 ], [ 145.361, -37.027 ], [ 145.354, -37.051 ], [ 145.366, -37.098 ], [ 145.288, -37.1 ], [ 145.29, -37.117 ], [ 145.279, -37.143 ], [ 145.256, -37.135 ], [ 145.243, -37.144 ], [ 145.23, -37.133 ], [ 145.232, -37.169 ], [ 145.241, -37.169 ], [ 145.241, -37.177 ], [ 145.219, -37.191 ], [ 145.202, -37.187 ], [ 145.196, -37.206 ], [ 145.164, -37.205 ], [ 145.164, -37.195 ], [ 145.134, -37.189 ], [ 145.109, -37.169 ], [ 145.036, -37.159 ], [ 144.996, -37.163 ], [ 144.999, -37.182 ], [ 144.99, -37.201 ], [ 144.964, -37.201 ], [ 144.963, -37.214 ], [ 144.945, -37.214 ], [ 144.919, -37.202 ], [ 144.916, -37.178 ], [ 144.926, -37.165 ], [ 144.914, -37.154 ], [ 144.88, -37.175 ], [ 144.85, -37.166 ], [ 144.808, -37.171 ], [ 144.812, -37.214 ], [ 144.731, -37.221 ], [ 144.707, -37.213 ], [ 144.716, -37.209 ], [ 144.71, -37.16 ], [ 144.727, -37.16 ], [ 144.735, -37.127 ], [ 144.716, -37.118 ], [ 144.715, -37.1 ], [ 144.66, -37.108 ], [ 144.598, -37.107 ], [ 144.574, -37.099 ], [ 144.541, -37.115 ], [ 144.535, -37.108 ] ] ] ] } },
{ "type": "Feature", "properties": { "pha_code": 20227.0, "pha_name": "Benalla" }, "geometry": { "type": "Polygon", "coordinates": [ [ [ 145.918, -36.557 ], [ 145.9, -36.555 ], [ 145.899, -36.521 ], [ 145.925, -36.521 ], [ 145.932, -36.488 ], [ 145.944, -36.49 ], [ 145.941, -36.482 ], [ 145.948, -36.481 ], [ 145.935, -36.47 ], [ 145.989, -36.449 ], [ 145.999, -36.465 ], [ 146.019, -36.456 ], [ 146.02, -36.483 ], [ 146.044, -36.502 ], [ 146.075, -36.551 ], [ 146.073, -36.56 ], [ 146.081, -36.563 ], [ 146.066, -36.569 ], [ 146.073, -36.579 ], [ 146.053, -36.587 ], [ 146.081, -36.606 ], [ 146.114, -36.608 ], [ 146.113, -36.627 ], [ 146.102, -36.626 ], [ 146.1, -36.65 ], [ 146.09, -36.664 ], [ 146.067, -36.654 ], [ 146.058, -36.693 ], [ 146.001, -36.684 ], [ 145.994, -36.668 ], [ 145.931, -36.66 ], [ 145.932, -36.644 ], [ 145.92, -36.643 ], [ 145.924, -36.629 ], [ 145.903, -36.626 ], [ 145.918, -36.557 ] ] ] } },
{ "type": "Feature", "properties": { "pha_code": 20228.0, "pha_name": "Benalla Region/ Wangaratta Region" }, "geometry": { "type": "MultiPolygon", "coordinates": [ [ [ [ 146.131, -36.245 ], [ 146.131, -36.187 ], [ 146.234, -36.183 ], [ 146.234, -36.189 ], [ 146.245, -36.182 ], [ 146.245, -36.167 ], [ 146.229, -36.169 ], [ 146.236, -36.165 ], [ 146.241, -36.133 ], [ 146.205, -36.126 ], [ 146.206, -36.113 ], [ 146.216, -36.115 ], [ 146.217, -36.107 ], [ 146.205, -36.106 ], [ 146.216, -36.098 ], [ 146.21, -36.092 ], [ 146.215, -36.089 ], [ 146.196, -36.085 ], [ 146.202, -36.069 ], [ 146.278, -36.078 ], [ 146.276, -36.085 ], [ 146.295, -36.088 ], [ 146.284, -36.142 ], [ 146.511, -36.169 ], [ 146.54, -36.183 ], [ 146.531, -36.186 ], [ 146.525, -36.215 ], [ 146.535, -36.231 ], [ 146.512, -36.247 ], [ 146.572, -36.254 ], [ 146.558, -36.329 ], [ 146.633, -36.301 ], [ 146.613, -36.373 ], [ 146.604, -36.381 ], [ 146.614, -36.381 ], [ 146.612, -36.396 ], [ 146.666, -36.409 ], [ 146.688, -36.422 ], [ 146.695, -36.413 ], [ 146.725, -36.419 ], [ 146.726, -36.46 ], [ 146.719, -36.478 ], [ 146.694, -36.48 ], [ 146.671, -36.492 ], [ 146.652, -36.489 ], [ 146.643, -36.5 ], [ 146.648, -36.512 ], [ 146.634, -36.523 ], [ 146.662, -36.524 ], [ 146.67, -36.536 ], [ 146.661, -36.539 ], [ 146.658, -36.553 ], [ 146.671, -36.558 ], [ 146.671, -36.569 ], [ 146.648, -36.59 ], [ 146.645, -36.614 ], [ 146.622, -36.631 ], [ 146.616, -36.654 ], [ 146.631, -36.683 ], [ 146.566, -36.741 ], [ 146.643, -36.813 ], [ 146.638, -36.847 ], [ 146.626, -36.857 ], [ 146.645, -36.873 ], [ 146.64, -36.911 ], [ 146.65, -36.927 ], [ 146.644, -36.936 ], [ 146.654, -36.948 ], [ 146.655, -36.971 ], [ 146.672, -36.983 ], [ 146.673, -36.999 ], [ 146.674, -37.113 ], [ 146.652, -37.116 ], [ 146.639, -37.127 ], [ 146.647, -37.163 ], [ 146.336, -36.953 ], [ 146.292, -36.942 ], [ 146.261, -36.914 ], [ 146.226, -36.916 ], [ 146.186, -36.899 ], [ 146.184, -36.892 ], [ 146.153, -36.888 ], [ 146.151, -36.859 ], [ 146.144, -36.853 ], [ 146.111, -36.859 ], [ 146.117, -36.839 ], [ 146.105, -36.832 ], [ 146.085, -36.832 ], [ 146.083, -36.842 ], [ 146.074, -36.841 ], [ 146.076, -36.83 ], [ 146.056, -36.822 ], [ 146.035, -36.833 ], [ 146.033, -36.844 ], [ 146.061, -36.852 ], [ 146.059, -36.861 ], [ 146.068, -36.862 ], [ 146.064, -36.885 ], [ 146.013, -36.88 ], [ 146.011, -36.853 ], [ 145.992, -36.874 ], [ 145.966, -36.874 ], [ 145.956, -36.899 ], [ 145.956, -36.927 ], [ 145.947, -36.94 ], [ 145.948, -36.928 ], [ 145.931, -36.919 ], [ 145.917, -36.926 ], [ 145.915, -36.912 ], [ 145.862, -36.907 ], [ 145.866, -36.894 ], [ 145.856, -36.885 ], [ 145.864, -36.863 ], [ 145.863, -36.823 ], [ 145.874, -36.82 ], [ 145.865, -36.806 ], [ 145.872, -36.8 ], [ 145.861, -36.803 ], [ 145.83, -36.786 ], [ 145.812, -36.735 ], [ 145.825, -36.708 ], [ 145.824, -36.681 ], [ 145.839, -36.668 ], [ 145.838, -36.661 ], [ 145.817, -36.66 ], [ 145.819, -36.62 ], [ 145.808, -36.618 ], [ 145.823, -36.545 ], [ 145.823, -36.455 ], [ 145.799, -36.459 ], [ 145.79, -36.447 ], [ 145.776, -36.448 ], [ 145.759, -36.436 ], [ 145.748, -36.402 ], [ 145.73, -36.4 ], [ 145.733, -36.382 ], [ 145.725, -36.381 ], [ 145.732, -36.344 ], [ 145.765, -36.349 ], [ 145.767, -36.338 ], [ 145.781, -36.329 ], [ 145.781, -36.299 ], [ 146.031, -36.299 ], [ 146.037, -36.255 ], [ 146.131, -36.255 ], [ 146.131, -36.245 ] ], [ [ 146.236, -36.189 ], [ 146.237, -36.19 ], [ 146.237, -36.188 ], [ 146.236, -36.189 ] ], [ [ 146.682, -36.483 ], [ 146.681, -36.483 ], [ 146.681, -36.484 ], [ 146.682, -36.484 ], [ 146.682, -36.483 ] ], [ [ 146.077, -36.832 ], [ 146.077, -36.831 ], [ 146.076, -36.831 ], [ 146.077, -36.832 ] ], [ [ 145.823, -36.454 ], [ 145.822, -36.454 ], [ 145.823, -36.455 ], [ 145.823, -36.454 ] ], [ [ 146.273, -36.365 ], [ 146.277, -36.373 ], [ 146.27, -36.383 ], [ 146.332, -36.39 ], [ 146.329, -36.404 ], [ 146.369, -36.402 ], [ 146.371, -36.389 ], [ 146.36, -36.385 ], [ 146.368, -36.38 ], [ 146.342, -36.36 ], [ 146.345, -36.343 ], [ 146.317, -36.339 ], [ 146.312, -36.328 ], [ 146.304, -36.331 ], [ 146.303, -36.31 ], [ 146.291, -36.313 ], [ 146.288, -36.302 ], [ 146.264, -36.306 ], [ 146.279, -36.335 ], [ 146.26, -36.333 ], [ 146.257, -36.349 ], [ 146.267, -36.35 ], [ 146.273, -36.365 ] ], [ [ 145.937, -36.471 ], [ 145.948, -36.481 ], [ 145.941, -36.482 ], [ 145.944, -36.49 ], [ 145.932, -36.488 ], [ 145.925, -36.521 ], [ 145.899, -36.521 ], [ 145.9, -36.555 ], [ 145.918, -36.557 ], [ 145.903, -36.626 ], [ 145.924, -36.629 ], [ 145.92, -36.643 ], [ 145.932, -36.644 ], [ 145.931, -36.66 ], [ 145.994, -36.668 ], [ 146.001, -36.684 ], [ 146.058, -36.693 ], [ 146.067, -36.654 ], [ 146.09, -36.664 ], [ 146.1, -36.65 ], [ 146.102, -36.626 ], [ 146.113, -36.627 ], [ 146.114, -36.608 ], [ 146.081, -36.606 ], [ 146.053, -36.587 ], [ 146.073, -36.579 ], [ 146.066, -36.569 ], [ 146.081, -36.563 ], [ 146.073, -36.56 ], [ 146.075, -36.551 ], [ 146.044, -36.502 ], [ 146.02, -36.483 ], [ 146.019, -36.456 ], [ 145.999, -36.465 ], [ 145.989, -36.449 ], [ 145.937, -36.471 ] ] ], [ [ [ 146.299, -36.309 ], [ 146.299, -36.31 ], [ 146.297, -36.31 ], [ 146.297, -36.309 ], [ 146.299, -36.309 ] ] ] ] } },
{ "type": "Feature", "properties": { "pha_code": 20229.0, "pha_name": "Rutherglen" }, "geometry": { "type": "MultiPolygon", "coordinates": [ [ [ [ 146.189, -36.04 ], [ 146.197, -36.03 ], [ 146.203, -36.039 ], [ 146.211, -36.029 ], [ 146.216, -36.034 ], [ 146.21, -36.039 ], [ 146.225, -36.029 ], [ 146.231, -36.034 ], [ 146.251, -36.024 ], [ 146.244, -36.019 ], [ 146.256, -36.013 ], [ 146.273, -36.027 ], [ 146.275, -36.012 ], [ 146.283, -36.011 ], [ 146.278, -36.015 ], [ 146.291, -36.021 ], [ 146.282, -36.027 ], [ 146.293, -36.028 ], [ 146.284, -36.042 ], [ 146.292, -36.039 ], [ 146.298, -36.048 ], [ 146.299, -36.037 ], [ 146.313, -36.046 ], [ 146.316, -36.038 ], [ 146.33, -36.043 ], [ 146.325, -36.033 ], [ 146.339, -36.026 ], [ 146.35, -36.042 ], [ 146.37, -36.051 ], [ 146.38, -36.045 ], [ 146.376, -36.038 ], [ 146.388, -36.036 ], [ 146.379, -36.028 ], [ 146.381, -36.012 ], [ 146.399, -36.008 ], [ 146.398, -35.996 ], [ 146.416, -35.984 ], [ 146.415, -35.975 ], [ 146.425, -35.974 ], [ 146.426, -35.964 ], [ 146.444, -35.976 ], [ 146.455, -35.962 ], [ 146.47, -35.976 ], [ 146.468, -35.985 ], [ 146.477, -35.982 ], [ 146.489, -35.991 ], [ 146.504, -35.989 ], [ 146.502, -35.983 ], [ 146.499, -35.986 ], [ 146.492, -35.985 ], [ 146.501, -35.979 ], [ 146.501, -35.958 ], [ 146.519, -35.96 ], [ 146.532, -35.984 ], [ 146.548, -35.992 ], [ 146.556, -35.989 ], [ 146.552, -35.979 ], [ 146.562, -35.969 ], [ 146.562, -35.977 ], [ 146.582, -35.984 ], [ 146.584, -35.975 ], [ 146.599, -35.971 ], [ 146.619, -35.976 ], [ 146.608, -35.986 ], [ 146.613, -35.996 ], [ 146.62, -35.994 ], [ 146.615, -36.022 ], [ 146.59, -36.019 ], [ 146.584, -36.053 ], [ 146.57, -36.051 ], [ 146.574, -36.072 ], [ 146.539, -36.072 ], [ 146.539, -36.082 ], [ 146.531, -36.08 ], [ 146.531, -36.1 ], [ 146.537, -36.101 ], [ 146.533, -36.11 ], [ 146.521, -36.109 ], [ 146.53, -36.12 ], [ 146.519, -36.121 ], [ 146.516, -36.134 ], [ 146.521, -36.152 ], [ 146.527, -36.15 ], [ 146.523, -36.171 ], [ 146.284, -36.142 ], [ 146.295, -36.088 ], [ 146.276, -36.085 ], [ 146.278, -36.078 ], [ 146.269, -36.076 ], [ 146.201, -36.069 ], [ 146.198, -36.044 ], [ 146.178, -36.051 ], [ 146.177, -36.034 ], [ 146.189, -36.04 ] ] ], [ [ [ 146.199, -36.028 ], [ 146.199, -36.027 ], [ 146.202, -36.028 ], [ 146.198, -36.03 ], [ 146.199, -36.028 ] ] ], [ [ [ 146.204, -36.028 ], [ 146.204, -36.029 ], [ 146.202, -36.028 ], [ 146.203, -36.028 ], [ 146.204, -36.028 ] ] ] ] } },
{ "type": "Feature", "properties": { "pha_code": 20230.0, "pha_name": "Wangaratta" }, "geometry": { "type": "Polygon", "coordinates": [ [ [ 146.266, -36.35 ], [ 146.257, -36.349 ], [ 146.26, -36.333 ], [ 146.279, -36.335 ], [ 146.264, -36.306 ], [ 146.288, -36.302 ], [ 146.293, -36.314 ], [ 146.298, -36.314 ], [ 146.295, -36.308 ], [ 146.299, -36.307 ], [ 146.304, -36.331 ], [ 146.312, -36.328 ], [ 146.317, -36.339 ], [ 146.345, -36.343 ], [ 146.342, -36.36 ], [ 146.368, -36.38 ], [ 146.36, -36.385 ], [ 146.371, -36.389 ], [ 146.369, -36.402 ], [ 146.329, -36.404 ], [ 146.332, -36.39 ], [ 146.27, -36.383 ], [ 146.277, -36.371 ], [ 146.266, -36.35 ] ], [ [ 146.297, -36.309 ], [ 146.297, -36.31 ], [ 146.299, -36.31 ], [ 146.299, -36.309 ], [ 146.297, -36.309 ] ] ] } },
{ "type": "Feature", "properties": { "pha_code": 20231.0, "pha_name": "Beechworth/ Chiltern - Indigo Valley" }, "geometry": { "type": "Polygon", "coordinates": [ [ [ 146.614, -36.381 ], [ 146.604, -36.381 ], [ 146.613, -36.373 ], [ 146.622, -36.325 ], [ 146.635, -36.303 ], [ 146.624, -36.3 ], [ 146.619, -36.308 ], [ 146.558, -36.329 ], [ 146.572, -36.254 ], [ 146.512, -36.247 ], [ 146.536, -36.228 ], [ 146.525, -36.215 ], [ 146.531, -36.186 ], [ 146.54, -36.183 ], [ 146.522, -36.178 ], [ 146.527, -36.15 ], [ 146.521, -36.152 ], [ 146.516, -36.135 ], [ 146.519, -36.121 ], [ 146.53, -36.12 ], [ 146.521, -36.109 ], [ 146.533, -36.11 ], [ 146.537, -36.101 ], [ 146.531, -36.1 ], [ 146.531, -36.08 ], [ 146.539, -36.082 ], [ 146.539, -36.072 ], [ 146.574, -36.072 ], [ 146.57, -36.051 ], [ 146.584, -36.053 ], [ 146.59, -36.019 ], [ 146.615, -36.022 ], [ 146.62, -36.011 ], [ 146.618, -36.005 ], [ 146.621, -35.994 ], [ 146.64, -36.01 ], [ 146.643, -36.004 ], [ 146.659, -36.014 ], [ 146.65, -36.018 ], [ 146.658, -36.021 ], [ 146.655, -36.026 ], [ 146.669, -36.029 ], [ 146.667, -36.018 ], [ 146.671, -36.026 ], [ 146.68, -36.022 ], [ 146.675, -36.029 ], [ 146.683, -36.03 ], [ 146.686, -36.041 ], [ 146.695, -36.035 ], [ 146.69, -36.03 ], [ 146.708, -36.036 ], [ 146.709, -36.029 ], [ 146.733, -36.025 ], [ 146.712, -36.046 ], [ 146.702, -36.106 ], [ 146.707, -36.126 ], [ 146.775, -36.128 ], [ 146.779, -36.155 ], [ 146.791, -36.165 ], [ 146.781, -36.178 ], [ 146.785, -36.2 ], [ 146.811, -36.218 ], [ 146.804, -36.235 ], [ 146.813, -36.235 ], [ 146.822, -36.247 ], [ 146.819, -36.255 ], [ 146.829, -36.262 ], [ 146.804, -36.273 ], [ 146.819, -36.311 ], [ 146.789, -36.314 ], [ 146.793, -36.323 ], [ 146.816, -36.324 ], [ 146.831, -36.359 ], [ 146.818, -36.375 ], [ 146.824, -36.402 ], [ 146.815, -36.448 ], [ 146.763, -36.456 ], [ 146.726, -36.459 ], [ 146.725, -36.419 ], [ 146.695, -36.413 ], [ 146.688, -36.422 ], [ 146.666, -36.409 ], [ 146.63, -36.404 ], [ 146.612, -36.396 ], [ 146.614, -36.381 ] ] ] } },
{ "type": "Feature", "properties": { "pha_code": 20232.0, "pha_name": "Bright - Mount Beauty/ Towong" }, "geometry": { "type": "MultiPolygon", "coordinates": [ [ [ [ 146.804, -37.185 ], [ 146.804, -37.186 ], [ 146.803, -37.186 ], [ 146.803, -37.185 ], [ 146.804, -37.185 ] ] ], [ [ [ 146.601, -36.711 ], [ 146.631, -36.683 ], [ 146.616, -36.654 ], [ 146.622, -36.631 ], [ 146.666, -36.632 ], [ 146.668, -36.622 ], [ 146.688, -36.634 ], [ 146.683, -36.641 ], [ 146.689, -36.658 ], [ 146.702, -36.656 ], [ 146.706, -36.621 ], [ 146.729, -36.638 ], [ 146.751, -36.629 ], [ 146.76, -36.643 ], [ 146.764, -36.635 ], [ 146.789, -36.635 ], [ 146.786, -36.652 ], [ 146.842, -36.658 ], [ 146.841, -36.667 ], [ 146.852, -36.668 ], [ 146.848, -36.677 ], [ 146.856, -36.67 ], [ 146.865, -36.68 ], [ 146.89, -36.681 ], [ 146.878, -36.668 ], [ 146.889, -36.668 ], [ 146.904, -36.651 ], [ 146.898, -36.647 ], [ 146.907, -36.636 ], [ 146.9, -36.631 ], [ 146.944, -36.621 ], [ 146.937, -36.605 ], [ 146.955, -36.598 ], [ 146.97, -36.557 ], [ 146.962, -36.558 ], [ 146.97, -36.528 ], [ 146.945, -36.507 ], [ 146.952, -36.487 ], [ 146.942, -36.466 ], [ 146.91, -36.443 ], [ 146.894, -36.441 ], [ 146.891, -36.458 ], [ 146.879, -36.457 ], [ 146.893, -36.434 ], [ 146.915, -36.43 ], [ 146.922, -36.416 ], [ 146.933, -36.418 ], [ 146.935, -36.408 ], [ 147.045, -36.394 ], [ 147.039, -36.398 ], [ 147.036, -36.404 ], [ 147.037, -36.416 ], [ 147.048, -36.417 ], [ 147.046, -36.435 ], [ 147.048, -36.435 ], [ 147.052, -36.439 ], [ 147.05, -36.443 ], [ 147.062, -36.446 ], [ 147.06, -36.459 ], [ 147.084, -36.454 ], [ 147.117, -36.461 ], [ 147.104, -36.481 ], [ 147.118, -36.465 ], [ 147.126, -36.468 ], [ 147.123, -36.448 ], [ 147.145, -36.451 ], [ 147.166, -36.389 ], [ 147.161, -36.377 ], [ 147.167, -36.359 ], [ 147.177, -36.362 ], [ 147.197, -36.335 ], [ 147.143, -36.258 ], [ 147.122, -36.255 ], [ 147.114, -36.244 ], [ 147.128, -36.235 ], [ 147.128, -36.218 ], [ 147.101, -36.219 ], [ 147.086, -36.21 ], [ 147.051, -36.163 ], [ 147.036, -36.135 ], [ 147.036, -36.113 ], [ 147.042, -36.104 ], [ 147.054, -36.107 ], [ 147.05, -36.098 ], [ 147.063, -36.083 ], [ 147.063, -36.065 ], [ 147.067, -36.069 ], [ 147.069, -36.06 ], [ 147.075, -36.064 ], [ 147.09, -36.049 ], [ 147.096, -36.053 ], [ 147.092, -36.044 ], [ 147.097, -36.047 ], [ 147.104, -36.033 ], [ 147.092, -36.027 ], [ 147.099, -36.027 ], [ 147.097, -36.016 ], [ 147.106, -36.018 ], [ 147.098, -36.01 ], [ 147.109, -36.013 ], [ 147.106, -36.006 ], [ 147.116, -36.008 ], [ 147.112, -36.001 ], [ 147.123, -35.994 ], [ 147.127, -36.018 ], [ 147.145, -36.031 ], [ 147.144, -36.038 ], [ 147.167, -36.031 ], [ 147.204, -36.05 ], [ 147.225, -36.049 ], [ 147.242, -36.038 ], [ 147.285, -36.039 ], [ 147.305, -36.047 ], [ 147.31, -36.061 ], [ 147.316, -36.059 ], [ 147.312, -36.053 ], [ 147.321, -36.061 ], [ 147.353, -36.032 ], [ 147.346, -36.017 ], [ 147.355, -36.01 ], [ 147.358, -35.991 ], [ 147.375, -35.982 ], [ 147.373, -35.98 ], [ 147.377, -35.977 ], [ 147.376, -35.976 ], [ 147.393, -35.973 ], [ 147.39, -35.949 ], [ 147.405, -35.943 ], [ 147.449, -35.961 ], [ 147.463, -35.944 ], [ 147.489, -35.949 ], [ 147.494, -35.943 ], [ 147.511, -35.962 ], [ 147.526, -35.963 ], [ 147.515, -35.976 ], [ 147.521, -35.986 ], [ 147.554, -36.004 ], [ 147.584, -35.982 ], [ 147.559, -35.972 ], [ 147.548, -35.979 ], [ 147.549, -35.965 ], [ 147.567, -35.965 ], [ 147.574, -35.975 ], [ 147.58, -35.968 ], [ 147.595, -35.97 ], [ 147.602, -35.979 ], [ 147.638, -35.962 ], [ 147.646, -35.946 ], [ 147.679, -35.945 ], [ 147.711, -35.929 ], [ 147.719, -35.946 ], [ 147.742, -35.957 ], [ 147.774, -35.959 ], [ 147.767, -35.965 ], [ 147.777, -35.969 ], [ 147.807, -35.965 ], [ 147.817, -35.98 ], [ 147.852, -35.982 ], [ 147.849, -35.99 ], [ 147.873, -35.991 ], [ 147.883, -36.002 ], [ 147.898, -36.0 ], [ 147.896, -35.993 ], [ 147.913, -35.995 ], [ 147.909, -36.002 ], [ 147.917, -36.012 ], [ 147.911, -36.027 ], [ 147.932, -36.035 ], [ 147.923, -36.042 ], [ 147.934, -36.048 ], [ 147.957, -36.041 ], [ 147.979, -36.047 ], [ 147.982, -36.04 ], [ 147.986, -36.052 ], [ 147.992, -36.053 ], [ 147.993, -36.048 ], [ 148.0, -36.046 ], [ 147.992, -36.076 ], [ 147.982, -36.078 ], [ 147.98, -36.087 ], [ 147.993, -36.092 ], [ 147.994, -36.101 ], [ 147.999, -36.098 ], [ 147.992, -36.11 ], [ 147.991, -36.122 ], [ 148.001, -36.124 ], [ 148.005, -36.141 ], [ 148.009, -36.136 ], [ 148.038, -36.141 ], [ 148.035, -36.153 ], [ 148.023, -36.153 ], [ 148.035, -36.164 ], [ 148.022, -36.175 ], [ 148.041, -36.207 ], [ 148.026, -36.222 ], [ 148.035, -36.233 ], [ 148.029, -36.248 ], [ 148.039, -36.259 ], [ 148.033, -36.276 ], [ 148.043, -36.304 ], [ 148.035, -36.311 ], [ 148.059, -36.319 ], [ 148.051, -36.324 ], [ 148.056, -36.335 ], [ 148.045, -36.351 ], [ 148.049, -36.356 ], [ 148.038, -36.365 ], [ 148.046, -36.368 ], [ 148.037, -36.39 ], [ 148.058, -36.401 ], [ 148.06, -36.416 ], [ 148.08, -36.421 ], [ 148.087, -36.452 ], [ 148.124, -36.463 ], [ 148.12, -36.483 ], [ 148.126, -36.487 ], [ 148.118, -36.496 ], [ 148.14, -36.525 ], [ 148.124, -36.55 ], [ 148.133, -36.567 ], [ 148.151, -36.558 ], [ 148.163, -36.573 ], [ 148.16, -36.58 ], [ 148.166, -36.574 ], [ 148.191, -36.577 ], [ 148.19, -36.585 ], [ 148.218, -36.598 ], [ 148.203, -36.612 ], [ 148.215, -36.611 ], [ 148.221, -36.625 ], [ 148.197, -36.665 ], [ 148.199, -36.673 ], [ 148.184, -36.683 ], [ 148.189, -36.689 ], [ 148.169, -36.714 ], [ 148.163, -36.711 ], [ 148.131, -36.734 ], [ 148.135, -36.744 ], [ 147.96, -36.612 ], [ 147.542, -36.738 ], [ 147.527, -36.756 ], [ 147.529, -36.77 ], [ 147.471, -36.783 ], [ 147.46, -36.803 ], [ 147.439, -36.801 ], [ 147.406, -36.778 ], [ 147.408, -36.765 ], [ 147.379, -36.75 ], [ 147.326, -36.75 ], [ 147.312, -36.731 ], [ 147.29, -36.738 ], [ 147.29, -36.767 ], [ 147.268, -36.778 ], [ 147.294, -36.812 ], [ 147.283, -36.827 ], [ 147.332, -36.829 ], [ 147.342, -36.862 ], [ 147.326, -36.866 ], [ 147.317, -36.874 ], [ 147.322, -36.882 ], [ 147.306, -36.883 ], [ 147.307, -36.891 ], [ 147.3, -36.89 ], [ 147.289, -36.905 ], [ 147.293, -36.917 ], [ 147.281, -36.926 ], [ 147.263, -37.007 ], [ 147.297, -37.008 ], [ 147.351, -37.037 ], [ 147.388, -37.03 ], [ 147.392, -37.045 ], [ 147.38, -37.059 ], [ 147.381, -37.099 ], [ 147.365, -37.101 ], [ 147.36, -37.114 ], [ 147.317, -37.114 ], [ 147.325, -37.121 ], [ 147.332, -37.154 ], [ 147.345, -37.161 ], [ 147.369, -37.199 ], [ 147.385, -37.204 ], [ 147.337, -37.276 ], [ 146.826, -37.204 ], [ 146.824, -37.192 ], [ 146.788, -37.178 ], [ 146.764, -37.146 ], [ 146.717, -37.159 ], [ 146.681, -37.143 ], [ 146.678, -37.134 ], [ 146.652, -37.12 ], [ 146.674, -37.113 ], [ 146.673, -36.999 ], [ 146.672, -36.983 ], [ 146.655, -36.971 ], [ 146.654, -36.948 ], [ 146.644, -36.936 ], [ 146.65, -36.927 ], [ 146.64, -36.911 ], [ 146.645, -36.873 ], [ 146.626, -36.857 ], [ 146.638, -36.847 ], [ 146.643, -36.813 ], [ 146.566, -36.741 ], [ 146.601, -36.711 ] ], [ [ 147.048, -36.437 ], [ 147.047, -36.437 ], [ 147.047, -36.438 ], [ 147.049, -36.438 ], [ 147.048, -36.437 ] ] ], [ [ [ 147.141, -36.446 ], [ 147.142, -36.445 ], [ 147.142, -36.446 ], [ 147.141, -36.446 ] ] ], [ [ [ 147.037, -36.404 ], [ 147.038, -36.404 ], [ 147.038, -36.405 ], [ 147.037, -36.405 ], [ 147.037, -36.404 ] ] ], [ [ [ 147.044, -36.396 ], [ 147.044, -36.397 ], [ 147.043, -36.397 ], [ 147.043, -36.396 ], [ 147.044, -36.396 ] ] ], [ [ [ 147.097, -36.039 ], [ 147.096, -36.039 ], [ 147.096, -36.038 ], [ 147.097, -36.038 ], [ 147.097, -36.039 ] ] ], [ [ [ 147.373, -35.981 ], [ 147.372, -35.981 ], [ 147.372, -35.98 ], [ 147.373, -35.98 ], [ 147.373, -35.981 ] ] ], [ [ [ 147.374, -35.977 ], [ 147.375, -35.977 ], [ 147.374, -35.978 ], [ 147.374, -35.977 ] ] ], [ [ [ 147.375, -35.978 ], [ 147.375, -35.977 ], [ 147.376, -35.977 ], [ 147.375, -35.978 ] ] ], [ [ [ 148.043, -36.299 ], [ 148.044, -36.299 ], [ 148.044, -36.3 ], [ 148.043, -36.3 ], [ 148.043, -36.299 ] ] ], [ [ [ 148.037, -36.28 ], [ 148.038, -36.28 ], [ 148.038, -36.281 ], [ 148.037, -36.281 ], [ 148.037, -36.28 ] ] ], [ [ [ 148.037, -36.216 ], [ 148.037, -36.217 ], [ 148.036, -36.217 ], [ 148.036, -36.216 ], [ 148.037, -36.216 ] ] ], [ [ [ 148.03, -36.14 ], [ 148.03, -36.141 ], [ 148.028, -36.141 ], [ 148.028, -36.14 ], [ 148.03, -36.14 ] ] ], [ [ [ 147.998, -36.116 ], [ 147.997, -36.117 ], [ 147.995, -36.117 ], [ 147.997, -36.115 ], [ 147.998, -36.116 ] ] ], [ [ [ 147.996, -36.111 ], [ 147.996, -36.113 ], [ 147.993, -36.112 ], [ 147.993, -36.111 ], [ 147.996, -36.111 ] ] ], [ [ [ 147.987, -36.043 ], [ 147.988, -36.044 ], [ 147.984, -36.044 ], [ 147.984, -36.043 ], [ 147.987, -36.043 ] ] ], [ [ [ 147.974, -36.04 ], [ 147.973, -36.04 ], [ 147.974, -36.039 ], [ 147.974, -36.04 ] ] ], [ [ [ 147.927, -36.037 ], [ 147.928, -36.037 ], [ 147.928, -36.038 ], [ 147.927, -36.038 ], [ 147.927, -36.037 ] ] ] ] } },
{ "type": "Feature", "properties": { "pha_code": 20233.0, "pha_name": "Myrtleford" }, "geometry": { "type": "MultiPolygon", "coordinates": [ [ [ [ 146.662, -36.545 ], [ 146.67, -36.536 ], [ 146.66, -36.522 ], [ 146.645, -36.528 ], [ 146.634, -36.523 ], [ 146.648, -36.512 ], [ 146.643, -36.5 ], [ 146.649, -36.49 ], [ 146.712, -36.482 ], [ 146.726, -36.459 ], [ 146.803, -36.447 ], [ 146.851, -36.451 ], [ 146.853, -36.443 ], [ 146.89, -36.459 ], [ 146.894, -36.441 ], [ 146.918, -36.445 ], [ 146.923, -36.457 ], [ 146.942, -36.466 ], [ 146.952, -36.487 ], [ 146.947, -36.512 ], [ 146.97, -36.528 ], [ 146.962, -36.558 ], [ 146.97, -36.557 ], [ 146.956, -36.596 ], [ 146.936, -36.608 ], [ 146.944, -36.621 ], [ 146.9, -36.631 ], [ 146.907, -36.636 ], [ 146.898, -36.647 ], [ 146.904, -36.651 ], [ 146.889, -36.668 ], [ 146.878, -36.668 ], [ 146.888, -36.682 ], [ 146.865, -36.68 ], [ 146.856, -36.67 ], [ 146.848, -36.677 ], [ 146.852, -36.668 ], [ 146.841, -36.667 ], [ 146.842, -36.658 ], [ 146.786, -36.652 ], [ 146.789, -36.635 ], [ 146.764, -36.635 ], [ 146.76, -36.643 ], [ 146.751, -36.629 ], [ 146.729, -36.638 ], [ 146.719, -36.625 ], [ 146.702, -36.621 ], [ 146.702, -36.656 ], [ 146.689, -36.658 ], [ 146.683, -36.641 ], [ 146.688, -36.634 ], [ 146.673, -36.622 ], [ 146.666, -36.632 ], [ 146.627, -36.627 ], [ 146.645, -36.614 ], [ 146.648, -36.59 ], [ 146.671, -36.569 ], [ 146.671, -36.558 ], [ 146.658, -36.553 ], [ 146.662, -36.545 ] ] ], [ [ [ 146.681, -36.484 ], [ 146.681, -36.483 ], [ 146.682, -36.483 ], [ 146.682, -36.484 ], [ 146.681, -36.484 ] ] ] ] } },
{ "type": "Feature", "properties": { "pha_code": 20234.0, "pha_name": "West Wodonga/ Wodonga" }, "geometry": { "type": "MultiPolygon", "coordinates": [ [ [ [ 146.997, -36.222 ], [ 146.997, -36.221 ], [ 146.998, -36.221 ], [ 146.998, -36.222 ], [ 146.997, -36.222 ] ] ], [ [ [ 146.906, -36.108 ], [ 146.924, -36.109 ], [ 146.921, -36.101 ], [ 146.928, -36.097 ], [ 146.928, -36.106 ], [ 146.946, -36.116 ], [ 146.953, -36.111 ], [ 146.951, -36.093 ], [ 146.959, -36.092 ], [ 146.956, -36.078 ], [ 146.973, -36.082 ], [ 146.981, -36.095 ], [ 147.008, -36.084 ], [ 147.006, -36.089 ], [ 147.016, -36.089 ], [ 147.013, -36.105 ], [ 147.021, -36.099 ], [ 147.032, -36.11 ], [ 147.036, -36.135 ], [ 147.074, -36.19 ], [ 147.037, -36.185 ], [ 147.033, -36.205 ], [ 146.997, -36.21 ], [ 147.001, -36.229 ], [ 146.961, -36.245 ], [ 146.951, -36.23 ], [ 146.939, -36.238 ], [ 146.919, -36.222 ], [ 146.856, -36.258 ], [ 146.823, -36.258 ], [ 146.821, -36.244 ], [ 146.804, -36.235 ], [ 146.811, -36.218 ], [ 146.785, -36.2 ], [ 146.781, -36.178 ], [ 146.791, -36.165 ], [ 146.779, -36.155 ], [ 146.775, -36.128 ], [ 146.707, -36.126 ], [ 146.702, -36.106 ], [ 146.712, -36.046 ], [ 146.729, -36.03 ], [ 146.735, -36.048 ], [ 146.753, -36.042 ], [ 146.749, -36.061 ], [ 146.763, -36.052 ], [ 146.763, -36.06 ], [ 146.797, -36.065 ], [ 146.795, -36.058 ], [ 146.804, -36.055 ], [ 146.819, -36.068 ], [ 146.815, -36.074 ], [ 146.826, -36.071 ], [ 146.824, -36.089 ], [ 146.836, -36.082 ], [ 146.858, -36.085 ], [ 146.864, -36.073 ], [ 146.882, -36.088 ], [ 146.906, -36.084 ], [ 146.903, -36.098 ], [ 146.912, -36.104 ], [ 146.906, -36.108 ] ] ], [ [ [ 146.951, -36.094 ], [ 146.95, -36.095 ], [ 146.95, -36.094 ], [ 146.951, -36.094 ] ] ] ] } },
{ "type": "Feature", "properties": { "pha_code": 20235.0, "pha_name": "Yackandandah" }, "geometry": { "type": "MultiPolygon", "coordinates": [ [ [ [ 147.049, -36.438 ], [ 147.047, -36.438 ], [ 147.047, -36.437 ], [ 147.049, -36.437 ], [ 147.049, -36.438 ] ] ], [ [ [ 146.838, -36.256 ], [ 146.856, -36.258 ], [ 146.919, -36.222 ], [ 146.939, -36.238 ], [ 146.951, -36.23 ], [ 146.961, -36.245 ], [ 147.001, -36.229 ], [ 146.997, -36.21 ], [ 147.033, -36.205 ], [ 147.037, -36.185 ], [ 147.074, -36.19 ], [ 147.101, -36.219 ], [ 147.128, -36.218 ], [ 147.128, -36.235 ], [ 147.114, -36.244 ], [ 147.122, -36.255 ], [ 147.143, -36.258 ], [ 147.155, -36.281 ], [ 147.17, -36.29 ], [ 147.197, -36.341 ], [ 147.177, -36.362 ], [ 147.167, -36.359 ], [ 147.152, -36.438 ], [ 147.145, -36.44 ], [ 147.145, -36.451 ], [ 147.123, -36.448 ], [ 147.126, -36.468 ], [ 147.118, -36.465 ], [ 147.109, -36.481 ], [ 147.105, -36.476 ], [ 147.117, -36.461 ], [ 147.084, -36.454 ], [ 147.06, -36.459 ], [ 147.062, -36.446 ], [ 147.05, -36.443 ], [ 147.052, -36.439 ], [ 147.048, -36.435 ], [ 147.046, -36.435 ], [ 147.048, -36.417 ], [ 147.037, -36.416 ], [ 147.036, -36.404 ], [ 147.039, -36.398 ], [ 147.045, -36.394 ], [ 146.935, -36.408 ], [ 146.933, -36.418 ], [ 146.922, -36.416 ], [ 146.915, -36.43 ], [ 146.893, -36.434 ], [ 146.882, -36.454 ], [ 146.853, -36.443 ], [ 146.851, -36.451 ], [ 146.815, -36.448 ], [ 146.824, -36.402 ], [ 146.818, -36.375 ], [ 146.831, -36.359 ], [ 146.816, -36.324 ], [ 146.793, -36.323 ], [ 146.789, -36.314 ], [ 146.819, -36.311 ], [ 146.804, -36.273 ], [ 146.838, -36.256 ] ], [ [ 146.997, -36.221 ], [ 146.997, -36.222 ], [ 146.998, -36.222 ], [ 146.998, -36.221 ], [ 146.997, -36.221 ] ], [ [ 147.142, -36.445 ], [ 147.141, -36.446 ], [ 147.142, -36.446 ], [ 147.142, -36.445 ] ], [ [ 147.037, -36.405 ], [ 147.038, -36.405 ], [ 147.038, -36.404 ], [ 147.037, -36.404 ], [ 147.037, -36.405 ] ], [ [ 147.043, -36.396 ], [ 147.043, -36.397 ], [ 147.044, -36.397 ], [ 147.044, -36.396 ], [ 147.043, -36.396 ] ] ], [ [ [ 146.822, -36.257 ], [ 146.823, -36.258 ], [ 146.822, -36.258 ], [ 146.822, -36.257 ] ] ] ] } },
{ "type": "Feature", "properties": { "pha_code": 20236.0, "pha_name": "Drouin" }, "geometry": { "type": "MultiPolygon", "coordinates": [ [ [ [ 145.754, -38.258 ], [ 145.735, -38.255 ], [ 145.736, -38.249 ], [ 145.713, -38.252 ], [ 145.717, -38.207 ], [ 145.701, -38.206 ], [ 145.73, -38.154 ], [ 145.748, -38.143 ], [ 145.763, -38.109 ], [ 145.739, -38.101 ], [ 145.755, -38.078 ], [ 145.755, -38.031 ], [ 145.765, -38.007 ], [ 145.761, -37.999 ], [ 145.762, -37.989 ], [ 145.738, -37.97 ], [ 145.804, -37.978 ], [ 145.8, -37.999 ], [ 145.841, -38.027 ], [ 145.834, -38.039 ], [ 145.846, -38.042 ], [ 145.841, -38.069 ], [ 145.868, -38.078 ], [ 145.906, -38.072 ], [ 145.906, -38.068 ], [ 145.92, -38.073 ], [ 145.917, -38.088 ], [ 145.897, -38.09 ], [ 145.902, -38.106 ], [ 145.894, -38.142 ], [ 145.884, -38.142 ], [ 145.887, -38.153 ], [ 145.876, -38.152 ], [ 145.877, -38.162 ], [ 145.871, -38.162 ], [ 145.879, -38.194 ], [ 145.858, -38.192 ], [ 145.85, -38.224 ], [ 145.834, -38.238 ], [ 145.823, -38.236 ], [ 145.819, -38.257 ], [ 145.809, -38.26 ], [ 145.807, -38.27 ], [ 145.783, -38.262 ], [ 145.759, -38.265 ], [ 145.754, -38.258 ] ] ], [ [ [ 145.897, -38.07 ], [ 145.898, -38.07 ], [ 145.898, -38.071 ], [ 145.897, -38.071 ], [ 145.897, -38.07 ] ] ], [ [ [ 145.762, -37.991 ], [ 145.763, -37.991 ], [ 145.762, -37.992 ], [ 145.762, -37.991 ] ] ] ] } },
{ "type": "Feature", "properties": { "pha_code": 20237.0, "pha_name": "Mount Baw Baw Region/ Trafalgar (Vic.)/ Warragul" }, "geometry": { "type": "Polygon", "coordinates": [ [ [ 145.807, -38.269 ], [ 145.819, -38.257 ], [ 145.823, -38.236 ], [ 145.834, -38.238 ], [ 145.85, -38.224 ], [ 145.858, -38.192 ], [ 145.879, -38.194 ], [ 145.871, -38.162 ], [ 145.877, -38.162 ], [ 145.876, -38.152 ], [ 145.887, -38.153 ], [ 145.884, -38.142 ], [ 145.894, -38.142 ], [ 145.902, -38.106 ], [ 145.897, -38.09 ], [ 145.917, -38.088 ], [ 145.92, -38.073 ], [ 145.906, -38.068 ], [ 145.906, -38.072 ], [ 145.868, -38.078 ], [ 145.841, -38.069 ], [ 145.846, -38.042 ], [ 145.834, -38.039 ], [ 145.841, -38.027 ], [ 145.8, -37.999 ], [ 145.804, -37.978 ], [ 145.738, -37.97 ], [ 145.731, -37.96 ], [ 145.747, -37.939 ], [ 145.741, -37.927 ], [ 145.765, -37.9 ], [ 145.769, -37.881 ], [ 145.804, -37.874 ], [ 145.803, -37.861 ], [ 145.818, -37.858 ], [ 145.804, -37.851 ], [ 145.811, -37.836 ], [ 145.804, -37.826 ], [ 145.794, -37.826 ], [ 145.795, -37.815 ], [ 145.813, -37.807 ], [ 145.829, -37.812 ], [ 145.847, -37.798 ], [ 145.894, -37.826 ], [ 145.905, -37.816 ], [ 145.926, -37.83 ], [ 145.932, -37.821 ], [ 145.923, -37.811 ], [ 145.929, -37.798 ], [ 145.917, -37.778 ], [ 145.937, -37.772 ], [ 145.944, -37.758 ], [ 145.981, -37.769 ], [ 146.0, -37.765 ], [ 146.021, -37.775 ], [ 146.068, -37.769 ], [ 146.09, -37.754 ], [ 146.121, -37.788 ], [ 146.134, -37.788 ], [ 146.142, -37.772 ], [ 146.159, -37.762 ], [ 146.163, -37.744 ], [ 146.152, -37.716 ], [ 146.138, -37.71 ], [ 146.143, -37.691 ], [ 146.132, -37.677 ], [ 146.13, -37.648 ], [ 146.144, -37.627 ], [ 146.159, -37.63 ], [ 146.159, -37.622 ], [ 146.165, -37.623 ], [ 146.159, -37.6 ], [ 146.172, -37.599 ], [ 146.175, -37.586 ], [ 146.186, -37.58 ], [ 146.205, -37.6 ], [ 146.232, -37.609 ], [ 146.276, -37.605 ], [ 146.3, -37.591 ], [ 146.321, -37.599 ], [ 146.347, -37.624 ], [ 146.367, -37.629 ], [ 146.376, -37.629 ], [ 146.383, -37.61 ], [ 146.394, -37.604 ], [ 146.426, -37.619 ], [ 146.445, -37.612 ], [ 146.474, -37.641 ], [ 146.496, -37.649 ], [ 146.516, -37.679 ], [ 146.502, -37.691 ], [ 146.473, -37.996 ], [ 146.5, -38.008 ], [ 146.489, -38.028 ], [ 146.513, -38.053 ], [ 146.503, -38.06 ], [ 146.507, -38.08 ], [ 146.476, -38.075 ], [ 146.479, -38.104 ], [ 146.424, -38.097 ], [ 146.417, -38.116 ], [ 146.414, -38.105 ], [ 146.374, -38.1 ], [ 146.377, -38.094 ], [ 146.342, -38.082 ], [ 146.327, -38.086 ], [ 146.319, -38.105 ], [ 146.328, -38.109 ], [ 146.313, -38.117 ], [ 146.322, -38.119 ], [ 146.323, -38.131 ], [ 146.307, -38.156 ], [ 146.297, -38.151 ], [ 146.254, -38.148 ], [ 146.256, -38.158 ], [ 146.223, -38.174 ], [ 146.228, -38.202 ], [ 146.213, -38.23 ], [ 146.291, -38.227 ], [ 146.287, -38.24 ], [ 146.258, -38.265 ], [ 146.26, -38.277 ], [ 146.268, -38.278 ], [ 146.264, -38.298 ], [ 146.283, -38.3 ], [ 146.278, -38.305 ], [ 146.269, -38.311 ], [ 146.239, -38.308 ], [ 146.23, -38.322 ], [ 146.204, -38.317 ], [ 146.189, -38.344 ], [ 146.162, -38.341 ], [ 146.16, -38.349 ], [ 146.123, -38.36 ], [ 146.107, -38.339 ], [ 146.099, -38.342 ], [ 146.088, -38.331 ], [ 146.073, -38.33 ], [ 146.059, -38.343 ], [ 146.055, -38.323 ], [ 146.034, -38.332 ], [ 145.987, -38.328 ], [ 145.988, -38.321 ], [ 146.001, -38.322 ], [ 146.011, -38.312 ], [ 145.999, -38.31 ], [ 145.999, -38.294 ], [ 145.993, -38.293 ], [ 145.984, -38.292 ], [ 145.976, -38.309 ], [ 145.957, -38.305 ], [ 145.956, -38.312 ], [ 145.945, -38.312 ], [ 145.941, -38.331 ], [ 145.925, -38.329 ], [ 145.915, -38.313 ], [ 145.897, -38.315 ], [ 145.902, -38.324 ], [ 145.878, -38.316 ], [ 145.876, -38.323 ], [ 145.844, -38.323 ], [ 145.849, -38.307 ], [ 145.832, -38.297 ], [ 145.835, -38.282 ], [ 145.82, -38.281 ], [ 145.807, -38.269 ] ], [ [ 145.898, -38.07 ], [ 145.897, -38.07 ], [ 145.897, -38.071 ], [ 145.898, -38.071 ], [ 145.898, -38.07 ] ], [ [ 146.284, -38.151 ], [ 146.284, -38.152 ], [ 146.284, -38.153 ], [ 146.285, -38.152 ], [ 146.284, -38.151 ] ] ] } },
{ "type": "Feature", "properties": { "pha_code": 20238.0, "pha_name": "Alps - East/ Bruthen - Omeo/ Orbost/ Paynesville" }, "geometry": { "type": "MultiPolygon", "coordinates": [ [ [ [ 147.46, -38.07 ], [ 147.459, -38.071 ], [ 147.459, -38.07 ], [ 147.46, -38.07 ] ] ], [ [ [ 147.361, -37.919 ], [ 147.352, -37.944 ], [ 147.347, -37.936 ], [ 147.302, -37.93 ], [ 147.306, -37.913 ], [ 147.273, -37.918 ], [ 147.286, -37.908 ], [ 147.278, -37.905 ], [ 147.287, -37.903 ], [ 147.286, -37.897 ], [ 147.277, -37.899 ], [ 147.286, -37.893 ], [ 147.28, -37.888 ], [ 147.287, -37.877 ], [ 147.274, -37.88 ], [ 147.265, -37.862 ], [ 147.276, -37.831 ], [ 147.271, -37.828 ], [ 147.281, -37.775 ], [ 147.234, -37.769 ], [ 147.262, -37.752 ], [ 147.212, -37.746 ], [ 147.218, -37.742 ], [ 147.214, -37.731 ], [ 147.198, -37.726 ], [ 147.222, -37.633 ], [ 147.176, -37.618 ], [ 147.157, -37.6 ], [ 147.157, -37.575 ], [ 147.17, -37.563 ], [ 147.164, -37.553 ], [ 147.172, -37.543 ], [ 147.17, -37.515 ], [ 147.155, -37.514 ], [ 147.151, -37.498 ], [ 147.163, -37.489 ], [ 147.167, -37.468 ], [ 147.137, -37.462 ], [ 147.139, -37.452 ], [ 147.122, -37.444 ], [ 147.128, -37.434 ], [ 147.11, -37.432 ], [ 147.114, -37.417 ], [ 147.132, -37.421 ], [ 147.134, -37.409 ], [ 147.119, -37.41 ], [ 147.109, -37.371 ], [ 147.094, -37.369 ], [ 147.083, -37.355 ], [ 147.124, -37.346 ], [ 147.126, -37.338 ], [ 147.144, -37.339 ], [ 147.144, -37.351 ], [ 147.162, -37.353 ], [ 147.168, -37.366 ], [ 147.188, -37.371 ], [ 147.208, -37.357 ], [ 147.214, -37.322 ], [ 147.215, -37.309 ], [ 147.201, -37.291 ], [ 147.2, -37.276 ], [ 147.208, -37.275 ], [ 147.203, -37.257 ], [ 147.337, -37.276 ], [ 147.385, -37.212 ], [ 147.384, -37.202 ], [ 147.369, -37.199 ], [ 147.345, -37.161 ], [ 147.332, -37.154 ], [ 147.325, -37.121 ], [ 147.317, -37.114 ], [ 147.36, -37.114 ], [ 147.365, -37.101 ], [ 147.381, -37.099 ], [ 147.38, -37.059 ], [ 147.392, -37.046 ], [ 147.389, -37.031 ], [ 147.351, -37.037 ], [ 147.297, -37.008 ], [ 147.263, -37.007 ], [ 147.281, -36.926 ], [ 147.293, -36.917 ], [ 147.289, -36.905 ], [ 147.3, -36.89 ], [ 147.307, -36.891 ], [ 147.306, -36.883 ], [ 147.322, -36.882 ], [ 147.317, -36.874 ], [ 147.326, -36.866 ], [ 147.342, -36.862 ], [ 147.332, -36.829 ], [ 147.283, -36.827 ], [ 147.294, -36.812 ], [ 147.268, -36.778 ], [ 147.29, -36.767 ], [ 147.289, -36.739 ], [ 147.312, -36.731 ], [ 147.326, -36.75 ], [ 147.379, -36.75 ], [ 147.394, -36.757 ], [ 147.408, -36.765 ], [ 147.408, -36.78 ], [ 147.439, -36.801 ], [ 147.46, -36.803 ], [ 147.471, -36.783 ], [ 147.529, -36.77 ], [ 147.527, -36.756 ], [ 147.542, -36.738 ], [ 147.96, -36.612 ], [ 148.134, -36.744 ], [ 148.104, -36.788 ], [ 148.098, -36.787 ], [ 148.119, -36.806 ], [ 148.127, -36.796 ], [ 148.156, -36.79 ], [ 148.18, -36.796 ], [ 148.182, -36.805 ], [ 148.195, -36.796 ], [ 149.206, -37.204 ], [ 149.976, -37.505 ], [ 149.963, -37.517 ], [ 149.923, -37.527 ], [ 149.907, -37.543 ], [ 149.815, -37.545 ], [ 149.774, -37.558 ], [ 149.761, -37.566 ], [ 149.766, -37.574 ], [ 149.737, -37.587 ], [ 149.71, -37.639 ], [ 149.682, -37.664 ], [ 149.675, -37.686 ], [ 149.613, -37.702 ], [ 149.596, -37.727 ], [ 149.574, -37.723 ], [ 149.525, -37.737 ], [ 149.517, -37.749 ], [ 149.499, -37.751 ], [ 149.487, -37.775 ], [ 149.458, -37.769 ], [ 149.434, -37.777 ], [ 149.337, -37.777 ], [ 149.292, -37.787 ], [ 149.276, -37.804 ], [ 149.26, -37.785 ], [ 149.213, -37.777 ], [ 148.926, -37.781 ], [ 148.885, -37.79 ], [ 148.808, -37.786 ], [ 148.748, -37.797 ], [ 148.729, -37.815 ], [ 148.717, -37.804 ], [ 148.693, -37.801 ], [ 148.628, -37.808 ], [ 148.594, -37.802 ], [ 148.361, -37.804 ], [ 148.231, -37.82 ], [ 148.092, -37.857 ], [ 148.077, -37.849 ], [ 148.073, -37.855 ], [ 148.063, -37.852 ], [ 148.083, -37.847 ], [ 148.077, -37.833 ], [ 147.973, -37.822 ], [ 147.974, -37.79 ], [ 147.948, -37.763 ], [ 147.944, -37.771 ], [ 147.919, -37.77 ], [ 147.894, -37.783 ], [ 147.872, -37.774 ], [ 147.843, -37.783 ], [ 147.833, -37.798 ], [ 147.837, -37.821 ], [ 147.794, -37.859 ], [ 147.792, -37.847 ], [ 147.754, -37.856 ], [ 147.72, -37.839 ], [ 147.695, -37.848 ], [ 147.693, -37.825 ], [ 147.72, -37.815 ], [ 147.711, -37.814 ], [ 147.713, -37.805 ], [ 147.685, -37.802 ], [ 147.687, -37.79 ], [ 147.68, -37.787 ], [ 147.649, -37.789 ], [ 147.65, -37.748 ], [ 147.623, -37.745 ], [ 147.626, -37.764 ], [ 147.607, -37.769 ], [ 147.601, -37.782 ], [ 147.586, -37.771 ], [ 147.588, -37.762 ], [ 147.569, -37.76 ], [ 147.565, -37.787 ], [ 147.546, -37.787 ], [ 147.533, -37.816 ], [ 147.559, -37.809 ], [ 147.577, -37.819 ], [ 147.577, -37.829 ], [ 147.552, -37.869 ], [ 147.507, -37.872 ], [ 147.503, -37.89 ], [ 147.572, -37.902 ], [ 147.579, -37.873 ], [ 147.674, -37.889 ], [ 147.685, -37.878 ], [ 147.732, -37.86 ], [ 147.711, -37.877 ], [ 147.685, -37.883 ], [ 147.687, -37.896 ], [ 147.72, -37.894 ], [ 147.735, -37.907 ], [ 147.778, -37.889 ], [ 147.771, -37.912 ], [ 147.782, -37.931 ], [ 147.769, -37.938 ], [ 147.768, -37.947 ], [ 147.758, -37.939 ], [ 147.729, -37.946 ], [ 147.661, -37.976 ], [ 147.652, -37.983 ], [ 147.652, -37.995 ], [ 147.612, -38.012 ], [ 147.612, -38.025 ], [ 147.571, -38.054 ], [ 147.524, -38.053 ], [ 147.501, -38.073 ], [ 147.484, -38.069 ], [ 147.457, -38.079 ], [ 147.449, -38.074 ], [ 147.461, -38.072 ], [ 147.459, -38.058 ], [ 147.469, -38.055 ], [ 147.462, -38.05 ], [ 147.468, -38.046 ], [ 147.464, -38.013 ], [ 147.408, -38.003 ], [ 147.409, -37.981 ], [ 147.381, -37.98 ], [ 147.371, -37.962 ], [ 147.377, -37.948 ], [ 147.361, -37.919 ] ], [ [ 147.364, -37.921 ], [ 147.363, -37.92 ], [ 147.363, -37.921 ], [ 147.364, -37.921 ] ] ], [ [ [ 147.736, -37.86 ], [ 147.734, -37.86 ], [ 147.733, -37.86 ], [ 147.734, -37.859 ], [ 147.736, -37.86 ] ] ], [ [ [ 147.739, -37.858 ], [ 147.742, -37.858 ], [ 147.736, -37.859 ], [ 147.736, -37.858 ], [ 147.739, -37.858 ] ] ], [ [ [ 149.677, -37.684 ], [ 149.678, -37.684 ], [ 149.678, -37.685 ], [ 149.677, -37.685 ], [ 149.677, -37.684 ] ] ], [ [ [ 149.706, -37.643 ], [ 149.707, -37.643 ], [ 149.707, -37.644 ], [ 149.706, -37.644 ], [ 149.706, -37.643 ] ] ], [ [ [ 149.904, -37.559 ], [ 149.91, -37.551 ], [ 149.918, -37.569 ], [ 149.906, -37.568 ], [ 149.904, -37.559 ] ] ], [ [ [ 149.846, -37.556 ], [ 149.846, -37.557 ], [ 149.843, -37.557 ], [ 149.844, -37.555 ], [ 149.846, -37.556 ] ] ], [ [ [ 149.907, -37.55 ], [ 149.906, -37.55 ], [ 149.906, -37.549 ], [ 149.907, -37.549 ], [ 149.907, -37.55 ] ] ], [ [ [ 149.964, -37.518 ], [ 149.963, -37.518 ], [ 149.963, -37.517 ], [ 149.964, -37.518 ] ] ] ] } },
{ "type": "Feature", "properties": { "pha_code": 20239.0, "pha_name": "Bairnsdale/ Lake King/ Lakes Entrance" }, "geometry": { "type": "Polygon", "coordinates": [ [ [ 147.697, -37.848 ], [ 147.718, -37.839 ], [ 147.754, -37.856 ], [ 147.792, -37.847 ], [ 147.795, -37.859 ], [ 147.837, -37.821 ], [ 147.833, -37.798 ], [ 147.843, -37.783 ], [ 147.872, -37.774 ], [ 147.894, -37.783 ], [ 147.919, -37.77 ], [ 147.944, -37.771 ], [ 147.948, -37.763 ], [ 147.974, -37.79 ], [ 147.973, -37.822 ], [ 148.077, -37.833 ], [ 148.083, -37.847 ], [ 148.063, -37.852 ], [ 148.073, -37.855 ], [ 148.077, -37.849 ], [ 148.092, -37.858 ], [ 147.915, -37.902 ], [ 147.875, -37.901 ], [ 147.867, -37.889 ], [ 147.86, -37.906 ], [ 147.831, -37.901 ], [ 147.815, -37.917 ], [ 147.827, -37.925 ], [ 147.797, -37.938 ], [ 147.783, -37.934 ], [ 147.771, -37.912 ], [ 147.778, -37.889 ], [ 147.735, -37.907 ], [ 147.72, -37.894 ], [ 147.687, -37.896 ], [ 147.685, -37.883 ], [ 147.711, -37.877 ], [ 147.732, -37.86 ], [ 147.685, -37.878 ], [ 147.674, -37.889 ], [ 147.579, -37.873 ], [ 147.572, -37.902 ], [ 147.503, -37.89 ], [ 147.507, -37.872 ], [ 147.552, -37.869 ], [ 147.577, -37.829 ], [ 147.577, -37.819 ], [ 147.559, -37.809 ], [ 147.533, -37.816 ], [ 147.546, -37.787 ], [ 147.565, -37.787 ], [ 147.569, -37.76 ], [ 147.588, -37.762 ], [ 147.586, -37.771 ], [ 147.601, -37.782 ], [ 147.607, -37.769 ], [ 147.626, -37.764 ], [ 147.623, -37.745 ], [ 147.65, -37.748 ], [ 147.649, -37.789 ], [ 147.68, -37.787 ], [ 147.687, -37.79 ], [ 147.685, -37.802 ], [ 147.713, -37.805 ], [ 147.711, -37.814 ], [ 147.72, -37.818 ], [ 147.693, -37.825 ], [ 147.697, -37.848 ] ], [ [ 147.736, -37.859 ], [ 147.734, -37.859 ], [ 147.733, -37.86 ], [ 147.736, -37.86 ], [ 147.736, -37.859 ] ], [ [ 147.737, -37.859 ], [ 147.741, -37.859 ], [ 147.742, -37.858 ], [ 147.736, -37.858 ], [ 147.737, -37.859 ] ] ] } },
{ "type": "Feature", "properties": { "pha_code": 20240.0, "pha_name": "Foster/ Korumburra/ Leongatha/ Wilsons Promontory" }, "geometry": { "type": "MultiPolygon", "coordinates": [ [ [ [ 146.296, -39.156 ], [ 146.296, -39.159 ], [ 146.293, -39.159 ], [ 146.293, -39.157 ], [ 146.296, -39.156 ] ] ], [ [ [ 146.299, -39.155 ], [ 146.299, -39.156 ], [ 146.298, -39.155 ], [ 146.299, -39.155 ] ] ], [ [ [ 146.243, -39.114 ], [ 146.244, -39.117 ], [ 146.242, -39.118 ], [ 146.24, -39.115 ], [ 146.243, -39.114 ] ] ], [ [ [ 146.238, -39.112 ], [ 146.239, -39.116 ], [ 146.237, -39.118 ], [ 146.234, -39.114 ], [ 146.238, -39.112 ] ] ], [ [ [ 146.238, -39.102 ], [ 146.241, -39.107 ], [ 146.239, -39.11 ], [ 146.236, -39.106 ], [ 146.238, -39.102 ] ] ], [ [ [ 146.227, -39.087 ], [ 146.222, -39.077 ], [ 146.222, -39.071 ], [ 146.242, -39.089 ], [ 146.235, -39.098 ], [ 146.227, -39.087 ] ] ], [ [ [ 146.241, -39.017 ], [ 146.246, -39.024 ], [ 146.242, -39.03 ], [ 146.236, -39.022 ], [ 146.241, -39.017 ] ] ], [ [ [ 146.249, -38.995 ], [ 146.249, -38.994 ], [ 146.253, -38.994 ], [ 146.251, -38.996 ], [ 146.249, -38.995 ] ] ], [ [ [ 146.224, -38.967 ], [ 146.232, -38.966 ], [ 146.234, -38.968 ], [ 146.224, -38.972 ], [ 146.224, -38.967 ] ] ], [ [ [ 145.913, -38.899 ], [ 145.912, -38.899 ], [ 145.912, -38.898 ], [ 145.913, -38.898 ], [ 145.913, -38.899 ] ] ], [ [ [ 146.279, -38.771 ], [ 146.279, -38.773 ], [ 146.276, -38.772 ], [ 146.276, -38.771 ], [ 146.279, -38.771 ] ] ], [ [ [ 146.19, -38.743 ], [ 146.19, -38.742 ], [ 146.191, -38.742 ], [ 146.191, -38.743 ], [ 146.19, -38.743 ] ] ], [ [ [ 146.21, -38.738 ], [ 146.209, -38.738 ], [ 146.21, -38.737 ], [ 146.21, -38.738 ] ] ], [ [ [ 146.214, -38.718 ], [ 146.212, -38.72 ], [ 146.211, -38.717 ], [ 146.214, -38.716 ], [ 146.214, -38.718 ] ] ], [ [ [ 145.818, -38.645 ], [ 145.814, -38.634 ], [ 145.815, -38.627 ], [ 145.808, -38.628 ], [ 145.811, -38.611 ], [ 145.826, -38.612 ], [ 145.829, -38.578 ], [ 145.84, -38.569 ], [ 145.777, -38.563 ], [ 145.773, -38.578 ], [ 145.731, -38.575 ], [ 145.734, -38.556 ], [ 145.697, -38.547 ], [ 145.701, -38.52 ], [ 145.681, -38.519 ], [ 145.683, -38.496 ], [ 145.689, -38.497 ], [ 145.674, -38.482 ], [ 145.676, -38.463 ], [ 145.688, -38.465 ], [ 145.693, -38.42 ], [ 145.641, -38.415 ], [ 145.65, -38.385 ], [ 145.642, -38.389 ], [ 145.629, -38.372 ], [ 145.634, -38.367 ], [ 145.612, -38.365 ], [ 145.618, -38.339 ], [ 145.606, -38.332 ], [ 145.612, -38.286 ], [ 145.68, -38.29 ], [ 145.681, -38.282 ], [ 145.691, -38.283 ], [ 145.69, -38.29 ], [ 145.733, -38.289 ], [ 145.735, -38.255 ], [ 145.754, -38.257 ], [ 145.759, -38.265 ], [ 145.801, -38.264 ], [ 145.818, -38.28 ], [ 145.835, -38.282 ], [ 145.832, -38.297 ], [ 145.849, -38.307 ], [ 145.844, -38.323 ], [ 145.876, -38.323 ], [ 145.878, -38.316 ], [ 145.902, -38.324 ], [ 145.897, -38.315 ], [ 145.915, -38.313 ], [ 145.925, -38.329 ], [ 145.941, -38.331 ], [ 145.945, -38.312 ], [ 145.956, -38.312 ], [ 145.957, -38.305 ], [ 145.976, -38.309 ], [ 145.984, -38.292 ], [ 145.993, -38.293 ], [ 145.999, -38.294 ], [ 145.999, -38.31 ], [ 146.011, -38.312 ], [ 146.001, -38.322 ], [ 145.988, -38.321 ], [ 145.987, -38.328 ], [ 146.034, -38.332 ], [ 146.055, -38.323 ], [ 146.059, -38.343 ], [ 146.073, -38.33 ], [ 146.088, -38.331 ], [ 146.099, -38.342 ], [ 146.107, -38.339 ], [ 146.123, -38.36 ], [ 146.16, -38.349 ], [ 146.162, -38.341 ], [ 146.189, -38.344 ], [ 146.204, -38.317 ], [ 146.23, -38.322 ], [ 146.239, -38.308 ], [ 146.304, -38.305 ], [ 146.299, -38.327 ], [ 146.277, -38.329 ], [ 146.272, -38.357 ], [ 146.254, -38.351 ], [ 146.232, -38.367 ], [ 146.211, -38.37 ], [ 146.241, -38.379 ], [ 146.234, -38.381 ], [ 146.231, -38.425 ], [ 146.225, -38.433 ], [ 146.198, -38.428 ], [ 146.192, -38.439 ], [ 146.2, -38.446 ], [ 146.214, -38.444 ], [ 146.215, -38.454 ], [ 146.227, -38.461 ], [ 146.237, -38.453 ], [ 146.27, -38.457 ], [ 146.272, -38.444 ], [ 146.282, -38.449 ], [ 146.292, -38.467 ], [ 146.285, -38.486 ], [ 146.295, -38.493 ], [ 146.285, -38.506 ], [ 146.284, -38.524 ], [ 146.316, -38.52 ], [ 146.327, -38.53 ], [ 146.312, -38.544 ], [ 146.313, -38.562 ], [ 146.367, -38.576 ], [ 146.369, -38.592 ], [ 146.385, -38.591 ], [ 146.409, -38.603 ], [ 146.44, -38.604 ], [ 146.45, -38.597 ], [ 146.463, -38.599 ], [ 146.462, -38.607 ], [ 146.478, -38.614 ], [ 146.526, -38.619 ], [ 146.52, -38.664 ], [ 146.526, -38.664 ], [ 146.52, -38.689 ], [ 146.526, -38.693 ], [ 146.503, -38.692 ], [ 146.505, -38.684 ], [ 146.497, -38.687 ], [ 146.494, -38.68 ], [ 146.493, -38.697 ], [ 146.463, -38.702 ], [ 146.437, -38.694 ], [ 146.439, -38.7 ], [ 146.418, -38.706 ], [ 146.407, -38.716 ], [ 146.412, -38.721 ], [ 146.402, -38.722 ], [ 146.384, -38.72 ], [ 146.378, -38.682 ], [ 146.367, -38.684 ], [ 146.352, -38.673 ], [ 146.338, -38.674 ], [ 146.33, -38.687 ], [ 146.293, -38.695 ], [ 146.267, -38.688 ], [ 146.248, -38.697 ], [ 146.244, -38.683 ], [ 146.228, -38.689 ], [ 146.231, -38.695 ], [ 146.212, -38.697 ], [ 146.229, -38.702 ], [ 146.193, -38.724 ], [ 146.2, -38.733 ], [ 146.211, -38.728 ], [ 146.208, -38.739 ], [ 146.192, -38.729 ], [ 146.186, -38.743 ], [ 146.206, -38.768 ], [ 146.219, -38.772 ], [ 146.234, -38.81 ], [ 146.271, -38.806 ], [ 146.264, -38.821 ], [ 146.27, -38.858 ], [ 146.287, -38.866 ], [ 146.293, -38.876 ], [ 146.289, -38.901 ], [ 146.302, -38.907 ], [ 146.323, -38.904 ], [ 146.336, -38.88 ], [ 146.368, -38.86 ], [ 146.382, -38.86 ], [ 146.393, -38.85 ], [ 146.414, -38.853 ], [ 146.421, -38.803 ], [ 146.436, -38.796 ], [ 146.438, -38.779 ], [ 146.468, -38.781 ], [ 146.478, -38.79 ], [ 146.468, -38.875 ], [ 146.485, -38.883 ], [ 146.481, -38.892 ], [ 146.487, -38.893 ], [ 146.489, -38.911 ], [ 146.472, -38.918 ], [ 146.446, -38.956 ], [ 146.436, -38.981 ], [ 146.446, -39.004 ], [ 146.433, -39.008 ], [ 146.432, -39.016 ], [ 146.476, -39.026 ], [ 146.464, -39.029 ], [ 146.471, -39.036 ], [ 146.46, -39.037 ], [ 146.478, -39.044 ], [ 146.474, -39.054 ], [ 146.483, -39.058 ], [ 146.481, -39.066 ], [ 146.456, -39.054 ], [ 146.431, -39.065 ], [ 146.425, -39.084 ], [ 146.442, -39.09 ], [ 146.435, -39.108 ], [ 146.427, -39.108 ], [ 146.432, -39.115 ], [ 146.424, -39.114 ], [ 146.426, -39.131 ], [ 146.414, -39.126 ], [ 146.389, -39.134 ], [ 146.385, -39.127 ], [ 146.374, -39.137 ], [ 146.346, -39.126 ], [ 146.321, -39.078 ], [ 146.337, -39.079 ], [ 146.347, -39.06 ], [ 146.336, -39.06 ], [ 146.331, -39.05 ], [ 146.317, -39.053 ], [ 146.326, -39.042 ], [ 146.322, -39.036 ], [ 146.314, -39.031 ], [ 146.305, -39.04 ], [ 146.303, -39.023 ], [ 146.284, -39.025 ], [ 146.293, -39.016 ], [ 146.281, -39.006 ], [ 146.277, -38.998 ], [ 146.253, -38.994 ], [ 146.268, -38.991 ], [ 146.269, -38.972 ], [ 146.221, -38.903 ], [ 146.15, -38.847 ], [ 146.082, -38.815 ], [ 146.041, -38.811 ], [ 146.011, -38.824 ], [ 145.997, -38.849 ], [ 146.007, -38.876 ], [ 146.002, -38.882 ], [ 145.973, -38.897 ], [ 145.937, -38.897 ], [ 145.921, -38.91 ], [ 145.911, -38.893 ], [ 145.914, -38.869 ], [ 145.87, -38.776 ], [ 145.791, -38.685 ], [ 145.73, -38.648 ], [ 145.818, -38.645 ] ], [ [ 145.818, -38.637 ], [ 145.817, -38.636 ], [ 145.816, -38.637 ], [ 145.818, -38.637 ] ], [ [ 146.214, -38.695 ], [ 146.213, -38.695 ], [ 146.214, -38.696 ], [ 146.214, -38.695 ] ], [ [ 146.214, -38.694 ], [ 146.214, -38.693 ], [ 146.213, -38.693 ], [ 146.213, -38.695 ], [ 146.214, -38.694 ] ], [ [ 146.388, -39.127 ], [ 146.388, -39.126 ], [ 146.388, -39.125 ], [ 146.387, -39.126 ], [ 146.388, -39.127 ] ], [ [ 146.344, -39.072 ], [ 146.344, -39.071 ], [ 146.343, -39.071 ], [ 146.344, -39.072 ] ], [ [ 146.291, -39.014 ], [ 146.292, -39.013 ], [ 146.291, -39.013 ], [ 146.291, -39.014 ] ], [ [ 146.261, -38.688 ], [ 146.261, -38.689 ], [ 146.262, -38.689 ], [ 146.261, -38.688 ] ], [ [ 146.261, -38.687 ], [ 146.26, -38.687 ], [ 146.26, -38.688 ], [ 146.261, -38.688 ], [ 146.261, -38.687 ] ], [ [ 146.316, -39.031 ], [ 146.316, -39.03 ], [ 146.315, -39.03 ], [ 146.315, -39.031 ], [ 146.316, -39.031 ] ], [ [ 146.317, -39.03 ], [ 146.317, -39.029 ], [ 146.316, -39.029 ], [ 146.316, -39.03 ], [ 146.317, -39.03 ] ], [ [ 146.318, -39.029 ], [ 146.319, -39.029 ], [ 146.32, -39.028 ], [ 146.317, -39.029 ], [ 146.318, -39.029 ] ], [ [ 146.349, -39.06 ], [ 146.351, -39.06 ], [ 146.351, -39.059 ], [ 146.35, -39.059 ], [ 146.349, -39.06 ] ], [ [ 146.352, -39.06 ], [ 146.352, -39.059 ], [ 146.351, -39.06 ], [ 146.352, -39.06 ] ], [ [ 146.323, -39.028 ], [ 146.322, -39.028 ], [ 146.322, -39.029 ], [ 146.323, -39.028 ] ] ], [ [ [ 146.255, -38.695 ], [ 146.256, -38.695 ], [ 146.256, -38.696 ], [ 146.255, -38.696 ], [ 146.255, -38.695 ] ] ], [ [ [ 146.3, -39.155 ], [ 146.299, -39.155 ], [ 146.299, -39.154 ], [ 146.3, -39.155 ] ] ], [ [ [ 146.309, -39.15 ], [ 146.312, -39.152 ], [ 146.315, -39.158 ], [ 146.31, -39.158 ], [ 146.309, -39.15 ] ] ], [ [ [ 146.303, -39.154 ], [ 146.302, -39.154 ], [ 146.302, -39.153 ], [ 146.303, -39.154 ] ] ], [ [ [ 146.304, -39.152 ], [ 146.304, -39.151 ], [ 146.305, -39.151 ], [ 146.305, -39.152 ], [ 146.304, -39.152 ] ] ], [ [ [ 146.316, -39.136 ], [ 146.329, -39.139 ], [ 146.329, -39.144 ], [ 146.319, -39.144 ], [ 146.316, -39.136 ] ] ], [ [ [ 146.36, -39.137 ], [ 146.366, -39.138 ], [ 146.368, -39.14 ], [ 146.356, -39.139 ], [ 146.36, -39.137 ] ] ], [ [ [ 146.684, -38.954 ], [ 146.682, -38.955 ], [ 146.679, -38.954 ], [ 146.68, -38.953 ], [ 146.684, -38.954 ] ] ], [ [ [ 146.706, -38.949 ], [ 146.707, -38.951 ], [ 146.705, -38.952 ], [ 146.703, -38.95 ], [ 146.706, -38.949 ] ] ], [ [ [ 146.677, -38.939 ], [ 146.679, -38.941 ], [ 146.678, -38.943 ], [ 146.673, -38.939 ], [ 146.677, -38.939 ] ] ], [ [ [ 146.663, -38.927 ], [ 146.66, -38.926 ], [ 146.659, -38.922 ], [ 146.665, -38.923 ], [ 146.663, -38.927 ] ] ], [ [ [ 146.512, -38.914 ], [ 146.507, -38.915 ], [ 146.506, -38.913 ], [ 146.513, -38.908 ], [ 146.512, -38.914 ] ] ], [ [ [ 146.371, -38.842 ], [ 146.371, -38.844 ], [ 146.368, -38.844 ], [ 146.368, -38.841 ], [ 146.371, -38.842 ] ] ], [ [ [ 146.394, -38.806 ], [ 146.394, -38.807 ], [ 146.393, -38.808 ], [ 146.393, -38.806 ], [ 146.394, -38.806 ] ] ], [ [ [ 146.412, -38.718 ], [ 146.413, -38.718 ], [ 146.413, -38.719 ], [ 146.412, -38.719 ], [ 146.412, -38.718 ] ] ], [ [ [ 146.336, -38.69 ], [ 146.339, -38.691 ], [ 146.331, -38.691 ], [ 146.332, -38.689 ], [ 146.336, -38.69 ] ] ], [ [ [ 146.332, -38.689 ], [ 146.331, -38.689 ], [ 146.331, -38.688 ], [ 146.332, -38.688 ], [ 146.332, -38.689 ] ] ], [ [ [ 146.331, -38.688 ], [ 146.33, -38.688 ], [ 146.33, -38.687 ], [ 146.331, -38.687 ], [ 146.331, -38.688 ] ] ] ] } },
{ "type": "Feature", "properties": { "pha_code": 20241.0, "pha_name": "French Island" }, "geometry": { "type": "MultiPolygon", "coordinates": [ [ [ [ 145.367, -38.416 ], [ 145.368, -38.412 ], [ 145.37, -38.411 ], [ 145.372, -38.418 ], [ 145.367, -38.416 ] ] ], [ [ [ 145.269, -38.402 ], [ 145.277, -38.392 ], [ 145.273, -38.358 ], [ 145.291, -38.283 ], [ 145.33, -38.292 ], [ 145.343, -38.308 ], [ 145.368, -38.314 ], [ 145.411, -38.304 ], [ 145.451, -38.306 ], [ 145.473, -38.333 ], [ 145.503, -38.352 ], [ 145.477, -38.366 ], [ 145.407, -38.372 ], [ 145.39, -38.385 ], [ 145.386, -38.407 ], [ 145.362, -38.406 ], [ 145.353, -38.42 ], [ 145.32, -38.413 ], [ 145.3, -38.398 ], [ 145.277, -38.395 ], [ 145.281, -38.405 ], [ 145.272, -38.41 ], [ 145.269, -38.402 ] ], [ [ 145.29, -38.304 ], [ 145.29, -38.303 ], [ 145.289, -38.303 ], [ 145.289, -38.304 ], [ 145.29, -38.304 ] ], [ [ 145.296, -38.307 ], [ 145.297, -38.308 ], [ 145.297, -38.306 ], [ 145.296, -38.306 ], [ 145.296, -38.307 ] ], [ [ 145.297, -38.309 ], [ 145.297, -38.31 ], [ 145.298, -38.308 ], [ 145.297, -38.308 ], [ 145.297, -38.309 ] ], [ [ 145.295, -38.306 ], [ 145.294, -38.306 ], [ 145.294, -38.307 ], [ 145.295, -38.306 ] ] ] ] } },
{ "type": "Feature", "properties": { "pha_code": 20242.0, "pha_name": "Phillip Island" }, "geometry": { "type": "MultiPolygon", "coordinates": [ [ [ [ 145.11, -38.518 ], [ 145.111, -38.518 ], [ 145.111, -38.52 ], [ 145.109, -38.519 ], [ 145.11, -38.518 ] ] ], [ [ [ 145.115, -38.519 ], [ 145.114, -38.519 ], [ 145.114, -38.518 ], [ 145.115, -38.518 ], [ 145.115, -38.519 ] ] ], [ [ [ 145.363, -38.513 ], [ 145.362, -38.513 ], [ 145.362, -38.512 ], [ 145.363, -38.512 ], [ 145.363, -38.513 ] ] ], [ [ [ 145.275, -38.509 ], [ 145.274, -38.509 ], [ 145.275, -38.508 ], [ 145.275, -38.509 ] ] ], [ [ [ 145.346, -38.508 ], [ 145.346, -38.509 ], [ 145.345, -38.508 ], [ 145.346, -38.508 ] ] ], [ [ [ 145.117, -38.516 ], [ 145.128, -38.505 ], [ 145.146, -38.505 ], [ 145.156, -38.475 ], [ 145.199, -38.451 ], [ 145.299, -38.451 ], [ 145.299, -38.453 ], [ 145.283, -38.454 ], [ 145.273, -38.459 ], [ 145.31, -38.46 ], [ 145.29, -38.483 ], [ 145.293, -38.489 ], [ 145.306, -38.485 ], [ 145.297, -38.507 ], [ 145.315, -38.51 ], [ 145.331, -38.505 ], [ 145.34, -38.51 ], [ 145.358, -38.508 ], [ 145.364, -38.516 ], [ 145.348, -38.52 ], [ 145.341, -38.537 ], [ 145.364, -38.554 ], [ 145.361, -38.566 ], [ 145.351, -38.567 ], [ 145.342, -38.559 ], [ 145.346, -38.551 ], [ 145.317, -38.524 ], [ 145.272, -38.505 ], [ 145.239, -38.507 ], [ 145.222, -38.53 ], [ 145.204, -38.517 ], [ 145.173, -38.51 ], [ 145.117, -38.516 ] ], [ [ 145.28, -38.454 ], [ 145.279, -38.454 ], [ 145.279, -38.455 ], [ 145.28, -38.455 ], [ 145.28, -38.454 ] ] ], [ [ [ 145.346, -38.504 ], [ 145.345, -38.508 ], [ 145.344, -38.508 ], [ 145.343, -38.504 ], [ 145.346, -38.504 ] ] ], [ [ [ 145.337, -38.496 ], [ 145.341, -38.497 ], [ 145.343, -38.504 ], [ 145.333, -38.5 ], [ 145.337, -38.496 ] ] ], [ [ [ 145.166, -38.466 ], [ 145.165, -38.466 ], [ 145.165, -38.465 ], [ 145.166, -38.465 ], [ 145.166, -38.466 ] ] ], [ [ [ 145.294, -38.454 ], [ 145.296, -38.454 ], [ 145.295, -38.456 ], [ 145.29, -38.455 ], [ 145.294, -38.454 ] ] ] ] } },
{ "type": "Feature", "properties": { "pha_code": 20243.0, "pha_name": "Wonthaggi - Inverloch" }, "geometry": { "type": "MultiPolygon", "coordinates": [ [ [ [ 145.817, -38.636 ], [ 145.818, -38.636 ], [ 145.818, -38.637 ], [ 145.816, -38.637 ], [ 145.817, -38.636 ] ] ], [ [ [ 145.429, -38.496 ], [ 145.43, -38.497 ], [ 145.429, -38.497 ], [ 145.429, -38.496 ] ] ], [ [ [ 145.388, -38.536 ], [ 145.372, -38.537 ], [ 145.363, -38.521 ], [ 145.418, -38.514 ], [ 145.434, -38.494 ], [ 145.433, -38.48 ], [ 145.418, -38.472 ], [ 145.429, -38.46 ], [ 145.434, -38.433 ], [ 145.417, -38.407 ], [ 145.453, -38.413 ], [ 145.482, -38.407 ], [ 145.489, -38.415 ], [ 145.514, -38.416 ], [ 145.543, -38.386 ], [ 145.551, -38.347 ], [ 145.539, -38.336 ], [ 145.524, -38.334 ], [ 145.517, -38.339 ], [ 145.515, -38.337 ], [ 145.52, -38.307 ], [ 145.542, -38.309 ], [ 145.546, -38.291 ], [ 145.582, -38.312 ], [ 145.593, -38.33 ], [ 145.618, -38.335 ], [ 145.612, -38.365 ], [ 145.634, -38.367 ], [ 145.629, -38.372 ], [ 145.642, -38.389 ], [ 145.65, -38.385 ], [ 145.641, -38.415 ], [ 145.693, -38.42 ], [ 145.688, -38.465 ], [ 145.676, -38.463 ], [ 145.674, -38.482 ], [ 145.689, -38.497 ], [ 145.683, -38.496 ], [ 145.681, -38.519 ], [ 145.701, -38.52 ], [ 145.697, -38.547 ], [ 145.734, -38.556 ], [ 145.731, -38.575 ], [ 145.773, -38.578 ], [ 145.777, -38.563 ], [ 145.84, -38.569 ], [ 145.829, -38.578 ], [ 145.826, -38.612 ], [ 145.811, -38.611 ], [ 145.808, -38.628 ], [ 145.815, -38.627 ], [ 145.817, -38.648 ], [ 145.704, -38.647 ], [ 145.657, -38.677 ], [ 145.638, -38.672 ], [ 145.607, -38.679 ], [ 145.561, -38.652 ], [ 145.538, -38.611 ], [ 145.484, -38.556 ], [ 145.424, -38.536 ], [ 145.388, -38.536 ] ] ] ] } },
{ "type": "Feature", "properties": { "pha_code": 20244.0, "pha_name": "Churchill" }, "geometry": { "type": "MultiPolygon", "coordinates": [ [ [ [ 146.491, -38.447 ], [ 146.491, -38.446 ], [ 146.492, -38.447 ], [ 146.491, -38.447 ] ] ], [ [ [ 146.272, -38.447 ], [ 146.27, -38.457 ], [ 146.237, -38.453 ], [ 146.227, -38.461 ], [ 146.215, -38.454 ], [ 146.217, -38.446 ], [ 146.2, -38.446 ], [ 146.192, -38.435 ], [ 146.198, -38.428 ], [ 146.225, -38.433 ], [ 146.231, -38.425 ], [ 146.234, -38.381 ], [ 146.241, -38.379 ], [ 146.211, -38.37 ], [ 146.232, -38.367 ], [ 146.254, -38.351 ], [ 146.272, -38.357 ], [ 146.277, -38.329 ], [ 146.299, -38.327 ], [ 146.304, -38.305 ], [ 146.282, -38.309 ], [ 146.276, -38.306 ], [ 146.283, -38.3 ], [ 146.264, -38.298 ], [ 146.268, -38.278 ], [ 146.26, -38.277 ], [ 146.258, -38.266 ], [ 146.289, -38.236 ], [ 146.352, -38.237 ], [ 146.349, -38.243 ], [ 146.421, -38.264 ], [ 146.425, -38.244 ], [ 146.442, -38.244 ], [ 146.466, -38.225 ], [ 146.464, -38.232 ], [ 146.509, -38.237 ], [ 146.503, -38.243 ], [ 146.543, -38.25 ], [ 146.536, -38.23 ], [ 146.545, -38.218 ], [ 146.558, -38.223 ], [ 146.56, -38.21 ], [ 146.62, -38.237 ], [ 146.656, -38.237 ], [ 146.657, -38.241 ], [ 146.632, -38.258 ], [ 146.62, -38.287 ], [ 146.622, -38.293 ], [ 146.597, -38.312 ], [ 146.602, -38.336 ], [ 146.593, -38.344 ], [ 146.579, -38.414 ], [ 146.566, -38.413 ], [ 146.565, -38.429 ], [ 146.53, -38.43 ], [ 146.526, -38.439 ], [ 146.498, -38.446 ], [ 146.489, -38.439 ], [ 146.481, -38.444 ], [ 146.483, -38.456 ], [ 146.431, -38.469 ], [ 146.424, -38.483 ], [ 146.381, -38.497 ], [ 146.384, -38.504 ], [ 146.367, -38.513 ], [ 146.375, -38.528 ], [ 146.357, -38.536 ], [ 146.332, -38.533 ], [ 146.316, -38.52 ], [ 146.284, -38.524 ], [ 146.285, -38.506 ], [ 146.295, -38.499 ], [ 146.285, -38.486 ], [ 146.292, -38.467 ], [ 146.282, -38.449 ], [ 146.272, -38.447 ] ] ], [ [ [ 146.628, -38.274 ], [ 146.627, -38.274 ], [ 146.628, -38.273 ], [ 146.628, -38.274 ] ] ], [ [ [ 146.642, -38.249 ], [ 146.643, -38.25 ], [ 146.642, -38.25 ], [ 146.642, -38.249 ] ] ], [ [ [ 146.537, -38.235 ], [ 146.537, -38.236 ], [ 146.536, -38.236 ], [ 146.537, -38.235 ] ] ] ] } },
{ "type": "Feature", "properties": { "pha_code": 20245.0, "pha_name": "Moe - Newborough/ Morwell" }, "geometry": { "type": "MultiPolygon", "coordinates": [ [ [ [ 146.352, -38.243 ], [ 146.352, -38.237 ], [ 146.317, -38.232 ], [ 146.311, -38.239 ], [ 146.289, -38.236 ], [ 146.291, -38.227 ], [ 146.273, -38.225 ], [ 146.268, -38.232 ], [ 146.213, -38.23 ], [ 146.228, -38.202 ], [ 146.222, -38.175 ], [ 146.256, -38.158 ], [ 146.254, -38.148 ], [ 146.297, -38.151 ], [ 146.328, -38.165 ], [ 146.338, -38.161 ], [ 146.335, -38.176 ], [ 146.411, -38.168 ], [ 146.431, -38.156 ], [ 146.459, -38.179 ], [ 146.467, -38.176 ], [ 146.469, -38.168 ], [ 146.497, -38.174 ], [ 146.466, -38.225 ], [ 146.442, -38.244 ], [ 146.425, -38.244 ], [ 146.422, -38.264 ], [ 146.352, -38.243 ] ], [ [ 146.454, -38.173 ], [ 146.453, -38.173 ], [ 146.453, -38.174 ], [ 146.454, -38.174 ], [ 146.454, -38.173 ] ] ], [ [ [ 146.284, -38.151 ], [ 146.285, -38.152 ], [ 146.284, -38.153 ], [ 146.284, -38.152 ], [ 146.284, -38.151 ] ] ], [ [ [ 146.46, -38.176 ], [ 146.46, -38.178 ], [ 146.459, -38.178 ], [ 146.459, -38.176 ], [ 146.46, -38.176 ] ] ], [ [ [ 146.391, -38.168 ], [ 146.39, -38.168 ], [ 146.389, -38.169 ], [ 146.39, -38.167 ], [ 146.391, -38.168 ] ] ] ] } },
{ "type": "Feature", "properties": { "pha_code": 20246.0, "pha_name": "Traralgon/ Yallourn North - Glengarry" }, "geometry": { "type": "MultiPolygon", "coordinates": [ [ [ [ 146.489, -38.187 ], [ 146.494, -38.171 ], [ 146.469, -38.168 ], [ 146.457, -38.178 ], [ 146.433, -38.156 ], [ 146.411, -38.168 ], [ 146.335, -38.176 ], [ 146.338, -38.161 ], [ 146.328, -38.165 ], [ 146.307, -38.157 ], [ 146.324, -38.125 ], [ 146.313, -38.117 ], [ 146.329, -38.106 ], [ 146.319, -38.105 ], [ 146.322, -38.092 ], [ 146.342, -38.082 ], [ 146.377, -38.094 ], [ 146.374, -38.1 ], [ 146.414, -38.105 ], [ 146.416, -38.116 ], [ 146.424, -38.097 ], [ 146.479, -38.104 ], [ 146.476, -38.075 ], [ 146.506, -38.081 ], [ 146.503, -38.06 ], [ 146.513, -38.053 ], [ 146.489, -38.028 ], [ 146.499, -38.006 ], [ 146.478, -38.003 ], [ 146.473, -37.995 ], [ 146.491, -37.984 ], [ 146.515, -37.984 ], [ 146.523, -37.964 ], [ 146.547, -37.967 ], [ 146.545, -37.975 ], [ 146.553, -37.977 ], [ 146.554, -37.971 ], [ 146.563, -37.984 ], [ 146.581, -37.976 ], [ 146.599, -37.98 ], [ 146.606, -37.972 ], [ 146.613, -37.973 ], [ 146.61, -37.976 ], [ 146.612, -37.98 ], [ 146.627, -37.971 ], [ 146.638, -37.996 ], [ 146.656, -37.997 ], [ 146.624, -38.049 ], [ 146.662, -38.058 ], [ 146.653, -38.061 ], [ 146.651, -38.073 ], [ 146.616, -38.069 ], [ 146.578, -38.126 ], [ 146.585, -38.144 ], [ 146.572, -38.146 ], [ 146.571, -38.154 ], [ 146.61, -38.162 ], [ 146.638, -38.146 ], [ 146.648, -38.147 ], [ 146.651, -38.153 ], [ 146.687, -38.15 ], [ 146.697, -38.157 ], [ 146.702, -38.149 ], [ 146.712, -38.155 ], [ 146.707, -38.174 ], [ 146.68, -38.202 ], [ 146.678, -38.216 ], [ 146.655, -38.225 ], [ 146.656, -38.237 ], [ 146.62, -38.237 ], [ 146.56, -38.21 ], [ 146.558, -38.223 ], [ 146.545, -38.218 ], [ 146.536, -38.23 ], [ 146.543, -38.25 ], [ 146.503, -38.243 ], [ 146.509, -38.237 ], [ 146.464, -38.232 ], [ 146.489, -38.187 ] ], [ [ 146.39, -38.169 ], [ 146.39, -38.168 ], [ 146.391, -38.167 ], [ 146.389, -38.168 ], [ 146.39, -38.169 ] ], [ [ 146.606, -38.162 ], [ 146.606, -38.163 ], [ 146.608, -38.163 ], [ 146.608, -38.162 ], [ 146.606, -38.162 ] ], [ [ 146.667, -38.154 ], [ 146.667, -38.155 ], [ 146.669, -38.155 ], [ 146.668, -38.153 ], [ 146.667, -38.154 ] ], [ [ 146.654, -38.229 ], [ 146.654, -38.23 ], [ 146.655, -38.23 ], [ 146.654, -38.229 ] ], [ [ 146.536, -38.236 ], [ 146.537, -38.236 ], [ 146.537, -38.235 ], [ 146.536, -38.236 ] ] ], [ [ [ 146.459, -38.178 ], [ 146.46, -38.178 ], [ 146.459, -38.179 ], [ 146.459, -38.178 ] ] ], [ [ [ 146.454, -38.173 ], [ 146.454, -38.174 ], [ 146.453, -38.174 ], [ 146.453, -38.173 ], [ 146.454, -38.173 ] ] ], [ [ [ 146.647, -38.151 ], [ 146.646, -38.151 ], [ 146.646, -38.15 ], [ 146.647, -38.15 ], [ 146.647, -38.151 ] ] ] ] } },
{ "type": "Feature", "properties": { "pha_code": 20247.0, "pha_name": "Alps - West/ Maffra/ Rosedale" }, "geometry": { "type": "MultiPolygon", "coordinates": [ [ [ [ 146.627, -38.274 ], [ 146.627, -38.273 ], [ 146.628, -38.273 ], [ 146.627, -38.274 ] ] ], [ [ [ 146.654, -38.23 ], [ 146.654, -38.229 ], [ 146.655, -38.23 ], [ 146.654, -38.23 ] ] ], [ [ [ 146.572, -38.146 ], [ 146.585, -38.144 ], [ 146.578, -38.126 ], [ 146.616, -38.069 ], [ 146.651, -38.073 ], [ 146.653, -38.061 ], [ 146.662, -38.058 ], [ 146.624, -38.049 ], [ 146.656, -37.997 ], [ 146.638, -37.996 ], [ 146.627, -37.971 ], [ 146.612, -37.98 ], [ 146.613, -37.973 ], [ 146.606, -37.972 ], [ 146.599, -37.98 ], [ 146.581, -37.976 ], [ 146.563, -37.984 ], [ 146.556, -37.972 ], [ 146.546, -37.976 ], [ 146.547, -37.967 ], [ 146.536, -37.97 ], [ 146.533, -37.964 ], [ 146.523, -37.964 ], [ 146.515, -37.984 ], [ 146.491, -37.984 ], [ 146.473, -37.995 ], [ 146.502, -37.691 ], [ 146.516, -37.676 ], [ 146.489, -37.642 ], [ 146.474, -37.641 ], [ 146.454, -37.616 ], [ 146.444, -37.612 ], [ 146.436, -37.618 ], [ 146.647, -37.163 ], [ 146.639, -37.127 ], [ 146.651, -37.12 ], [ 146.664, -37.123 ], [ 146.681, -37.143 ], [ 146.717, -37.159 ], [ 146.764, -37.146 ], [ 146.788, -37.178 ], [ 146.824, -37.192 ], [ 146.826, -37.204 ], [ 147.203, -37.257 ], [ 147.208, -37.275 ], [ 147.2, -37.276 ], [ 147.201, -37.291 ], [ 147.215, -37.309 ], [ 147.207, -37.358 ], [ 147.188, -37.371 ], [ 147.171, -37.368 ], [ 147.162, -37.353 ], [ 147.144, -37.351 ], [ 147.146, -37.34 ], [ 147.128, -37.338 ], [ 147.124, -37.346 ], [ 147.083, -37.355 ], [ 147.094, -37.369 ], [ 147.109, -37.371 ], [ 147.119, -37.41 ], [ 147.134, -37.409 ], [ 147.132, -37.421 ], [ 147.114, -37.417 ], [ 147.11, -37.432 ], [ 147.128, -37.434 ], [ 147.122, -37.444 ], [ 147.139, -37.452 ], [ 147.137, -37.462 ], [ 147.167, -37.468 ], [ 147.163, -37.489 ], [ 147.151, -37.498 ], [ 147.155, -37.514 ], [ 147.17, -37.515 ], [ 147.172, -37.543 ], [ 147.164, -37.553 ], [ 147.17, -37.563 ], [ 147.157, -37.575 ], [ 147.157, -37.6 ], [ 147.176, -37.618 ], [ 147.222, -37.633 ], [ 147.198, -37.726 ], [ 147.214, -37.731 ], [ 147.218, -37.742 ], [ 147.212, -37.746 ], [ 147.262, -37.752 ], [ 147.234, -37.769 ], [ 147.281, -37.775 ], [ 147.271, -37.828 ], [ 147.276, -37.831 ], [ 147.265, -37.862 ], [ 147.274, -37.88 ], [ 147.287, -37.877 ], [ 147.28, -37.888 ], [ 147.286, -37.893 ], [ 147.277, -37.896 ], [ 147.287, -37.898 ], [ 147.278, -37.905 ], [ 147.286, -37.908 ], [ 147.273, -37.916 ], [ 147.268, -37.934 ], [ 147.283, -37.954 ], [ 147.269, -37.964 ], [ 147.2, -37.955 ], [ 147.198, -37.966 ], [ 147.182, -37.975 ], [ 147.186, -37.987 ], [ 147.178, -37.988 ], [ 147.181, -38.0 ], [ 147.166, -38.025 ], [ 147.14, -38.024 ], [ 147.126, -38.014 ], [ 147.116, -38.064 ], [ 147.105, -38.063 ], [ 147.103, -38.055 ], [ 147.101, -38.062 ], [ 147.069, -38.057 ], [ 147.074, -38.068 ], [ 147.064, -38.067 ], [ 147.063, -38.074 ], [ 147.039, -38.068 ], [ 147.037, -38.079 ], [ 147.027, -38.078 ], [ 147.022, -38.104 ], [ 146.987, -38.115 ], [ 146.98, -38.139 ], [ 146.982, -38.146 ], [ 146.986, -38.141 ], [ 146.989, -38.143 ], [ 146.978, -38.171 ], [ 146.913, -38.161 ], [ 146.906, -38.178 ], [ 146.896, -38.182 ], [ 146.888, -38.225 ], [ 146.914, -38.246 ], [ 146.948, -38.252 ], [ 146.935, -38.269 ], [ 146.931, -38.299 ], [ 146.875, -38.293 ], [ 146.874, -38.284 ], [ 146.845, -38.277 ], [ 146.843, -38.285 ], [ 146.818, -38.281 ], [ 146.796, -38.321 ], [ 146.759, -38.32 ], [ 146.759, -38.326 ], [ 146.748, -38.325 ], [ 146.745, -38.316 ], [ 146.708, -38.315 ], [ 146.71, -38.326 ], [ 146.7, -38.326 ], [ 146.694, -38.358 ], [ 146.666, -38.353 ], [ 146.66, -38.365 ], [ 146.625, -38.359 ], [ 146.609, -38.369 ], [ 146.589, -38.366 ], [ 146.593, -38.344 ], [ 146.602, -38.336 ], [ 146.598, -38.31 ], [ 146.622, -38.293 ], [ 146.62, -38.287 ], [ 146.632, -38.258 ], [ 146.657, -38.241 ], [ 146.656, -38.224 ], [ 146.682, -38.211 ], [ 146.68, -38.202 ], [ 146.707, -38.174 ], [ 146.712, -38.155 ], [ 146.702, -38.149 ], [ 146.697, -38.157 ], [ 146.687, -38.15 ], [ 146.651, -38.153 ], [ 146.648, -38.147 ], [ 146.638, -38.146 ], [ 146.625, -38.158 ], [ 146.6, -38.162 ], [ 146.59, -38.154 ], [ 146.571, -38.154 ], [ 146.572, -38.146 ] ], [ [ 146.803, -37.185 ], [ 146.803, -37.186 ], [ 146.804, -37.186 ], [ 146.804, -37.185 ], [ 146.803, -37.185 ] ], [ [ 146.98, -38.145 ], [ 146.979, -38.146 ], [ 146.981, -38.146 ], [ 146.981, -38.145 ], [ 146.98, -38.145 ] ], [ [ 146.642, -38.25 ], [ 146.643, -38.25 ], [ 146.642, -38.249 ], [ 146.642, -38.25 ] ], [ [ 146.647, -38.151 ], [ 146.647, -38.15 ], [ 146.646, -38.15 ], [ 146.646, -38.151 ], [ 146.647, -38.151 ] ] ], [ [ [ 146.606, -38.163 ], [ 146.606, -38.162 ], [ 146.608, -38.162 ], [ 146.608, -38.163 ], [ 146.606, -38.163 ] ] ], [ [ [ 146.669, -38.155 ], [ 146.667, -38.155 ], [ 146.667, -38.153 ], [ 146.668, -38.153 ], [ 146.669, -38.155 ] ] ] ] } },
{ "type": "Feature", "properties": { "pha_code": 20248.0, "pha_name": "Longford - Loch Sport/ Yarram" }, "geometry": { "type": "MultiPolygon", "coordinates": [ [ [ [ 146.626, -38.758 ], [ 146.631, -38.759 ], [ 146.619, -38.759 ], [ 146.619, -38.758 ], [ 146.626, -38.758 ] ] ], [ [ [ 146.618, -38.757 ], [ 146.619, -38.757 ], [ 146.619, -38.758 ], [ 146.617, -38.758 ], [ 146.618, -38.757 ] ] ], [ [ [ 146.469, -38.737 ], [ 146.471, -38.728 ], [ 146.496, -38.729 ], [ 146.509, -38.719 ], [ 146.503, -38.727 ], [ 146.516, -38.73 ], [ 146.506, -38.733 ], [ 146.511, -38.738 ], [ 146.524, -38.728 ], [ 146.542, -38.729 ], [ 146.508, -38.752 ], [ 146.524, -38.753 ], [ 146.502, -38.762 ], [ 146.547, -38.758 ], [ 146.542, -38.755 ], [ 146.575, -38.735 ], [ 146.591, -38.741 ], [ 146.584, -38.748 ], [ 146.598, -38.743 ], [ 146.602, -38.752 ], [ 146.621, -38.755 ], [ 146.591, -38.762 ], [ 146.559, -38.787 ], [ 146.541, -38.791 ], [ 146.493, -38.774 ], [ 146.467, -38.745 ], [ 146.469, -38.737 ] ], [ [ 146.501, -38.762 ], [ 146.501, -38.763 ], [ 146.502, -38.763 ], [ 146.502, -38.762 ], [ 146.501, -38.762 ] ], [ [ 146.499, -38.763 ], [ 146.5, -38.763 ], [ 146.5, -38.762 ], [ 146.499, -38.762 ], [ 146.499, -38.763 ] ], [ [ 146.5, -38.761 ], [ 146.499, -38.761 ], [ 146.499, -38.762 ], [ 146.5, -38.761 ] ], [ [ 146.521, -38.734 ], [ 146.52, -38.734 ], [ 146.52, -38.735 ], [ 146.521, -38.735 ], [ 146.521, -38.734 ] ] ], [ [ [ 146.627, -38.748 ], [ 146.626, -38.75 ], [ 146.622, -38.75 ], [ 146.623, -38.748 ], [ 146.627, -38.748 ] ] ], [ [ [ 146.541, -38.748 ], [ 146.539, -38.748 ], [ 146.54, -38.745 ], [ 146.542, -38.746 ], [ 146.541, -38.748 ] ] ], [ [ [ 146.547, -38.74 ], [ 146.546, -38.743 ], [ 146.552, -38.744 ], [ 146.544, -38.745 ], [ 146.547, -38.74 ] ] ], [ [ [ 146.591, -38.743 ], [ 146.591, -38.742 ], [ 146.592, -38.742 ], [ 146.592, -38.743 ], [ 146.591, -38.743 ] ] ], [ [ [ 146.527, -38.742 ], [ 146.526, -38.741 ], [ 146.528, -38.74 ], [ 146.528, -38.742 ], [ 146.527, -38.742 ] ] ], [ [ [ 146.465, -38.738 ], [ 146.464, -38.738 ], [ 146.464, -38.735 ], [ 146.466, -38.736 ], [ 146.465, -38.738 ] ] ], [ [ [ 146.512, -38.721 ], [ 146.516, -38.722 ], [ 146.51, -38.725 ], [ 146.509, -38.722 ], [ 146.512, -38.721 ] ] ], [ [ [ 146.468, -38.713 ], [ 146.483, -38.712 ], [ 146.502, -38.717 ], [ 146.494, -38.725 ], [ 146.468, -38.717 ], [ 146.439, -38.728 ], [ 146.446, -38.712 ], [ 146.468, -38.713 ] ] ], [ [ [ 146.535, -38.716 ], [ 146.536, -38.716 ], [ 146.536, -38.717 ], [ 146.534, -38.717 ], [ 146.535, -38.716 ] ] ], [ [ [ 146.532, -38.715 ], [ 146.533, -38.716 ], [ 146.531, -38.716 ], [ 146.531, -38.715 ], [ 146.532, -38.715 ] ] ], [ [ [ 146.57, -38.714 ], [ 146.567, -38.716 ], [ 146.565, -38.713 ], [ 146.568, -38.713 ], [ 146.57, -38.714 ] ] ], [ [ [ 146.53, -38.715 ], [ 146.53, -38.714 ], [ 146.531, -38.714 ], [ 146.531, -38.715 ], [ 146.53, -38.715 ] ] ], [ [ [ 146.529, -38.714 ], [ 146.529, -38.713 ], [ 146.53, -38.713 ], [ 146.53, -38.714 ], [ 146.529, -38.714 ] ] ], [ [ [ 146.561, -38.704 ], [ 146.562, -38.705 ], [ 146.556, -38.705 ], [ 146.559, -38.703 ], [ 146.561, -38.704 ] ] ], [ [ [ 146.571, -38.705 ], [ 146.572, -38.702 ], [ 146.574, -38.702 ], [ 146.574, -38.705 ], [ 146.571, -38.705 ] ] ], [ [ [ 146.579, -38.703 ], [ 146.579, -38.702 ], [ 146.58, -38.702 ], [ 146.58, -38.703 ], [ 146.579, -38.703 ] ] ], [ [ [ 146.573, -38.7 ], [ 146.573, -38.701 ], [ 146.572, -38.701 ], [ 146.572, -38.7 ], [ 146.573, -38.7 ] ] ], [ [ [ 146.578, -38.699 ], [ 146.578, -38.701 ], [ 146.577, -38.701 ], [ 146.577, -38.699 ], [ 146.578, -38.699 ] ] ], [ [ [ 146.577, -38.698 ], [ 146.578, -38.698 ], [ 146.577, -38.699 ], [ 146.577, -38.698 ] ] ], [ [ [ 146.569, -38.697 ], [ 146.571, -38.698 ], [ 146.563, -38.698 ], [ 146.563, -38.697 ], [ 146.569, -38.697 ] ] ], [ [ [ 146.587, -38.694 ], [ 146.583, -38.698 ], [ 146.58, -38.697 ], [ 146.581, -38.692 ], [ 146.587, -38.694 ] ] ], [ [ [ 146.629, -38.696 ], [ 146.633, -38.698 ], [ 146.622, -38.694 ], [ 146.627, -38.69 ], [ 146.629, -38.696 ] ] ], [ [ [ 146.571, -38.691 ], [ 146.57, -38.691 ], [ 146.57, -38.69 ], [ 146.571, -38.69 ], [ 146.571, -38.691 ] ] ], [ [ [ 146.59, -38.692 ], [ 146.588, -38.69 ], [ 146.594, -38.689 ], [ 146.594, -38.69 ], [ 146.59, -38.692 ] ] ], [ [ [ 146.577, -38.692 ], [ 146.576, -38.692 ], [ 146.576, -38.685 ], [ 146.577, -38.685 ], [ 146.577, -38.692 ] ] ], [ [ [ 146.604, -38.684 ], [ 146.609, -38.685 ], [ 146.599, -38.686 ], [ 146.601, -38.684 ], [ 146.604, -38.684 ] ] ], [ [ [ 146.561, -38.683 ], [ 146.563, -38.683 ], [ 146.563, -38.684 ], [ 146.561, -38.684 ], [ 146.561, -38.683 ] ] ], [ [ [ 146.607, -38.68 ], [ 146.608, -38.68 ], [ 146.608, -38.682 ], [ 146.606, -38.682 ], [ 146.607, -38.68 ] ] ], [ [ [ 146.63, -38.679 ], [ 146.631, -38.679 ], [ 146.631, -38.68 ], [ 146.629, -38.68 ], [ 146.63, -38.679 ] ] ], [ [ [ 146.627, -38.68 ], [ 146.627, -38.679 ], [ 146.628, -38.679 ], [ 146.628, -38.68 ], [ 146.627, -38.68 ] ] ], [ [ [ 146.326, -38.529 ], [ 146.327, -38.529 ], [ 146.327, -38.53 ], [ 146.326, -38.529 ] ] ], [ [ [ 146.639, -38.757 ], [ 146.639, -38.758 ], [ 146.633, -38.758 ], [ 146.633, -38.757 ], [ 146.639, -38.757 ] ] ], [ [ [ 146.645, -38.757 ], [ 146.64, -38.757 ], [ 146.64, -38.756 ], [ 146.645, -38.756 ], [ 146.645, -38.757 ] ] ], [ [ [ 146.652, -38.755 ], [ 146.655, -38.756 ], [ 146.646, -38.756 ], [ 146.646, -38.755 ], [ 146.652, -38.755 ] ] ], [ [ [ 146.659, -38.754 ], [ 146.658, -38.755 ], [ 146.655, -38.755 ], [ 146.655, -38.753 ], [ 146.659, -38.754 ] ] ], [ [ [ 146.66, -38.753 ], [ 146.659, -38.753 ], [ 146.659, -38.752 ], [ 146.66, -38.752 ], [ 146.66, -38.753 ] ] ], [ [ [ 146.662, -38.752 ], [ 146.661, -38.752 ], [ 146.661, -38.751 ], [ 146.662, -38.751 ], [ 146.662, -38.752 ] ] ], [ [ [ 146.664, -38.751 ], [ 146.663, -38.751 ], [ 146.663, -38.75 ], [ 146.664, -38.75 ], [ 146.664, -38.751 ] ] ], [ [ [ 146.668, -38.748 ], [ 146.666, -38.75 ], [ 146.665, -38.75 ], [ 146.666, -38.747 ], [ 146.668, -38.748 ] ] ], [ [ [ 146.633, -38.747 ], [ 146.64, -38.744 ], [ 146.642, -38.746 ], [ 146.638, -38.749 ], [ 146.628, -38.748 ], [ 146.633, -38.747 ] ] ], [ [ [ 146.667, -38.745 ], [ 146.667, -38.746 ], [ 146.666, -38.746 ], [ 146.666, -38.745 ], [ 146.667, -38.745 ] ] ], [ [ [ 146.664, -38.744 ], [ 146.664, -38.745 ], [ 146.663, -38.745 ], [ 146.663, -38.744 ], [ 146.664, -38.744 ] ] ], [ [ [ 146.683, -38.728 ], [ 146.684, -38.728 ], [ 146.684, -38.729 ], [ 146.682, -38.729 ], [ 146.683, -38.728 ] ] ], [ [ [ 146.686, -38.728 ], [ 146.685, -38.728 ], [ 146.685, -38.727 ], [ 146.686, -38.727 ], [ 146.686, -38.728 ] ] ], [ [ [ 146.681, -38.728 ], [ 146.68, -38.728 ], [ 146.68, -38.727 ], [ 146.681, -38.728 ] ] ], [ [ [ 146.68, -38.726 ], [ 146.68, -38.727 ], [ 146.679, -38.727 ], [ 146.679, -38.726 ], [ 146.68, -38.726 ] ] ], [ [ [ 146.636, -38.723 ], [ 146.652, -38.723 ], [ 146.668, -38.719 ], [ 146.654, -38.727 ], [ 146.63, -38.725 ], [ 146.636, -38.723 ] ] ], [ [ [ 146.608, -38.724 ], [ 146.599, -38.72 ], [ 146.606, -38.717 ], [ 146.596, -38.719 ], [ 146.605, -38.724 ], [ 146.601, -38.727 ], [ 146.585, -38.714 ], [ 146.612, -38.698 ], [ 146.636, -38.707 ], [ 146.64, -38.7 ], [ 146.676, -38.707 ], [ 146.673, -38.715 ], [ 146.608, -38.724 ] ], [ [ 146.614, -38.722 ], [ 146.614, -38.721 ], [ 146.613, -38.721 ], [ 146.613, -38.722 ], [ 146.614, -38.722 ] ] ], [ [ [ 146.677, -38.71 ], [ 146.676, -38.71 ], [ 146.676, -38.709 ], [ 146.677, -38.709 ], [ 146.677, -38.71 ] ] ], [ [ [ 146.678, -38.709 ], [ 146.677, -38.709 ], [ 146.677, -38.708 ], [ 146.678, -38.708 ], [ 146.678, -38.709 ] ] ], [ [ [ 146.635, -38.699 ], [ 146.636, -38.702 ], [ 146.631, -38.702 ], [ 146.633, -38.699 ], [ 146.635, -38.699 ] ] ], [ [ [ 146.643, -38.688 ], [ 146.643, -38.687 ], [ 146.644, -38.687 ], [ 146.644, -38.688 ], [ 146.643, -38.688 ] ] ], [ [ [ 146.642, -38.687 ], [ 146.642, -38.686 ], [ 146.643, -38.686 ], [ 146.643, -38.687 ], [ 146.642, -38.687 ] ] ], [ [ [ 146.652, -38.687 ], [ 146.651, -38.685 ], [ 146.654, -38.686 ], [ 146.654, -38.687 ], [ 146.652, -38.687 ] ] ], [ [ [ 146.657, -38.686 ], [ 146.656, -38.686 ], [ 146.656, -38.685 ], [ 146.657, -38.685 ], [ 146.657, -38.686 ] ] ], [ [ [ 146.643, -38.684 ], [ 146.645, -38.684 ], [ 146.645, -38.685 ], [ 146.643, -38.685 ], [ 146.643, -38.684 ] ] ], [ [ [ 146.649, -38.684 ], [ 146.651, -38.683 ], [ 146.651, -38.685 ], [ 146.649, -38.685 ], [ 146.649, -38.684 ] ] ], [ [ [ 146.647, -38.683 ], [ 146.648, -38.683 ], [ 146.646, -38.684 ], [ 146.646, -38.683 ], [ 146.647, -38.683 ] ] ], [ [ [ 146.672, -38.679 ], [ 146.684, -38.677 ], [ 146.677, -38.683 ], [ 146.684, -38.69 ], [ 146.669, -38.685 ], [ 146.672, -38.679 ] ] ], [ [ [ 146.683, -38.675 ], [ 146.683, -38.674 ], [ 146.684, -38.674 ], [ 146.684, -38.675 ], [ 146.683, -38.675 ] ] ], [ [ [ 146.682, -38.673 ], [ 146.683, -38.673 ], [ 146.683, -38.674 ], [ 146.681, -38.674 ], [ 146.682, -38.673 ] ] ], [ [ [ 146.659, -38.671 ], [ 146.663, -38.671 ], [ 146.663, -38.672 ], [ 146.658, -38.672 ], [ 146.659, -38.671 ] ] ], [ [ [ 146.655, -38.67 ], [ 146.656, -38.673 ], [ 146.651, -38.673 ], [ 146.652, -38.67 ], [ 146.655, -38.67 ] ] ], [ [ [ 146.654, -38.662 ], [ 146.653, -38.662 ], [ 146.653, -38.661 ], [ 146.654, -38.661 ], [ 146.654, -38.662 ] ] ], [ [ [ 146.656, -38.661 ], [ 146.654, -38.661 ], [ 146.654, -38.66 ], [ 146.657, -38.659 ], [ 146.656, -38.661 ] ] ], [ [ [ 146.69, -38.723 ], [ 146.692, -38.722 ], [ 146.687, -38.727 ], [ 146.687, -38.725 ], [ 146.69, -38.723 ] ] ], [ [ [ 146.693, -38.722 ], [ 146.692, -38.722 ], [ 146.692, -38.721 ], [ 146.693, -38.721 ], [ 146.693, -38.722 ] ] ], [ [ [ 146.696, -38.716 ], [ 146.701, -38.711 ], [ 146.712, -38.707 ], [ 146.693, -38.721 ], [ 146.696, -38.716 ] ] ], [ [ [ 146.688, -38.711 ], [ 146.689, -38.711 ], [ 146.689, -38.712 ], [ 146.687, -38.712 ], [ 146.688, -38.711 ] ] ], [ [ [ 146.689, -38.709 ], [ 146.689, -38.71 ], [ 146.688, -38.71 ], [ 146.688, -38.709 ], [ 146.689, -38.709 ] ] ], [ [ [ 146.695, -38.707 ], [ 146.7, -38.709 ], [ 146.7, -38.71 ], [ 146.693, -38.708 ], [ 146.695, -38.707 ] ] ], [ [ [ 146.712, -38.706 ], [ 146.714, -38.706 ], [ 146.714, -38.707 ], [ 146.712, -38.707 ], [ 146.712, -38.706 ] ] ], [ [ [ 146.715, -38.706 ], [ 146.714, -38.706 ], [ 146.714, -38.705 ], [ 146.715, -38.705 ], [ 146.715, -38.706 ] ] ], [ [ [ 146.719, -38.702 ], [ 146.722, -38.701 ], [ 146.715, -38.705 ], [ 146.716, -38.703 ], [ 146.719, -38.702 ] ] ], [ [ [ 146.702, -38.703 ], [ 146.701, -38.702 ], [ 146.704, -38.702 ], [ 146.704, -38.703 ], [ 146.702, -38.703 ] ] ], [ [ [ 146.688, -38.7 ], [ 146.687, -38.7 ], [ 146.687, -38.699 ], [ 146.688, -38.699 ], [ 146.688, -38.7 ] ] ], [ [ [ 146.724, -38.698 ], [ 146.726, -38.696 ], [ 146.732, -38.696 ], [ 146.722, -38.701 ], [ 146.724, -38.698 ] ] ], [ [ [ 146.688, -38.698 ], [ 146.687, -38.698 ], [ 146.687, -38.697 ], [ 146.688, -38.697 ], [ 146.688, -38.698 ] ] ], [ [ [ 146.688, -38.696 ], [ 146.69, -38.696 ], [ 146.69, -38.697 ], [ 146.688, -38.697 ], [ 146.688, -38.696 ] ] ], [ [ [ 146.76, -38.689 ], [ 146.762, -38.687 ], [ 146.767, -38.687 ], [ 146.758, -38.692 ], [ 146.753, -38.69 ], [ 146.76, -38.689 ] ] ], [ [ [ 146.688, -38.687 ], [ 146.689, -38.685 ], [ 146.69, -38.685 ], [ 146.69, -38.686 ], [ 146.688, -38.687 ] ] ], [ [ [ 146.728, -38.686 ], [ 146.728, -38.685 ], [ 146.731, -38.685 ], [ 146.731, -38.686 ], [ 146.728, -38.686 ] ] ], [ [ [ 146.698, -38.683 ], [ 146.71, -38.677 ], [ 146.708, -38.686 ], [ 146.716, -38.687 ], [ 146.698, -38.693 ], [ 146.698, -38.683 ] ] ], [ [ [ 146.725, -38.685 ], [ 146.724, -38.686 ], [ 146.72, -38.686 ], [ 146.722, -38.684 ], [ 146.725, -38.685 ] ] ], [ [ [ 146.711, -38.682 ], [ 146.711, -38.681 ], [ 146.712, -38.681 ], [ 146.712, -38.682 ], [ 146.711, -38.682 ] ] ], [ [ [ 146.729, -38.679 ], [ 146.727, -38.679 ], [ 146.728, -38.677 ], [ 146.73, -38.677 ], [ 146.729, -38.679 ] ] ], [ [ [ 146.742, -38.677 ], [ 146.743, -38.675 ], [ 146.745, -38.675 ], [ 146.74, -38.679 ], [ 146.742, -38.677 ] ] ], [ [ [ 146.75, -38.677 ], [ 146.748, -38.677 ], [ 146.748, -38.676 ], [ 146.75, -38.676 ], [ 146.75, -38.677 ] ] ], [ [ [ 146.751, -38.676 ], [ 146.75, -38.676 ], [ 146.75, -38.675 ], [ 146.751, -38.675 ], [ 146.751, -38.676 ] ] ], [ [ [ 146.757, -38.673 ], [ 146.758, -38.676 ], [ 146.754, -38.676 ], [ 146.754, -38.674 ], [ 146.757, -38.673 ] ] ], [ [ [ 146.76, -38.675 ], [ 146.759, -38.675 ], [ 146.759, -38.674 ], [ 146.76, -38.674 ], [ 146.76, -38.675 ] ] ], [ [ [ 146.715, -38.677 ], [ 146.722, -38.676 ], [ 146.726, -38.662 ], [ 146.73, -38.67 ], [ 146.739, -38.673 ], [ 146.726, -38.672 ], [ 146.716, -38.684 ], [ 146.71, -38.676 ], [ 146.715, -38.677 ] ] ], [ [ [ 146.758, -38.673 ], [ 146.757, -38.673 ], [ 146.757, -38.672 ], [ 146.758, -38.672 ], [ 146.758, -38.673 ] ] ], [ [ [ 146.761, -38.671 ], [ 146.76, -38.671 ], [ 146.76, -38.67 ], [ 146.761, -38.67 ], [ 146.761, -38.671 ] ] ], [ [ [ 146.747, -38.669 ], [ 146.741, -38.67 ], [ 146.738, -38.668 ], [ 146.744, -38.667 ], [ 146.747, -38.669 ] ] ], [ [ [ 146.734, -38.665 ], [ 146.737, -38.669 ], [ 146.73, -38.662 ], [ 146.732, -38.662 ], [ 146.734, -38.665 ] ] ], [ [ [ 146.748, -38.665 ], [ 146.748, -38.664 ], [ 146.749, -38.664 ], [ 146.749, -38.665 ], [ 146.748, -38.665 ] ] ], [ [ [ 146.747, -38.664 ], [ 146.747, -38.663 ], [ 146.748, -38.663 ], [ 146.748, -38.664 ], [ 146.747, -38.664 ] ] ], [ [ [ 146.314, -38.562 ], [ 146.312, -38.544 ], [ 146.327, -38.53 ], [ 146.343, -38.536 ], [ 146.371, -38.532 ], [ 146.367, -38.513 ], [ 146.384, -38.504 ], [ 146.38, -38.498 ], [ 146.424, -38.483 ], [ 146.425, -38.472 ], [ 146.483, -38.456 ], [ 146.481, -38.444 ], [ 146.489, -38.439 ], [ 146.498, -38.446 ], [ 146.526, -38.439 ], [ 146.53, -38.43 ], [ 146.565, -38.429 ], [ 146.566, -38.413 ], [ 146.579, -38.414 ], [ 146.589, -38.366 ], [ 146.609, -38.369 ], [ 146.625, -38.359 ], [ 146.66, -38.365 ], [ 146.666, -38.353 ], [ 146.694, -38.358 ], [ 146.7, -38.326 ], [ 146.71, -38.326 ], [ 146.708, -38.315 ], [ 146.745, -38.316 ], [ 146.748, -38.325 ], [ 146.759, -38.326 ], [ 146.759, -38.32 ], [ 146.796, -38.321 ], [ 146.818, -38.281 ], [ 146.843, -38.285 ], [ 146.845, -38.277 ], [ 146.874, -38.284 ], [ 146.875, -38.293 ], [ 146.931, -38.299 ], [ 146.935, -38.269 ], [ 146.948, -38.252 ], [ 146.914, -38.246 ], [ 146.888, -38.225 ], [ 146.896, -38.182 ], [ 146.906, -38.178 ], [ 146.913, -38.161 ], [ 146.978, -38.171 ], [ 146.989, -38.143 ], [ 146.982, -38.146 ], [ 146.98, -38.139 ], [ 146.987, -38.115 ], [ 147.044, -38.134 ], [ 147.064, -38.122 ], [ 147.082, -38.144 ], [ 147.101, -38.146 ], [ 147.095, -38.133 ], [ 147.09, -38.137 ], [ 147.099, -38.09 ], [ 147.092, -38.089 ], [ 147.095, -38.071 ], [ 147.078, -38.084 ], [ 147.084, -38.074 ], [ 147.069, -38.057 ], [ 147.101, -38.062 ], [ 147.107, -38.055 ], [ 147.105, -38.063 ], [ 147.116, -38.064 ], [ 147.126, -38.014 ], [ 147.14, -38.024 ], [ 147.166, -38.025 ], [ 147.181, -38.0 ], [ 147.178, -37.988 ], [ 147.186, -37.987 ], [ 147.182, -37.975 ], [ 147.198, -37.966 ], [ 147.2, -37.955 ], [ 147.271, -37.963 ], [ 147.283, -37.954 ], [ 147.268, -37.935 ], [ 147.275, -37.921 ], [ 147.306, -37.913 ], [ 147.302, -37.93 ], [ 147.347, -37.936 ], [ 147.352, -37.944 ], [ 147.359, -37.917 ], [ 147.362, -37.918 ], [ 147.365, -37.932 ], [ 147.377, -37.948 ], [ 147.371, -37.962 ], [ 147.381, -37.98 ], [ 147.409, -37.981 ], [ 147.408, -38.003 ], [ 147.464, -38.013 ], [ 147.468, -38.046 ], [ 147.462, -38.05 ], [ 147.467, -38.051 ], [ 147.469, -38.055 ], [ 147.459, -38.058 ], [ 147.461, -38.072 ], [ 147.449, -38.074 ], [ 147.457, -38.079 ], [ 147.484, -38.069 ], [ 147.501, -38.073 ], [ 147.524, -38.053 ], [ 147.571, -38.054 ], [ 147.612, -38.025 ], [ 147.612, -38.012 ], [ 147.652, -37.995 ], [ 147.652, -37.983 ], [ 147.661, -37.976 ], [ 147.729, -37.946 ], [ 147.758, -37.939 ], [ 147.768, -37.947 ], [ 147.769, -37.938 ], [ 147.782, -37.931 ], [ 147.792, -37.938 ], [ 147.816, -37.933 ], [ 147.828, -37.921 ], [ 147.815, -37.917 ], [ 147.836, -37.899 ], [ 147.86, -37.906 ], [ 147.867, -37.889 ], [ 147.883, -37.903 ], [ 147.915, -37.902 ], [ 147.954, -37.888 ], [ 147.972, -37.89 ], [ 147.788, -37.955 ], [ 147.582, -38.076 ], [ 147.478, -38.15 ], [ 147.069, -38.473 ], [ 146.883, -38.635 ], [ 146.887, -38.62 ], [ 146.901, -38.617 ], [ 146.902, -38.608 ], [ 146.913, -38.606 ], [ 146.926, -38.594 ], [ 146.901, -38.606 ], [ 146.9, -38.612 ], [ 146.884, -38.612 ], [ 146.881, -38.604 ], [ 146.844, -38.605 ], [ 146.843, -38.616 ], [ 146.824, -38.61 ], [ 146.799, -38.62 ], [ 146.8, -38.629 ], [ 146.796, -38.623 ], [ 146.785, -38.623 ], [ 146.795, -38.626 ], [ 146.786, -38.633 ], [ 146.786, -38.646 ], [ 146.767, -38.649 ], [ 146.774, -38.661 ], [ 146.756, -38.658 ], [ 146.765, -38.654 ], [ 146.757, -38.651 ], [ 146.74, -38.665 ], [ 146.721, -38.654 ], [ 146.723, -38.648 ], [ 146.713, -38.648 ], [ 146.716, -38.661 ], [ 146.694, -38.676 ], [ 146.679, -38.67 ], [ 146.665, -38.671 ], [ 146.669, -38.656 ], [ 146.653, -38.643 ], [ 146.646, -38.648 ], [ 146.653, -38.659 ], [ 146.64, -38.67 ], [ 146.588, -38.677 ], [ 146.585, -38.682 ], [ 146.594, -38.685 ], [ 146.584, -38.691 ], [ 146.584, -38.681 ], [ 146.577, -38.685 ], [ 146.573, -38.678 ], [ 146.547, -38.684 ], [ 146.567, -38.691 ], [ 146.561, -38.696 ], [ 146.553, -38.689 ], [ 146.556, -38.704 ], [ 146.55, -38.704 ], [ 146.539, -38.699 ], [ 146.539, -38.689 ], [ 146.521, -38.689 ], [ 146.526, -38.619 ], [ 146.478, -38.614 ], [ 146.462, -38.607 ], [ 146.463, -38.599 ], [ 146.45, -38.597 ], [ 146.44, -38.604 ], [ 146.409, -38.603 ], [ 146.385, -38.591 ], [ 146.369, -38.592 ], [ 146.367, -38.576 ], [ 146.314, -38.562 ] ], [ [ 146.491, -38.447 ], [ 146.492, -38.447 ], [ 146.491, -38.446 ], [ 146.491, -38.447 ] ], [ [ 147.459, -38.07 ], [ 147.459, -38.071 ], [ 147.46, -38.07 ], [ 147.459, -38.07 ] ], [ [ 146.54, -38.689 ], [ 146.541, -38.688 ], [ 146.541, -38.686 ], [ 146.539, -38.687 ], [ 146.54, -38.689 ] ], [ [ 146.585, -38.677 ], [ 146.584, -38.677 ], [ 146.584, -38.678 ], [ 146.586, -38.678 ], [ 146.585, -38.677 ] ], [ [ 146.601, -38.677 ], [ 146.602, -38.677 ], [ 146.602, -38.676 ], [ 146.6, -38.676 ], [ 146.601, -38.677 ] ] ], [ [ [ 146.772, -38.684 ], [ 146.774, -38.685 ], [ 146.767, -38.687 ], [ 146.767, -38.686 ], [ 146.772, -38.684 ] ] ], [ [ [ 146.818, -38.682 ], [ 146.82, -38.683 ], [ 146.825, -38.682 ], [ 146.826, -38.685 ], [ 146.811, -38.681 ], [ 146.818, -38.682 ] ] ], [ [ [ 146.824, -38.681 ], [ 146.824, -38.682 ], [ 146.823, -38.682 ], [ 146.823, -38.681 ], [ 146.824, -38.681 ] ] ], [ [ [ 146.779, -38.681 ], [ 146.797, -38.676 ], [ 146.822, -38.678 ], [ 146.774, -38.684 ], [ 146.779, -38.681 ] ] ], [ [ [ 146.823, -38.679 ], [ 146.823, -38.678 ], [ 146.824, -38.678 ], [ 146.824, -38.679 ], [ 146.823, -38.679 ] ] ], [ [ [ 146.813, -38.677 ], [ 146.81, -38.677 ], [ 146.81, -38.676 ], [ 146.814, -38.676 ], [ 146.813, -38.677 ] ] ], [ [ [ 146.762, -38.674 ], [ 146.761, -38.674 ], [ 146.761, -38.673 ], [ 146.762, -38.673 ], [ 146.762, -38.674 ] ] ], [ [ [ 146.793, -38.666 ], [ 146.795, -38.666 ], [ 146.795, -38.667 ], [ 146.793, -38.667 ], [ 146.793, -38.666 ] ] ], [ [ [ 146.798, -38.667 ], [ 146.797, -38.667 ], [ 146.797, -38.666 ], [ 146.798, -38.666 ], [ 146.798, -38.667 ] ] ], [ [ [ 146.808, -38.666 ], [ 146.807, -38.665 ], [ 146.81, -38.665 ], [ 146.81, -38.666 ], [ 146.808, -38.666 ] ] ], [ [ [ 146.821, -38.664 ], [ 146.821, -38.665 ], [ 146.82, -38.665 ], [ 146.821, -38.664 ] ] ], [ [ [ 146.824, -38.663 ], [ 146.825, -38.663 ], [ 146.824, -38.664 ], [ 146.824, -38.663 ] ] ], [ [ [ 146.816, -38.663 ], [ 146.816, -38.664 ], [ 146.812, -38.665 ], [ 146.814, -38.662 ], [ 146.816, -38.663 ] ] ], [ [ [ 146.788, -38.67 ], [ 146.786, -38.668 ], [ 146.796, -38.656 ], [ 146.812, -38.658 ], [ 146.797, -38.661 ], [ 146.788, -38.67 ] ] ], [ [ [ 146.826, -38.663 ], [ 146.825, -38.663 ], [ 146.825, -38.662 ], [ 146.826, -38.662 ], [ 146.826, -38.663 ] ] ], [ [ [ 146.828, -38.662 ], [ 146.827, -38.662 ], [ 146.827, -38.661 ], [ 146.828, -38.661 ], [ 146.828, -38.662 ] ] ], [ [ [ 146.822, -38.661 ], [ 146.821, -38.661 ], [ 146.821, -38.66 ], [ 146.822, -38.66 ], [ 146.822, -38.661 ] ] ], [ [ [ 146.836, -38.671 ], [ 146.852, -38.656 ], [ 146.835, -38.654 ], [ 146.879, -38.638 ], [ 146.833, -38.68 ], [ 146.829, -38.68 ], [ 146.836, -38.671 ] ], [ [ 146.853, -38.655 ], [ 146.854, -38.655 ], [ 146.855, -38.653 ], [ 146.853, -38.654 ], [ 146.853, -38.655 ] ], [ [ 146.856, -38.653 ], [ 146.858, -38.653 ], [ 146.858, -38.652 ], [ 146.855, -38.652 ], [ 146.856, -38.653 ] ] ], [ [ [ 146.813, -38.658 ], [ 146.815, -38.658 ], [ 146.815, -38.659 ], [ 146.813, -38.659 ], [ 146.813, -38.658 ] ] ], [ [ [ 146.783, -38.658 ], [ 146.778, -38.66 ], [ 146.777, -38.657 ], [ 146.779, -38.658 ], [ 146.783, -38.658 ] ] ], [ [ [ 146.774, -38.657 ], [ 146.777, -38.657 ], [ 146.777, -38.658 ], [ 146.773, -38.659 ], [ 146.774, -38.657 ] ] ], [ [ [ 146.806, -38.655 ], [ 146.806, -38.656 ], [ 146.8, -38.656 ], [ 146.8, -38.655 ], [ 146.806, -38.655 ] ] ], [ [ [ 146.872, -38.632 ], [ 146.874, -38.631 ], [ 146.876, -38.633 ], [ 146.873, -38.633 ], [ 146.872, -38.632 ] ] ], [ [ [ 146.803, -38.62 ], [ 146.819, -38.613 ], [ 146.826, -38.62 ], [ 146.843, -38.618 ], [ 146.851, -38.612 ], [ 146.881, -38.616 ], [ 146.878, -38.627 ], [ 146.815, -38.648 ], [ 146.822, -38.651 ], [ 146.794, -38.646 ], [ 146.791, -38.632 ], [ 146.8, -38.634 ], [ 146.803, -38.62 ] ], [ [ 146.825, -38.62 ], [ 146.825, -38.621 ], [ 146.826, -38.621 ], [ 146.826, -38.62 ], [ 146.825, -38.62 ] ] ], [ [ [ 146.874, -38.63 ], [ 146.876, -38.63 ], [ 146.876, -38.631 ], [ 146.874, -38.631 ], [ 146.874, -38.63 ] ] ], [ [ [ 146.878, -38.631 ], [ 146.877, -38.632 ], [ 146.879, -38.628 ], [ 146.879, -38.629 ], [ 146.878, -38.631 ] ] ], [ [ [ 146.886, -38.614 ], [ 146.886, -38.613 ], [ 146.887, -38.613 ], [ 146.887, -38.614 ], [ 146.886, -38.614 ] ] ], [ [ [ 146.879, -38.611 ], [ 146.879, -38.61 ], [ 146.882, -38.61 ], [ 146.882, -38.611 ], [ 146.879, -38.611 ] ] ], [ [ [ 146.981, -38.146 ], [ 146.979, -38.146 ], [ 146.979, -38.145 ], [ 146.981, -38.145 ], [ 146.981, -38.146 ] ] ], [ [ [ 147.364, -37.921 ], [ 147.363, -37.921 ], [ 147.363, -37.92 ], [ 147.364, -37.921 ] ] ] ] } },
{ "type": "Feature", "properties": { "pha_code": 20249.0, "pha_name": "Sale" }, "geometry": { "type": "Polygon", "coordinates": [ [ [ 147.022, -38.103 ], [ 147.027, -38.078 ], [ 147.037, -38.079 ], [ 147.039, -38.068 ], [ 147.063, -38.074 ], [ 147.064, -38.067 ], [ 147.078, -38.069 ], [ 147.081, -38.085 ], [ 147.095, -38.071 ], [ 147.092, -38.089 ], [ 147.099, -38.09 ], [ 147.09, -38.137 ], [ 147.095, -38.133 ], [ 147.101, -38.146 ], [ 147.082, -38.144 ], [ 147.064, -38.122 ], [ 147.044, -38.134 ], [ 146.992, -38.121 ], [ 147.022, -38.103 ] ] ] } },
{ "type": "Feature", "properties": { "pha_code": 20250.0, "pha_name": "Ararat Region" }, "geometry": { "type": "Polygon", "coordinates": [ [ [ 142.427, -37.458 ], [ 142.479, -37.4 ], [ 142.495, -37.367 ], [ 142.5, -37.32 ], [ 142.516, -37.293 ], [ 142.599, -37.293 ], [ 142.581, -37.273 ], [ 142.597, -37.262 ], [ 142.596, -37.218 ], [ 142.543, -37.157 ], [ 142.717, -37.157 ], [ 142.717, -37.143 ], [ 142.757, -37.151 ], [ 142.767, -37.142 ], [ 142.768, -37.154 ], [ 142.782, -37.158 ], [ 142.784, -37.169 ], [ 142.832, -37.175 ], [ 142.838, -37.192 ], [ 142.919, -37.204 ], [ 142.919, -37.224 ], [ 142.91, -37.222 ], [ 142.908, -37.23 ], [ 142.89, -37.226 ], [ 142.878, -37.255 ], [ 142.884, -37.254 ], [ 142.88, -37.261 ], [ 142.91, -37.291 ], [ 142.911, -37.296 ], [ 142.898, -37.296 ], [ 142.898, -37.309 ], [ 142.923, -37.31 ], [ 142.913, -37.326 ], [ 142.939, -37.329 ], [ 142.941, -37.315 ], [ 142.988, -37.32 ], [ 142.993, -37.291 ], [ 143.069, -37.304 ], [ 143.081, -37.237 ], [ 143.024, -37.231 ], [ 143.027, -37.216 ], [ 142.954, -37.208 ], [ 142.961, -37.167 ], [ 142.995, -37.177 ], [ 142.994, -37.183 ], [ 143.048, -37.19 ], [ 143.059, -37.187 ], [ 143.063, -37.167 ], [ 143.073, -37.168 ], [ 143.075, -37.175 ], [ 143.09, -37.178 ], [ 143.088, -37.198 ], [ 143.145, -37.185 ], [ 143.163, -37.205 ], [ 143.162, -37.229 ], [ 143.201, -37.232 ], [ 143.232, -37.208 ], [ 143.274, -37.284 ], [ 143.257, -37.28 ], [ 143.227, -37.29 ], [ 143.227, -37.314 ], [ 143.241, -37.314 ], [ 143.256, -37.358 ], [ 143.253, -37.366 ], [ 143.231, -37.358 ], [ 143.221, -37.38 ], [ 143.209, -37.376 ], [ 143.209, -37.407 ], [ 143.221, -37.407 ], [ 143.213, -37.413 ], [ 143.222, -37.414 ], [ 143.207, -37.429 ], [ 143.197, -37.426 ], [ 143.179, -37.524 ], [ 143.193, -37.526 ], [ 143.17, -37.561 ], [ 143.153, -37.573 ], [ 143.183, -37.594 ], [ 143.174, -37.635 ], [ 143.156, -37.633 ], [ 143.15, -37.665 ], [ 143.129, -37.672 ], [ 143.121, -37.707 ], [ 143.085, -37.703 ], [ 143.072, -37.719 ], [ 143.181, -37.732 ], [ 143.168, -37.744 ], [ 143.166, -37.765 ], [ 143.149, -37.762 ], [ 143.132, -37.779 ], [ 143.117, -37.774 ], [ 143.108, -37.779 ], [ 143.108, -37.801 ], [ 143.095, -37.818 ], [ 143.106, -37.834 ], [ 143.076, -37.816 ], [ 143.064, -37.814 ], [ 143.062, -37.825 ], [ 143.031, -37.815 ], [ 143.035, -37.793 ], [ 143.013, -37.787 ], [ 143.017, -37.767 ], [ 143.007, -37.766 ], [ 142.938, -37.802 ], [ 142.927, -37.801 ], [ 142.879, -37.837 ], [ 142.879, -37.808 ], [ 142.861, -37.806 ], [ 142.842, -37.808 ], [ 142.84, -37.822 ], [ 142.757, -37.813 ], [ 142.702, -37.835 ], [ 142.665, -37.83 ], [ 142.673, -37.817 ], [ 142.615, -37.81 ], [ 142.613, -37.792 ], [ 142.597, -37.781 ], [ 142.59, -37.765 ], [ 142.595, -37.719 ], [ 142.602, -37.7 ], [ 142.616, -37.689 ], [ 142.619, -37.647 ], [ 142.587, -37.636 ], [ 142.587, -37.627 ], [ 142.353, -37.598 ], [ 142.367, -37.571 ], [ 142.364, -37.544 ], [ 142.379, -37.51 ], [ 142.393, -37.493 ], [ 142.408, -37.489 ], [ 142.427, -37.468 ], [ 142.427, -37.458 ] ] ] } },
{ "type": "Feature", "properties": { "pha_code": 20251.0, "pha_name": "Ararat/ St Arnaud/ Stawell" }, "geometry": { "type": "Polygon", "coordinates": [ [ [ 142.893, -37.273 ], [ 142.88, -37.261 ], [ 142.884, -37.254 ], [ 142.878, -37.255 ], [ 142.887, -37.243 ], [ 142.885, -37.232 ], [ 142.919, -37.224 ], [ 142.919, -37.204 ], [ 142.838, -37.192 ], [ 142.832, -37.175 ], [ 142.784, -37.169 ], [ 142.782, -37.158 ], [ 142.768, -37.154 ], [ 142.767, -37.142 ], [ 142.757, -37.151 ], [ 142.717, -37.143 ], [ 142.717, -37.157 ], [ 142.543, -37.157 ], [ 142.596, -37.218 ], [ 142.597, -37.262 ], [ 142.581, -37.273 ], [ 142.599, -37.293 ], [ 142.501, -37.293 ], [ 142.466, -37.282 ], [ 142.455, -37.265 ], [ 142.423, -37.26 ], [ 142.403, -37.237 ], [ 142.359, -37.226 ], [ 142.329, -37.199 ], [ 142.241, -37.15 ], [ 142.235, -37.107 ], [ 142.271, -37.107 ], [ 142.288, -37.089 ], [ 142.308, -37.098 ], [ 142.308, -37.086 ], [ 142.333, -37.072 ], [ 142.345, -37.082 ], [ 142.375, -37.059 ], [ 142.407, -37.058 ], [ 142.407, -37.046 ], [ 142.391, -37.046 ], [ 142.396, -37.028 ], [ 142.411, -37.035 ], [ 142.405, -37.016 ], [ 142.368, -37.009 ], [ 142.361, -37.021 ], [ 142.335, -37.019 ], [ 142.336, -37.011 ], [ 142.347, -37.014 ], [ 142.34, -36.991 ], [ 142.351, -36.991 ], [ 142.352, -36.98 ], [ 142.395, -36.978 ], [ 142.358, -36.973 ], [ 142.358, -36.966 ], [ 142.376, -36.966 ], [ 142.379, -36.948 ], [ 142.375, -36.927 ], [ 142.358, -36.927 ], [ 142.358, -36.903 ], [ 142.374, -36.903 ], [ 142.374, -36.89 ], [ 142.358, -36.889 ], [ 142.353, -36.897 ], [ 142.358, -36.881 ], [ 142.382, -36.881 ], [ 142.377, -36.869 ], [ 142.398, -36.869 ], [ 142.432, -36.889 ], [ 142.431, -36.869 ], [ 142.442, -36.869 ], [ 142.449, -36.875 ], [ 142.449, -36.898 ], [ 142.456, -36.898 ], [ 142.456, -36.917 ], [ 142.48, -36.917 ], [ 142.48, -36.898 ], [ 142.493, -36.898 ], [ 142.493, -36.907 ], [ 142.507, -36.907 ], [ 142.511, -36.915 ], [ 142.498, -36.917 ], [ 142.498, -36.942 ], [ 142.512, -36.94 ], [ 142.512, -36.949 ], [ 142.559, -36.943 ], [ 142.559, -36.88 ], [ 142.571, -36.879 ], [ 142.519, -36.836 ], [ 142.502, -36.805 ], [ 142.531, -36.797 ], [ 142.531, -36.782 ], [ 142.631, -36.782 ], [ 142.631, -36.761 ], [ 142.732, -36.761 ], [ 142.712, -36.736 ], [ 142.714, -36.721 ], [ 142.764, -36.657 ], [ 142.795, -36.64 ], [ 142.816, -36.594 ], [ 142.816, -36.572 ], [ 142.781, -36.572 ], [ 142.732, -36.551 ], [ 142.732, -36.405 ], [ 142.799, -36.408 ], [ 142.799, -36.438 ], [ 142.817, -36.437 ], [ 142.817, -36.46 ], [ 142.823, -36.463 ], [ 143.02, -36.483 ], [ 143.021, -36.474 ], [ 143.051, -36.477 ], [ 143.057, -36.469 ], [ 143.045, -36.443 ], [ 143.133, -36.449 ], [ 143.139, -36.413 ], [ 143.147, -36.41 ], [ 143.289, -36.408 ], [ 143.292, -36.435 ], [ 143.3, -36.436 ], [ 143.334, -36.513 ], [ 143.353, -36.514 ], [ 143.349, -36.518 ], [ 143.379, -36.539 ], [ 143.421, -36.557 ], [ 143.44, -36.591 ], [ 143.438, -36.614 ], [ 143.451, -36.625 ], [ 143.464, -36.618 ], [ 143.486, -36.626 ], [ 143.502, -36.658 ], [ 143.497, -36.688 ], [ 143.463, -36.728 ], [ 143.46, -36.748 ], [ 143.508, -36.81 ], [ 143.499, -36.821 ], [ 143.5, -36.838 ], [ 143.51, -36.848 ], [ 143.508, -36.879 ], [ 143.496, -36.891 ], [ 143.488, -36.888 ], [ 143.485, -36.901 ], [ 143.467, -36.911 ], [ 143.472, -36.937 ], [ 143.41, -36.928 ], [ 143.373, -36.934 ], [ 143.374, -36.926 ], [ 143.352, -36.924 ], [ 143.353, -36.915 ], [ 143.243, -36.902 ], [ 143.243, -36.91 ], [ 143.182, -36.898 ], [ 143.181, -36.905 ], [ 143.128, -36.899 ], [ 143.124, -36.906 ], [ 143.107, -36.904 ], [ 143.096, -36.963 ], [ 143.09, -36.962 ], [ 143.105, -36.979 ], [ 143.087, -36.977 ], [ 143.087, -36.99 ], [ 143.103, -37.002 ], [ 143.093, -37.039 ], [ 143.101, -37.053 ], [ 143.095, -37.063 ], [ 143.101, -37.101 ], [ 143.086, -37.125 ], [ 143.098, -37.143 ], [ 143.096, -37.156 ], [ 143.067, -37.147 ], [ 143.059, -37.187 ], [ 143.049, -37.19 ], [ 142.994, -37.183 ], [ 142.995, -37.177 ], [ 142.961, -37.167 ], [ 142.954, -37.208 ], [ 143.027, -37.216 ], [ 143.024, -37.231 ], [ 143.081, -37.237 ], [ 143.069, -37.304 ], [ 142.993, -37.291 ], [ 142.988, -37.32 ], [ 142.941, -37.315 ], [ 142.939, -37.329 ], [ 142.913, -37.326 ], [ 142.923, -37.31 ], [ 142.898, -37.309 ], [ 142.898, -37.296 ], [ 142.911, -37.296 ], [ 142.893, -37.273 ] ] ] } },
{ "type": "Feature", "properties": { "pha_code": 20252.0, "pha_name": "Horsham" }, "geometry": { "type": "Polygon", "coordinates": [ [ [ 142.148, -36.747 ], [ 142.169, -36.742 ], [ 142.169, -36.697 ], [ 142.224, -36.697 ], [ 142.24, -36.674 ], [ 142.264, -36.674 ], [ 142.267, -36.753 ], [ 142.231, -36.753 ], [ 142.231, -36.782 ], [ 142.177, -36.782 ], [ 142.148, -36.747 ] ] ] } },
{ "type": "Feature", "properties": { "pha_code": 20253.0, "pha_name": "Horsham Region" }, "geometry": { "type": "MultiPolygon", "coordinates": [ [ [ [ 141.72, -36.749 ], [ 141.698, -36.75 ], [ 141.698, -36.717 ], [ 141.731, -36.718 ], [ 141.741, -36.652 ], [ 141.816, -36.66 ], [ 141.838, -36.554 ], [ 142.004, -36.567 ], [ 142.015, -36.535 ], [ 142.025, -36.532 ], [ 142.031, -36.517 ], [ 142.018, -36.502 ], [ 142.02, -36.494 ], [ 142.168, -36.492 ], [ 142.165, -36.385 ], [ 142.225, -36.396 ], [ 142.226, -36.411 ], [ 142.327, -36.405 ], [ 142.327, -36.44 ], [ 142.343, -36.44 ], [ 142.351, -36.449 ], [ 142.405, -36.449 ], [ 142.396, -36.458 ], [ 142.404, -36.495 ], [ 142.392, -36.521 ], [ 142.397, -36.537 ], [ 142.382, -36.573 ], [ 142.389, -36.59 ], [ 142.372, -36.612 ], [ 142.37, -36.646 ], [ 142.383, -36.657 ], [ 142.382, -36.673 ], [ 142.396, -36.678 ], [ 142.4, -36.7 ], [ 142.463, -36.735 ], [ 142.475, -36.753 ], [ 142.471, -36.768 ], [ 142.476, -36.769 ], [ 142.477, -36.772 ], [ 142.481, -36.773 ], [ 142.483, -36.793 ], [ 142.51, -36.811 ], [ 142.508, -36.823 ], [ 142.537, -36.855 ], [ 142.571, -36.879 ], [ 142.559, -36.88 ], [ 142.559, -36.943 ], [ 142.512, -36.949 ], [ 142.512, -36.94 ], [ 142.498, -36.942 ], [ 142.498, -36.917 ], [ 142.511, -36.915 ], [ 142.507, -36.907 ], [ 142.493, -36.907 ], [ 142.493, -36.898 ], [ 142.48, -36.898 ], [ 142.48, -36.917 ], [ 142.456, -36.917 ], [ 142.456, -36.898 ], [ 142.449, -36.898 ], [ 142.449, -36.875 ], [ 142.442, -36.869 ], [ 142.431, -36.869 ], [ 142.432, -36.889 ], [ 142.398, -36.869 ], [ 142.377, -36.869 ], [ 142.382, -36.881 ], [ 142.353, -36.885 ], [ 142.353, -36.897 ], [ 142.358, -36.889 ], [ 142.374, -36.89 ], [ 142.374, -36.903 ], [ 142.358, -36.903 ], [ 142.358, -36.927 ], [ 142.375, -36.927 ], [ 142.379, -36.948 ], [ 142.376, -36.966 ], [ 142.358, -36.966 ], [ 142.358, -36.973 ], [ 142.395, -36.978 ], [ 142.352, -36.98 ], [ 142.351, -36.991 ], [ 142.34, -36.991 ], [ 142.347, -37.014 ], [ 142.336, -37.011 ], [ 142.335, -37.019 ], [ 142.361, -37.021 ], [ 142.368, -37.009 ], [ 142.405, -37.016 ], [ 142.411, -37.035 ], [ 142.396, -37.028 ], [ 142.391, -37.046 ], [ 142.407, -37.046 ], [ 142.407, -37.058 ], [ 142.375, -37.059 ], [ 142.345, -37.082 ], [ 142.333, -37.072 ], [ 142.308, -37.086 ], [ 142.308, -37.098 ], [ 142.288, -37.089 ], [ 142.271, -37.107 ], [ 142.235, -37.107 ], [ 142.235, -37.128 ], [ 142.222, -37.121 ], [ 142.206, -37.087 ], [ 142.188, -37.113 ], [ 142.165, -37.106 ], [ 142.114, -37.112 ], [ 142.11, -37.161 ], [ 142.092, -37.171 ], [ 142.089, -37.213 ], [ 142.08, -37.224 ], [ 141.997, -37.224 ], [ 141.989, -37.212 ], [ 141.945, -37.211 ], [ 141.938, -37.2 ], [ 141.914, -37.202 ], [ 141.912, -37.189 ], [ 141.936, -37.171 ], [ 141.928, -37.17 ], [ 141.935, -37.166 ], [ 141.924, -37.153 ], [ 141.924, -37.121 ], [ 141.911, -37.113 ], [ 141.903, -37.124 ], [ 141.909, -37.135 ], [ 141.839, -37.153 ], [ 141.835, -37.16 ], [ 141.842, -37.167 ], [ 141.834, -37.172 ], [ 141.811, -37.168 ], [ 141.815, -37.175 ], [ 141.809, -37.177 ], [ 141.8, -37.167 ], [ 141.796, -37.175 ], [ 141.783, -37.169 ], [ 141.777, -37.172 ], [ 141.781, -37.175 ], [ 141.776, -37.177 ], [ 141.765, -37.149 ], [ 141.781, -37.045 ], [ 141.781, -37.028 ], [ 141.771, -37.025 ], [ 141.781, -37.023 ], [ 141.792, -36.98 ], [ 141.774, -36.972 ], [ 141.78, -36.967 ], [ 141.658, -36.956 ], [ 141.669, -36.884 ], [ 141.707, -36.884 ], [ 141.712, -36.851 ], [ 141.703, -36.85 ], [ 141.701, -36.809 ], [ 141.702, -36.8 ], [ 141.718, -36.801 ], [ 141.726, -36.75 ], [ 141.72, -36.749 ] ], [ [ 142.071, -36.497 ], [ 142.079, -36.503 ], [ 142.081, -36.5 ], [ 142.071, -36.496 ], [ 142.071, -36.497 ] ], [ [ 142.148, -36.748 ], [ 142.177, -36.782 ], [ 142.231, -36.782 ], [ 142.231, -36.753 ], [ 142.267, -36.753 ], [ 142.264, -36.674 ], [ 142.24, -36.674 ], [ 142.224, -36.697 ], [ 142.169, -36.697 ], [ 142.169, -36.742 ], [ 142.148, -36.748 ] ] ], [ [ [ 142.478, -36.771 ], [ 142.479, -36.771 ], [ 142.479, -36.772 ], [ 142.478, -36.772 ], [ 142.478, -36.771 ] ] ] ] } },
{ "type": "Feature", "properties": { "pha_code": 20254.0, "pha_name": "Nhill Region/ West Wimmera/ Yarriambiack" }, "geometry": { "type": "MultiPolygon", "coordinates": [ [ [ [ 140.97, -36.866 ], [ 140.963, -35.749 ], [ 141.5, -35.749 ], [ 141.499, -35.499 ], [ 141.997, -35.498 ], [ 141.997, -35.464 ], [ 142.101, -35.466 ], [ 142.131, -35.478 ], [ 142.167, -35.478 ], [ 142.169, -35.45 ], [ 142.207, -35.45 ], [ 142.174, -35.376 ], [ 142.182, -35.367 ], [ 142.174, -35.362 ], [ 142.179, -35.354 ], [ 142.199, -35.354 ], [ 142.182, -35.334 ], [ 142.181, -35.322 ], [ 142.189, -35.323 ], [ 142.195, -35.313 ], [ 142.244, -35.311 ], [ 142.289, -35.291 ], [ 142.314, -35.297 ], [ 142.403, -35.295 ], [ 142.403, -35.303 ], [ 142.412, -35.304 ], [ 142.536, -35.303 ], [ 142.543, -35.476 ], [ 142.722, -35.475 ], [ 142.722, -35.736 ], [ 142.601, -35.736 ], [ 142.599, -35.933 ], [ 142.604, -36.12 ], [ 142.632, -36.125 ], [ 142.681, -36.096 ], [ 142.732, -36.103 ], [ 142.728, -36.148 ], [ 142.748, -36.154 ], [ 142.746, -36.164 ], [ 142.736, -36.166 ], [ 142.732, -36.21 ], [ 142.725, -36.21 ], [ 142.728, -36.239 ], [ 142.722, -36.239 ], [ 142.722, -36.262 ], [ 142.743, -36.265 ], [ 142.74, -36.283 ], [ 142.727, -36.281 ], [ 142.719, -36.307 ], [ 142.732, -36.299 ], [ 142.732, -36.376 ], [ 142.743, -36.393 ], [ 142.732, -36.397 ], [ 142.732, -36.551 ], [ 142.781, -36.572 ], [ 142.816, -36.572 ], [ 142.815, -36.598 ], [ 142.795, -36.64 ], [ 142.764, -36.657 ], [ 142.714, -36.721 ], [ 142.712, -36.736 ], [ 142.732, -36.761 ], [ 142.631, -36.761 ], [ 142.631, -36.782 ], [ 142.531, -36.782 ], [ 142.531, -36.797 ], [ 142.513, -36.797 ], [ 142.513, -36.805 ], [ 142.484, -36.794 ], [ 142.481, -36.773 ], [ 142.476, -36.769 ], [ 142.471, -36.768 ], [ 142.475, -36.753 ], [ 142.463, -36.735 ], [ 142.4, -36.7 ], [ 142.396, -36.678 ], [ 142.382, -36.673 ], [ 142.383, -36.657 ], [ 142.37, -36.646 ], [ 142.372, -36.612 ], [ 142.389, -36.59 ], [ 142.382, -36.573 ], [ 142.397, -36.537 ], [ 142.392, -36.521 ], [ 142.404, -36.495 ], [ 142.396, -36.458 ], [ 142.405, -36.449 ], [ 142.351, -36.449 ], [ 142.343, -36.44 ], [ 142.327, -36.44 ], [ 142.327, -36.405 ], [ 142.226, -36.411 ], [ 142.225, -36.396 ], [ 142.165, -36.385 ], [ 142.168, -36.492 ], [ 142.02, -36.494 ], [ 142.018, -36.502 ], [ 142.031, -36.517 ], [ 142.025, -36.532 ], [ 142.015, -36.535 ], [ 142.004, -36.567 ], [ 141.838, -36.554 ], [ 141.816, -36.66 ], [ 141.741, -36.652 ], [ 141.731, -36.718 ], [ 141.698, -36.717 ], [ 141.698, -36.75 ], [ 141.726, -36.75 ], [ 141.718, -36.801 ], [ 141.702, -36.8 ], [ 141.703, -36.85 ], [ 141.712, -36.851 ], [ 141.707, -36.884 ], [ 141.669, -36.884 ], [ 141.658, -36.956 ], [ 141.78, -36.967 ], [ 141.774, -36.972 ], [ 141.792, -36.98 ], [ 141.781, -37.023 ], [ 141.771, -37.025 ], [ 141.781, -37.028 ], [ 141.781, -37.045 ], [ 141.765, -37.149 ], [ 141.776, -37.18 ], [ 141.753, -37.173 ], [ 141.752, -37.179 ], [ 141.74, -37.175 ], [ 141.744, -37.181 ], [ 141.73, -37.178 ], [ 141.726, -37.188 ], [ 141.706, -37.185 ], [ 141.693, -37.165 ], [ 141.671, -37.161 ], [ 141.673, -37.152 ], [ 141.64, -37.159 ], [ 141.638, -37.166 ], [ 141.631, -37.155 ], [ 141.616, -37.169 ], [ 141.597, -37.161 ], [ 141.58, -37.186 ], [ 141.491, -37.221 ], [ 141.496, -37.228 ], [ 141.49, -37.237 ], [ 141.497, -37.236 ], [ 141.492, -37.251 ], [ 141.524, -37.275 ], [ 141.518, -37.281 ], [ 141.531, -37.298 ], [ 141.432, -37.298 ], [ 141.432, -37.372 ], [ 141.221, -37.349 ], [ 141.221, -37.365 ], [ 141.249, -37.369 ], [ 141.281, -37.395 ], [ 141.272, -37.402 ], [ 141.269, -37.422 ], [ 141.259, -37.423 ], [ 141.264, -37.43 ], [ 141.168, -37.42 ], [ 141.098, -37.45 ], [ 141.046, -37.402 ], [ 140.973, -37.358 ], [ 140.97, -36.866 ] ] ], [ [ [ 142.479, -36.773 ], [ 142.478, -36.772 ], [ 142.479, -36.772 ], [ 142.479, -36.773 ] ] ], [ [ [ 142.079, -36.503 ], [ 142.074, -36.5 ], [ 142.071, -36.496 ], [ 142.081, -36.5 ], [ 142.079, -36.503 ] ] ] ] } },
{ "type": "Feature", "properties": { "pha_code": 20255.0, "pha_name": "Irymple/ Mildura Region" }, "geometry": { "type": "MultiPolygon", "coordinates": [ [ [ [ 141.009, -34.044 ], [ 141.026, -34.06 ], [ 141.023, -34.052 ], [ 141.037, -34.036 ], [ 141.044, -34.043 ], [ 141.042, -34.061 ], [ 141.066, -34.05 ], [ 141.073, -34.064 ], [ 141.086, -34.063 ], [ 141.089, -34.077 ], [ 141.098, -34.07 ], [ 141.087, -34.058 ], [ 141.095, -34.05 ], [ 141.119, -34.065 ], [ 141.136, -34.058 ], [ 141.143, -34.064 ], [ 141.153, -34.054 ], [ 141.154, -34.064 ], [ 141.144, -34.067 ], [ 141.153, -34.068 ], [ 141.153, -34.082 ], [ 141.165, -34.084 ], [ 141.175, -34.073 ], [ 141.183, -34.092 ], [ 141.194, -34.09 ], [ 141.187, -34.079 ], [ 141.205, -34.062 ], [ 141.222, -34.061 ], [ 141.23, -34.074 ], [ 141.242, -34.061 ], [ 141.243, -34.088 ], [ 141.26, -34.078 ], [ 141.283, -34.104 ], [ 141.299, -34.107 ], [ 141.3, -34.114 ], [ 141.317, -34.112 ], [ 141.313, -34.124 ], [ 141.326, -34.127 ], [ 141.325, -34.139 ], [ 141.347, -34.124 ], [ 141.35, -34.111 ], [ 141.361, -34.111 ], [ 141.369, -34.127 ], [ 141.369, -34.12 ], [ 141.382, -34.122 ], [ 141.388, -34.135 ], [ 141.409, -34.128 ], [ 141.406, -34.145 ], [ 141.414, -34.151 ], [ 141.433, -34.145 ], [ 141.432, -34.159 ], [ 141.444, -34.168 ], [ 141.449, -34.161 ], [ 141.467, -34.166 ], [ 141.471, -34.159 ], [ 141.485, -34.163 ], [ 141.488, -34.154 ], [ 141.498, -34.156 ], [ 141.519, -34.18 ], [ 141.507, -34.189 ], [ 141.519, -34.203 ], [ 141.506, -34.21 ], [ 141.511, -34.217 ], [ 141.536, -34.209 ], [ 141.534, -34.191 ], [ 141.545, -34.201 ], [ 141.559, -34.191 ], [ 141.582, -34.199 ], [ 141.589, -34.187 ], [ 141.604, -34.191 ], [ 141.603, -34.182 ], [ 141.589, -34.178 ], [ 141.604, -34.167 ], [ 141.596, -34.155 ], [ 141.603, -34.149 ], [ 141.621, -34.155 ], [ 141.613, -34.138 ], [ 141.628, -34.146 ], [ 141.633, -34.121 ], [ 141.655, -34.117 ], [ 141.677, -34.101 ], [ 141.708, -34.096 ], [ 141.72, -34.115 ], [ 141.73, -34.106 ], [ 141.726, -34.092 ], [ 141.733, -34.091 ], [ 141.748, -34.104 ], [ 141.761, -34.097 ], [ 141.753, -34.105 ], [ 141.756, -34.112 ], [ 141.779, -34.102 ], [ 141.776, -34.117 ], [ 141.801, -34.115 ], [ 141.842, -34.133 ], [ 141.851, -34.124 ], [ 141.852, -34.131 ], [ 141.867, -34.128 ], [ 141.875, -34.137 ], [ 141.889, -34.125 ], [ 141.885, -34.115 ], [ 141.899, -34.111 ], [ 141.922, -34.114 ], [ 141.928, -34.137 ], [ 141.939, -34.136 ], [ 141.945, -34.119 ], [ 141.969, -34.137 ], [ 141.971, -34.116 ], [ 141.984, -34.112 ], [ 141.997, -34.136 ], [ 142.0, -34.274 ], [ 142.044, -34.216 ], [ 142.071, -34.224 ], [ 142.075, -34.249 ], [ 142.064, -34.248 ], [ 142.064, -34.257 ], [ 142.086, -34.273 ], [ 142.204, -34.184 ], [ 142.22, -34.181 ], [ 142.228, -34.189 ], [ 142.229, -34.208 ], [ 142.244, -34.209 ], [ 142.235, -34.223 ], [ 142.244, -34.231 ], [ 142.244, -34.246 ], [ 142.232, -34.256 ], [ 142.244, -34.259 ], [ 142.249, -34.27 ], [ 142.15, -34.272 ], [ 142.111, -34.285 ], [ 142.085, -34.285 ], [ 142.093, -34.332 ], [ 142.107, -34.341 ], [ 142.108, -34.377 ], [ 142.209, -34.362 ], [ 142.269, -34.407 ], [ 142.273, -34.39 ], [ 142.292, -34.4 ], [ 142.315, -34.4 ], [ 142.318, -34.392 ], [ 142.335, -34.401 ], [ 142.35, -34.4 ], [ 142.361, -34.411 ], [ 142.352, -34.423 ], [ 142.364, -34.422 ], [ 142.36, -34.433 ], [ 142.368, -34.436 ], [ 142.353, -34.47 ], [ 142.38, -34.467 ], [ 142.384, -34.479 ], [ 142.366, -34.483 ], [ 142.36, -34.5 ], [ 142.37, -34.504 ], [ 142.378, -34.491 ], [ 142.395, -34.493 ], [ 142.375, -34.516 ], [ 142.4, -34.522 ], [ 142.37, -34.526 ], [ 142.368, -34.532 ], [ 142.378, -34.532 ], [ 142.376, -34.541 ], [ 142.389, -34.549 ], [ 142.405, -34.541 ], [ 142.408, -34.569 ], [ 142.426, -34.562 ], [ 142.43, -34.575 ], [ 142.445, -34.575 ], [ 142.453, -34.585 ], [ 142.459, -34.581 ], [ 142.449, -34.559 ], [ 142.466, -34.562 ], [ 142.473, -34.577 ], [ 142.458, -34.588 ], [ 142.471, -34.592 ], [ 142.461, -34.606 ], [ 142.468, -34.613 ], [ 142.458, -34.617 ], [ 142.464, -34.627 ], [ 142.452, -34.634 ], [ 142.484, -34.636 ], [ 142.472, -34.65 ], [ 142.476, -34.673 ], [ 142.494, -34.672 ], [ 142.486, -34.664 ], [ 142.5, -34.665 ], [ 142.505, -34.657 ], [ 142.516, -34.664 ], [ 142.497, -34.678 ], [ 142.514, -34.691 ], [ 142.499, -34.703 ], [ 142.519, -34.702 ], [ 142.51, -34.714 ], [ 142.513, -34.724 ], [ 142.5, -34.735 ], [ 142.513, -34.742 ], [ 142.508, -34.75 ], [ 142.517, -34.755 ], [ 142.519, -34.864 ], [ 142.635, -34.864 ], [ 142.644, -34.873 ], [ 142.641, -34.884 ], [ 142.697, -34.887 ], [ 142.697, -35.115 ], [ 142.743, -35.115 ], [ 142.735, -35.198 ], [ 142.611, -35.194 ], [ 142.612, -35.305 ], [ 142.412, -35.304 ], [ 142.403, -35.303 ], [ 142.403, -35.295 ], [ 142.314, -35.297 ], [ 142.289, -35.291 ], [ 142.244, -35.311 ], [ 142.195, -35.313 ], [ 142.189, -35.323 ], [ 142.181, -35.322 ], [ 142.181, -35.332 ], [ 142.199, -35.354 ], [ 142.179, -35.354 ], [ 142.174, -35.362 ], [ 142.182, -35.367 ], [ 142.174, -35.376 ], [ 142.207, -35.45 ], [ 142.169, -35.45 ], [ 142.167, -35.478 ], [ 142.131, -35.478 ], [ 142.101, -35.466 ], [ 141.997, -35.464 ], [ 141.997, -35.498 ], [ 141.499, -35.499 ], [ 141.5, -35.749 ], [ 140.963, -35.749 ], [ 140.964, -33.981 ], [ 140.97, -33.983 ], [ 140.968, -33.996 ], [ 140.981, -34.0 ], [ 140.975, -34.009 ], [ 140.987, -34.01 ], [ 140.98, -34.016 ], [ 140.988, -34.031 ], [ 140.997, -34.02 ], [ 141.012, -34.024 ], [ 141.003, -34.028 ], [ 141.002, -34.04 ], [ 141.009, -34.044 ] ] ], [ [ [ 142.341, -34.394 ], [ 142.345, -34.396 ], [ 142.34, -34.399 ], [ 142.34, -34.397 ], [ 142.341, -34.394 ] ] ], [ [ [ 141.595, -34.156 ], [ 141.588, -34.158 ], [ 141.583, -34.153 ], [ 141.589, -34.151 ], [ 141.595, -34.156 ] ] ] ] } },
{ "type": "Feature", "properties": { "pha_code": 20256.0, "pha_name": "Merbein" }, "geometry": { "type": "Polygon", "coordinates": [ [ [ 141.997, -34.152 ], [ 141.986, -34.115 ], [ 142.023, -34.125 ], [ 142.013, -34.105 ], [ 142.04, -34.101 ], [ 142.029, -34.126 ], [ 142.076, -34.131 ], [ 142.077, -34.14 ], [ 142.065, -34.151 ], [ 142.091, -34.175 ], [ 142.087, -34.192 ], [ 142.101, -34.212 ], [ 142.091, -34.224 ], [ 142.057, -34.224 ], [ 142.044, -34.216 ], [ 142.0, -34.274 ], [ 141.997, -34.152 ] ] ] } },
{ "type": "Feature", "properties": { "pha_code": 20257.0, "pha_name": "Mildura" }, "geometry": { "type": "Polygon", "coordinates": [ [ [ 142.096, -34.206 ], [ 142.086, -34.188 ], [ 142.091, -34.175 ], [ 142.085, -34.174 ], [ 142.12, -34.175 ], [ 142.119, -34.158 ], [ 142.139, -34.16 ], [ 142.145, -34.149 ], [ 142.167, -34.153 ], [ 142.159, -34.17 ], [ 142.167, -34.171 ], [ 142.166, -34.183 ], [ 142.179, -34.184 ], [ 142.185, -34.176 ], [ 142.204, -34.184 ], [ 142.135, -34.24 ], [ 142.13, -34.236 ], [ 142.078, -34.273 ], [ 142.063, -34.251 ], [ 142.075, -34.249 ], [ 142.071, -34.224 ], [ 142.091, -34.224 ], [ 142.101, -34.212 ], [ 142.096, -34.206 ] ] ] } },
{ "type": "Feature", "properties": { "pha_code": 20258.0, "pha_name": "Red Cliffs" }, "geometry": { "type": "Polygon", "coordinates": [ [ [ 142.088, -34.309 ], [ 142.085, -34.285 ], [ 142.218, -34.268 ], [ 142.246, -34.272 ], [ 142.249, -34.287 ], [ 142.232, -34.297 ], [ 142.237, -34.308 ], [ 142.267, -34.295 ], [ 142.272, -34.304 ], [ 142.286, -34.296 ], [ 142.299, -34.306 ], [ 142.285, -34.309 ], [ 142.284, -34.327 ], [ 142.294, -34.323 ], [ 142.327, -34.339 ], [ 142.369, -34.327 ], [ 142.398, -34.342 ], [ 142.384, -34.347 ], [ 142.39, -34.363 ], [ 142.364, -34.361 ], [ 142.378, -34.364 ], [ 142.368, -34.37 ], [ 142.374, -34.388 ], [ 142.365, -34.385 ], [ 142.354, -34.393 ], [ 142.352, -34.406 ], [ 142.318, -34.392 ], [ 142.315, -34.4 ], [ 142.292, -34.4 ], [ 142.273, -34.39 ], [ 142.269, -34.407 ], [ 142.209, -34.362 ], [ 142.108, -34.377 ], [ 142.107, -34.341 ], [ 142.093, -34.332 ], [ 142.088, -34.309 ] ], [ [ 142.34, -34.399 ], [ 142.345, -34.396 ], [ 142.343, -34.393 ], [ 142.341, -34.394 ], [ 142.34, -34.399 ] ] ] } },
{ "type": "Feature", "properties": { "pha_code": 20259.0, "pha_name": "Buloke/ Gannawarra/ Kerang" }, "geometry": { "type": "MultiPolygon", "coordinates": [ [ [ [ 142.536, -35.303 ], [ 142.616, -35.304 ], [ 142.608, -35.242 ], [ 142.611, -35.194 ], [ 142.748, -35.199 ], [ 142.794, -35.248 ], [ 142.818, -35.231 ], [ 142.856, -35.231 ], [ 142.856, -35.239 ], [ 143.003, -35.249 ], [ 143.014, -35.418 ], [ 143.048, -35.418 ], [ 143.048, -35.491 ], [ 143.131, -35.491 ], [ 143.124, -35.517 ], [ 143.137, -35.545 ], [ 143.175, -35.543 ], [ 143.198, -35.551 ], [ 143.202, -35.564 ], [ 143.187, -35.609 ], [ 143.2, -35.655 ], [ 143.288, -35.655 ], [ 143.288, -35.592 ], [ 143.419, -35.592 ], [ 143.419, -35.573 ], [ 143.549, -35.573 ], [ 143.549, -35.544 ], [ 143.639, -35.543 ], [ 143.639, -35.53 ], [ 143.729, -35.53 ], [ 143.734, -35.525 ], [ 143.709, -35.494 ], [ 143.806, -35.5 ], [ 143.809, -35.477 ], [ 143.791, -35.466 ], [ 143.803, -35.46 ], [ 143.796, -35.456 ], [ 143.802, -35.448 ], [ 143.823, -35.446 ], [ 143.828, -35.456 ], [ 143.856, -35.462 ], [ 143.859, -35.48 ], [ 143.872, -35.478 ], [ 143.878, -35.487 ], [ 143.908, -35.494 ], [ 143.905, -35.5 ], [ 143.935, -35.499 ], [ 143.933, -35.507 ], [ 143.97, -35.5 ], [ 143.973, -35.51 ], [ 143.962, -35.514 ], [ 143.974, -35.532 ], [ 143.997, -35.536 ], [ 143.999, -35.546 ], [ 143.99, -35.555 ], [ 144.012, -35.563 ], [ 144.012, -35.554 ], [ 144.035, -35.556 ], [ 144.039, -35.549 ], [ 144.048, -35.564 ], [ 144.064, -35.57 ], [ 144.062, -35.577 ], [ 144.106, -35.591 ], [ 144.103, -35.598 ], [ 144.114, -35.602 ], [ 144.114, -35.619 ], [ 144.131, -35.641 ], [ 144.141, -35.647 ], [ 144.152, -35.642 ], [ 144.162, -35.672 ], [ 144.187, -35.67 ], [ 144.195, -35.686 ], [ 144.222, -35.693 ], [ 144.215, -35.706 ], [ 144.248, -35.721 ], [ 144.266, -35.753 ], [ 144.285, -35.737 ], [ 144.297, -35.737 ], [ 144.301, -35.745 ], [ 144.294, -35.754 ], [ 144.329, -35.753 ], [ 144.319, -35.767 ], [ 144.349, -35.767 ], [ 144.351, -35.785 ], [ 144.362, -35.796 ], [ 144.377, -35.792 ], [ 144.367, -35.812 ], [ 144.378, -35.811 ], [ 144.378, -35.814 ], [ 144.368, -35.813 ], [ 144.365, -35.823 ], [ 144.384, -35.819 ], [ 144.374, -35.826 ], [ 144.373, -35.839 ], [ 144.384, -35.845 ], [ 144.382, -35.853 ], [ 144.391, -35.851 ], [ 144.389, -35.859 ], [ 144.408, -35.864 ], [ 144.402, -35.867 ], [ 144.411, -35.871 ], [ 144.404, -35.882 ], [ 144.417, -35.898 ], [ 144.382, -35.884 ], [ 144.361, -35.886 ], [ 144.344, -35.894 ], [ 144.342, -35.907 ], [ 144.355, -35.912 ], [ 144.346, -35.928 ], [ 144.331, -35.928 ], [ 144.336, -35.934 ], [ 144.306, -35.934 ], [ 144.289, -35.924 ], [ 144.248, -35.93 ], [ 144.238, -35.92 ], [ 144.187, -35.908 ], [ 144.185, -35.947 ], [ 143.942, -35.953 ], [ 143.923, -35.953 ], [ 143.918, -35.937 ], [ 143.862, -35.935 ], [ 143.875, -35.926 ], [ 143.874, -35.916 ], [ 143.728, -35.906 ], [ 143.728, -35.932 ], [ 143.618, -35.935 ], [ 143.618, -35.969 ], [ 143.476, -35.975 ], [ 143.482, -35.983 ], [ 143.482, -36.102 ], [ 143.512, -36.101 ], [ 143.512, -36.133 ], [ 143.504, -36.14 ], [ 143.514, -36.152 ], [ 143.514, -36.173 ], [ 143.537, -36.174 ], [ 143.532, -36.203 ], [ 143.55, -36.205 ], [ 143.547, -36.22 ], [ 143.568, -36.223 ], [ 143.524, -36.25 ], [ 143.524, -36.265 ], [ 143.508, -36.265 ], [ 143.514, -36.295 ], [ 143.482, -36.295 ], [ 143.476, -36.335 ], [ 143.486, -36.339 ], [ 143.479, -36.376 ], [ 143.439, -36.368 ], [ 143.439, -36.391 ], [ 143.446, -36.392 ], [ 143.445, -36.446 ], [ 143.43, -36.47 ], [ 143.412, -36.468 ], [ 143.407, -36.5 ], [ 143.332, -36.489 ], [ 143.315, -36.477 ], [ 143.3, -36.436 ], [ 143.292, -36.435 ], [ 143.293, -36.411 ], [ 143.286, -36.407 ], [ 143.147, -36.41 ], [ 143.139, -36.413 ], [ 143.133, -36.449 ], [ 143.045, -36.443 ], [ 143.057, -36.469 ], [ 143.051, -36.477 ], [ 143.021, -36.474 ], [ 143.02, -36.483 ], [ 142.823, -36.463 ], [ 142.817, -36.46 ], [ 142.817, -36.437 ], [ 142.799, -36.438 ], [ 142.799, -36.408 ], [ 142.732, -36.405 ], [ 142.732, -36.397 ], [ 142.743, -36.393 ], [ 142.732, -36.376 ], [ 142.732, -36.299 ], [ 142.719, -36.307 ], [ 142.727, -36.281 ], [ 142.74, -36.283 ], [ 142.743, -36.265 ], [ 142.722, -36.262 ], [ 142.722, -36.239 ], [ 142.728, -36.239 ], [ 142.725, -36.21 ], [ 142.732, -36.21 ], [ 142.736, -36.166 ], [ 142.746, -36.164 ], [ 142.748, -36.154 ], [ 142.728, -36.148 ], [ 142.732, -36.103 ], [ 142.681, -36.096 ], [ 142.632, -36.125 ], [ 142.604, -36.12 ], [ 142.601, -35.736 ], [ 142.722, -35.736 ], [ 142.722, -35.475 ], [ 142.543, -35.476 ], [ 142.536, -35.303 ] ] ], [ [ [ 144.357, -35.787 ], [ 144.356, -35.787 ], [ 144.356, -35.786 ], [ 144.357, -35.786 ], [ 144.357, -35.787 ] ] ], [ [ [ 144.157, -35.652 ], [ 144.156, -35.652 ], [ 144.156, -35.65 ], [ 144.157, -35.65 ], [ 144.157, -35.652 ] ] ], [ [ [ 144.411, -35.881 ], [ 144.412, -35.882 ], [ 144.408, -35.882 ], [ 144.408, -35.881 ], [ 144.411, -35.881 ] ] ], [ [ [ 144.407, -35.858 ], [ 144.411, -35.858 ], [ 144.411, -35.861 ], [ 144.405, -35.86 ], [ 144.407, -35.858 ] ] ], [ [ [ 144.377, -35.833 ], [ 144.385, -35.834 ], [ 144.387, -35.837 ], [ 144.38, -35.837 ], [ 144.377, -35.833 ] ] ], [ [ [ 144.378, -35.83 ], [ 144.377, -35.829 ], [ 144.379, -35.829 ], [ 144.379, -35.83 ], [ 144.378, -35.83 ] ] ], [ [ [ 144.36, -35.786 ], [ 144.359, -35.786 ], [ 144.357, -35.786 ], [ 144.358, -35.785 ], [ 144.36, -35.786 ] ] ] ] } },
{ "type": "Feature", "properties": { "pha_code": 20260.0, "pha_name": "Robinvale" }, "geometry": { "type": "Polygon", "coordinates": [ [ [ 142.782, -34.58 ], [ 142.77, -34.568 ], [ 142.788, -34.559 ], [ 142.792, -34.546 ], [ 142.81, -34.562 ], [ 142.796, -34.572 ], [ 142.802, -34.579 ], [ 142.786, -34.589 ], [ 142.797, -34.598 ], [ 142.811, -34.589 ], [ 142.805, -34.609 ], [ 142.818, -34.613 ], [ 142.824, -34.6 ], [ 142.826, -34.61 ], [ 142.838, -34.612 ], [ 142.841, -34.626 ], [ 142.854, -34.619 ], [ 142.868, -34.627 ], [ 142.855, -34.639 ], [ 142.872, -34.649 ], [ 142.86, -34.665 ], [ 142.872, -34.664 ], [ 142.875, -34.675 ], [ 142.887, -34.672 ], [ 142.886, -34.692 ], [ 142.877, -34.699 ], [ 142.837, -34.671 ], [ 142.732, -34.684 ], [ 142.749, -34.695 ], [ 142.749, -34.726 ], [ 142.712, -34.738 ], [ 142.702, -34.749 ], [ 142.684, -34.747 ], [ 142.68, -34.739 ], [ 142.687, -34.734 ], [ 142.676, -34.725 ], [ 142.7, -34.723 ], [ 142.684, -34.714 ], [ 142.691, -34.7 ], [ 142.68, -34.687 ], [ 142.68, -34.673 ], [ 142.711, -34.676 ], [ 142.709, -34.662 ], [ 142.689, -34.653 ], [ 142.7, -34.625 ], [ 142.709, -34.62 ], [ 142.689, -34.617 ], [ 142.704, -34.614 ], [ 142.701, -34.598 ], [ 142.714, -34.601 ], [ 142.722, -34.592 ], [ 142.743, -34.603 ], [ 142.762, -34.599 ], [ 142.763, -34.589 ], [ 142.745, -34.586 ], [ 142.749, -34.576 ], [ 142.782, -34.58 ] ] ] } },
{ "type": "Feature", "properties": { "pha_code": 20261.0, "pha_name": "Swan Hill/ Swan Hill Region" }, "geometry": { "type": "MultiPolygon", "coordinates": [ [ [ [ 143.581, -35.297 ], [ 143.569, -35.302 ], [ 143.562, -35.338 ], [ 143.568, -35.344 ], [ 143.574, -35.337 ], [ 143.599, -35.352 ], [ 143.603, -35.366 ], [ 143.616, -35.368 ], [ 143.62, -35.388 ], [ 143.626, -35.381 ], [ 143.634, -35.384 ], [ 143.631, -35.396 ], [ 143.648, -35.399 ], [ 143.657, -35.385 ], [ 143.668, -35.386 ], [ 143.667, -35.371 ], [ 143.683, -35.374 ], [ 143.685, -35.368 ], [ 143.693, -35.384 ], [ 143.704, -35.378 ], [ 143.702, -35.389 ], [ 143.712, -35.385 ], [ 143.709, -35.393 ], [ 143.74, -35.394 ], [ 143.745, -35.386 ], [ 143.764, -35.392 ], [ 143.769, -35.408 ], [ 143.759, -35.414 ], [ 143.766, -35.416 ], [ 143.764, -35.424 ], [ 143.79, -35.422 ], [ 143.799, -35.433 ], [ 143.819, -35.438 ], [ 143.812, -35.444 ], [ 143.817, -35.448 ], [ 143.802, -35.448 ], [ 143.796, -35.456 ], [ 143.803, -35.46 ], [ 143.791, -35.466 ], [ 143.809, -35.477 ], [ 143.806, -35.5 ], [ 143.709, -35.494 ], [ 143.734, -35.525 ], [ 143.729, -35.53 ], [ 143.639, -35.53 ], [ 143.639, -35.543 ], [ 143.549, -35.544 ], [ 143.549, -35.573 ], [ 143.419, -35.573 ], [ 143.419, -35.592 ], [ 143.288, -35.592 ], [ 143.288, -35.655 ], [ 143.2, -35.655 ], [ 143.187, -35.609 ], [ 143.202, -35.564 ], [ 143.198, -35.551 ], [ 143.175, -35.543 ], [ 143.137, -35.545 ], [ 143.124, -35.517 ], [ 143.131, -35.491 ], [ 143.048, -35.491 ], [ 143.048, -35.418 ], [ 143.014, -35.418 ], [ 143.003, -35.249 ], [ 142.856, -35.239 ], [ 142.856, -35.231 ], [ 142.818, -35.231 ], [ 142.794, -35.248 ], [ 142.748, -35.199 ], [ 142.735, -35.198 ], [ 142.743, -35.115 ], [ 142.697, -35.115 ], [ 142.697, -34.887 ], [ 142.641, -34.884 ], [ 142.644, -34.873 ], [ 142.635, -34.864 ], [ 142.519, -34.864 ], [ 142.517, -34.755 ], [ 142.528, -34.76 ], [ 142.534, -34.753 ], [ 142.538, -34.763 ], [ 142.55, -34.762 ], [ 142.555, -34.775 ], [ 142.568, -34.767 ], [ 142.631, -34.785 ], [ 142.645, -34.775 ], [ 142.646, -34.763 ], [ 142.62, -34.757 ], [ 142.619, -34.728 ], [ 142.638, -34.735 ], [ 142.663, -34.722 ], [ 142.667, -34.736 ], [ 142.702, -34.749 ], [ 142.712, -34.738 ], [ 142.749, -34.726 ], [ 142.749, -34.695 ], [ 142.732, -34.684 ], [ 142.837, -34.671 ], [ 142.878, -34.699 ], [ 142.894, -34.679 ], [ 142.891, -34.672 ], [ 142.9, -34.672 ], [ 142.893, -34.665 ], [ 142.901, -34.655 ], [ 142.923, -34.648 ], [ 142.923, -34.657 ], [ 142.932, -34.655 ], [ 142.949, -34.67 ], [ 142.959, -34.665 ], [ 142.971, -34.695 ], [ 142.983, -34.682 ], [ 142.975, -34.671 ], [ 142.988, -34.663 ], [ 142.994, -34.674 ], [ 143.018, -34.674 ], [ 143.008, -34.685 ], [ 143.01, -34.694 ], [ 143.033, -34.683 ], [ 143.029, -34.692 ], [ 143.039, -34.703 ], [ 143.04, -34.686 ], [ 143.056, -34.699 ], [ 143.071, -34.678 ], [ 143.075, -34.695 ], [ 143.094, -34.701 ], [ 143.114, -34.681 ], [ 143.121, -34.688 ], [ 143.111, -34.687 ], [ 143.107, -34.702 ], [ 143.127, -34.692 ], [ 143.117, -34.702 ], [ 143.132, -34.7 ], [ 143.148, -34.715 ], [ 143.163, -34.698 ], [ 143.166, -34.719 ], [ 143.181, -34.709 ], [ 143.178, -34.717 ], [ 143.2, -34.717 ], [ 143.201, -34.734 ], [ 143.219, -34.729 ], [ 143.214, -34.739 ], [ 143.224, -34.759 ], [ 143.229, -34.747 ], [ 143.243, -34.746 ], [ 143.248, -34.758 ], [ 143.266, -34.748 ], [ 143.274, -34.753 ], [ 143.252, -34.769 ], [ 143.256, -34.778 ], [ 143.273, -34.776 ], [ 143.274, -34.791 ], [ 143.283, -34.795 ], [ 143.284, -34.785 ], [ 143.295, -34.791 ], [ 143.307, -34.78 ], [ 143.318, -34.791 ], [ 143.347, -34.791 ], [ 143.347, -34.807 ], [ 143.36, -34.817 ], [ 143.341, -34.846 ], [ 143.355, -34.846 ], [ 143.345, -34.853 ], [ 143.352, -34.858 ], [ 143.349, -34.865 ], [ 143.338, -34.87 ], [ 143.342, -34.882 ], [ 143.321, -34.888 ], [ 143.341, -34.915 ], [ 143.343, -34.934 ], [ 143.338, -34.945 ], [ 143.334, -34.939 ], [ 143.321, -34.943 ], [ 143.324, -34.98 ], [ 143.318, -34.99 ], [ 143.338, -35.01 ], [ 143.332, -35.022 ], [ 143.336, -35.038 ], [ 143.326, -35.034 ], [ 143.324, -35.042 ], [ 143.337, -35.043 ], [ 143.33, -35.054 ], [ 143.337, -35.048 ], [ 143.337, -35.061 ], [ 143.351, -35.064 ], [ 143.35, -35.07 ], [ 143.339, -35.067 ], [ 143.345, -35.073 ], [ 143.337, -35.08 ], [ 143.345, -35.086 ], [ 143.341, -35.096 ], [ 143.348, -35.106 ], [ 143.349, -35.1 ], [ 143.36, -35.102 ], [ 143.362, -35.117 ], [ 143.391, -35.145 ], [ 143.382, -35.156 ], [ 143.382, -35.174 ], [ 143.391, -35.171 ], [ 143.394, -35.177 ], [ 143.387, -35.185 ], [ 143.414, -35.195 ], [ 143.45, -35.189 ], [ 143.459, -35.204 ], [ 143.465, -35.202 ], [ 143.47, -35.219 ], [ 143.52, -35.212 ], [ 143.53, -35.22 ], [ 143.55, -35.213 ], [ 143.547, -35.206 ], [ 143.565, -35.203 ], [ 143.581, -35.218 ], [ 143.578, -35.232 ], [ 143.564, -35.236 ], [ 143.574, -35.256 ], [ 143.571, -35.267 ], [ 143.584, -35.265 ], [ 143.582, -35.273 ], [ 143.591, -35.273 ], [ 143.581, -35.297 ] ] ], [ [ [ 143.333, -34.888 ], [ 143.333, -34.889 ], [ 143.332, -34.889 ], [ 143.332, -34.888 ], [ 143.334, -34.887 ], [ 143.333, -34.888 ] ] ], [ [ [ 143.336, -34.886 ], [ 143.335, -34.887 ], [ 143.334, -34.887 ], [ 143.334, -34.886 ], [ 143.336, -34.886 ] ] ] ] } },
{ "type": "Feature", "properties": { "pha_code": 20262.0, "pha_name": "Echuca/ Lockington - Gunbower" }, "geometry": { "type": "MultiPolygon", "coordinates": [ [ [ [ 144.665, -36.076 ], [ 144.689, -36.061 ], [ 144.684, -36.096 ], [ 144.72, -36.086 ], [ 144.726, -36.091 ], [ 144.718, -36.114 ], [ 144.735, -36.117 ], [ 144.731, -36.112 ], [ 144.743, -36.108 ], [ 144.748, -36.122 ], [ 144.772, -36.116 ], [ 144.777, -36.13 ], [ 144.797, -36.113 ], [ 144.808, -36.124 ], [ 144.813, -36.113 ], [ 144.806, -36.107 ], [ 144.816, -36.111 ], [ 144.81, -36.102 ], [ 144.819, -36.108 ], [ 144.842, -36.102 ], [ 144.846, -36.11 ], [ 144.854, -36.103 ], [ 144.85, -36.239 ], [ 144.832, -36.249 ], [ 144.807, -36.226 ], [ 144.729, -36.225 ], [ 144.703, -36.271 ], [ 144.644, -36.271 ], [ 144.644, -36.299 ], [ 144.63, -36.299 ], [ 144.63, -36.407 ], [ 144.429, -36.411 ], [ 144.416, -36.396 ], [ 144.4, -36.408 ], [ 144.369, -36.408 ], [ 144.358, -36.385 ], [ 144.33, -36.385 ], [ 144.332, -36.328 ], [ 144.282, -36.328 ], [ 144.282, -36.263 ], [ 144.267, -36.224 ], [ 144.29, -36.164 ], [ 144.283, -36.153 ], [ 144.289, -36.129 ], [ 144.302, -36.126 ], [ 144.309, -36.105 ], [ 144.319, -36.101 ], [ 144.304, -36.062 ], [ 144.318, -36.048 ], [ 144.28, -36.014 ], [ 144.277, -35.993 ], [ 144.291, -35.984 ], [ 144.259, -35.947 ], [ 144.266, -35.929 ], [ 144.289, -35.924 ], [ 144.306, -35.934 ], [ 144.336, -35.934 ], [ 144.331, -35.928 ], [ 144.346, -35.928 ], [ 144.355, -35.912 ], [ 144.342, -35.907 ], [ 144.344, -35.894 ], [ 144.382, -35.884 ], [ 144.409, -35.905 ], [ 144.425, -35.9 ], [ 144.416, -35.91 ], [ 144.424, -35.906 ], [ 144.426, -35.919 ], [ 144.447, -35.936 ], [ 144.461, -35.94 ], [ 144.466, -35.933 ], [ 144.463, -35.94 ], [ 144.472, -35.94 ], [ 144.466, -35.946 ], [ 144.48, -35.945 ], [ 144.478, -35.953 ], [ 144.482, -35.96 ], [ 144.489, -35.957 ], [ 144.489, -35.966 ], [ 144.497, -35.969 ], [ 144.501, -35.958 ], [ 144.501, -35.971 ], [ 144.515, -35.965 ], [ 144.51, -35.973 ], [ 144.522, -35.972 ], [ 144.515, -35.994 ], [ 144.554, -36.003 ], [ 144.557, -36.014 ], [ 144.563, -36.007 ], [ 144.572, -36.025 ], [ 144.58, -36.021 ], [ 144.587, -36.027 ], [ 144.583, -36.039 ], [ 144.607, -36.043 ], [ 144.606, -36.036 ], [ 144.616, -36.032 ], [ 144.618, -36.047 ], [ 144.608, -36.064 ], [ 144.616, -36.066 ], [ 144.61, -36.072 ], [ 144.617, -36.077 ], [ 144.628, -36.067 ], [ 144.618, -36.06 ], [ 144.626, -36.062 ], [ 144.625, -36.052 ], [ 144.637, -36.047 ], [ 144.643, -36.057 ], [ 144.654, -36.054 ], [ 144.653, -36.075 ], [ 144.658, -36.07 ], [ 144.665, -36.076 ] ] ], [ [ [ 144.726, -36.112 ], [ 144.726, -36.113 ], [ 144.725, -36.113 ], [ 144.725, -36.112 ], [ 144.726, -36.112 ] ] ], [ [ [ 144.483, -35.95 ], [ 144.487, -35.949 ], [ 144.488, -35.951 ], [ 144.482, -35.952 ], [ 144.483, -35.95 ] ] ], [ [ [ 144.446, -35.932 ], [ 144.445, -35.932 ], [ 144.445, -35.931 ], [ 144.446, -35.931 ], [ 144.446, -35.932 ] ] ] ] } },
{ "type": "Feature", "properties": { "pha_code": 20263.0, "pha_name": "Kyabram/ Rochester/ Rushworth" }, "geometry": { "type": "MultiPolygon", "coordinates": [ [ [ [ 144.519, -36.723 ], [ 144.527, -36.702 ], [ 144.522, -36.693 ], [ 144.535, -36.689 ], [ 144.525, -36.66 ], [ 144.546, -36.647 ], [ 144.548, -36.633 ], [ 144.564, -36.621 ], [ 144.561, -36.614 ], [ 144.59, -36.595 ], [ 144.583, -36.585 ], [ 144.598, -36.574 ], [ 144.587, -36.558 ], [ 144.611, -36.556 ], [ 144.606, -36.546 ], [ 144.617, -36.535 ], [ 144.608, -36.529 ], [ 144.626, -36.528 ], [ 144.61, -36.517 ], [ 144.624, -36.505 ], [ 144.611, -36.498 ], [ 144.626, -36.492 ], [ 144.624, -36.478 ], [ 144.655, -36.473 ], [ 144.654, -36.465 ], [ 144.672, -36.457 ], [ 144.672, -36.443 ], [ 144.659, -36.441 ], [ 144.674, -36.426 ], [ 144.668, -36.407 ], [ 144.63, -36.407 ], [ 144.63, -36.299 ], [ 144.644, -36.299 ], [ 144.644, -36.271 ], [ 144.703, -36.271 ], [ 144.729, -36.225 ], [ 144.807, -36.226 ], [ 144.832, -36.249 ], [ 144.85, -36.239 ], [ 144.85, -36.111 ], [ 144.858, -36.103 ], [ 144.85, -36.093 ], [ 144.86, -36.088 ], [ 144.895, -36.093 ], [ 144.891, -36.085 ], [ 144.896, -36.089 ], [ 144.902, -36.078 ], [ 144.92, -36.095 ], [ 144.925, -36.092 ], [ 144.927, -36.106 ], [ 144.939, -36.114 ], [ 144.96, -36.107 ], [ 144.967, -36.11 ], [ 144.963, -36.116 ], [ 144.975, -36.119 ], [ 144.972, -36.126 ], [ 144.981, -36.127 ], [ 144.995, -36.114 ], [ 144.993, -36.124 ], [ 145.004, -36.129 ], [ 145.002, -36.14 ], [ 145.012, -36.139 ], [ 145.011, -36.156 ], [ 145.016, -36.162 ], [ 145.03, -36.148 ], [ 145.03, -36.156 ], [ 145.033, -36.152 ], [ 145.038, -36.152 ], [ 145.039, -36.159 ], [ 145.061, -36.164 ], [ 145.061, -36.171 ], [ 145.092, -36.158 ], [ 145.121, -36.18 ], [ 145.132, -36.18 ], [ 145.132, -36.284 ], [ 145.168, -36.284 ], [ 145.168, -36.299 ], [ 145.187, -36.306 ], [ 145.187, -36.328 ], [ 145.168, -36.328 ], [ 145.168, -36.343 ], [ 145.157, -36.343 ], [ 145.157, -36.336 ], [ 145.15, -36.343 ], [ 145.104, -36.342 ], [ 145.104, -36.372 ], [ 145.032, -36.372 ], [ 145.032, -36.499 ], [ 145.15, -36.499 ], [ 145.151, -36.527 ], [ 145.158, -36.53 ], [ 145.155, -36.56 ], [ 145.15, -36.587 ], [ 145.132, -36.587 ], [ 145.132, -36.675 ], [ 145.087, -36.675 ], [ 145.043, -36.651 ], [ 145.037, -36.672 ], [ 145.043, -36.672 ], [ 145.043, -36.682 ], [ 145.02, -36.682 ], [ 145.017, -36.669 ], [ 144.987, -36.7 ], [ 144.932, -36.7 ], [ 144.932, -36.748 ], [ 144.767, -36.747 ], [ 144.75, -36.758 ], [ 144.666, -36.762 ], [ 144.667, -36.725 ], [ 144.519, -36.723 ] ], [ [ 145.011, -36.146 ], [ 145.007, -36.146 ], [ 145.008, -36.152 ], [ 145.009, -36.148 ], [ 145.011, -36.146 ] ] ], [ [ [ 144.86, -36.086 ], [ 144.862, -36.085 ], [ 144.862, -36.087 ], [ 144.86, -36.087 ], [ 144.86, -36.086 ] ] ] ] } },
{ "type": "Feature", "properties": { "pha_code": 20264.0, "pha_name": "Cobram/ Numurkah" }, "geometry": { "type": "MultiPolygon", "coordinates": [ [ [ [ 145.01, -36.148 ], [ 145.009, -36.148 ], [ 145.008, -36.152 ], [ 145.007, -36.146 ], [ 145.01, -36.148 ] ] ], [ [ [ 144.843, -36.083 ], [ 144.851, -36.081 ], [ 144.849, -36.071 ], [ 144.856, -36.074 ], [ 144.854, -36.068 ], [ 144.859, -36.065 ], [ 144.858, -36.07 ], [ 144.862, -36.072 ], [ 144.863, -36.059 ], [ 144.872, -36.058 ], [ 144.933, -36.067 ], [ 144.947, -36.083 ], [ 144.982, -36.073 ], [ 144.986, -36.056 ], [ 144.968, -36.043 ], [ 144.962, -36.018 ], [ 144.954, -36.019 ], [ 144.945, -36.003 ], [ 144.924, -35.99 ], [ 144.931, -35.968 ], [ 144.958, -35.961 ], [ 144.949, -35.931 ], [ 144.975, -35.884 ], [ 144.968, -35.865 ], [ 144.992, -35.859 ], [ 145.0, -35.849 ], [ 145.019, -35.857 ], [ 145.024, -35.847 ], [ 145.037, -35.847 ], [ 145.038, -35.839 ], [ 145.043, -35.841 ], [ 145.048, -35.834 ], [ 145.068, -35.836 ], [ 145.073, -35.827 ], [ 145.077, -35.832 ], [ 145.09, -35.825 ], [ 145.093, -35.836 ], [ 145.113, -35.821 ], [ 145.114, -35.826 ], [ 145.123, -35.821 ], [ 145.124, -35.83 ], [ 145.128, -35.821 ], [ 145.135, -35.834 ], [ 145.158, -35.83 ], [ 145.153, -35.843 ], [ 145.182, -35.842 ], [ 145.189, -35.834 ], [ 145.224, -35.842 ], [ 145.225, -35.832 ], [ 145.247, -35.83 ], [ 145.261, -35.835 ], [ 145.258, -35.851 ], [ 145.267, -35.853 ], [ 145.273, -35.845 ], [ 145.296, -35.861 ], [ 145.325, -35.851 ], [ 145.357, -35.867 ], [ 145.387, -35.85 ], [ 145.411, -35.849 ], [ 145.41, -35.836 ], [ 145.42, -35.838 ], [ 145.414, -35.832 ], [ 145.419, -35.828 ], [ 145.442, -35.836 ], [ 145.451, -35.821 ], [ 145.463, -35.827 ], [ 145.472, -35.809 ], [ 145.49, -35.815 ], [ 145.503, -35.809 ], [ 145.522, -35.819 ], [ 145.527, -35.807 ], [ 145.536, -35.802 ], [ 145.542, -35.809 ], [ 145.538, -35.822 ], [ 145.546, -35.813 ], [ 145.564, -35.814 ], [ 145.557, -35.827 ], [ 145.567, -35.826 ], [ 145.564, -35.834 ], [ 145.594, -35.85 ], [ 145.587, -35.862 ], [ 145.598, -35.861 ], [ 145.598, -35.873 ], [ 145.626, -35.862 ], [ 145.628, -35.868 ], [ 145.615, -35.872 ], [ 145.628, -35.875 ], [ 145.62, -35.884 ], [ 145.63, -35.88 ], [ 145.632, -35.889 ], [ 145.659, -35.902 ], [ 145.669, -35.92 ], [ 145.678, -35.916 ], [ 145.674, -35.926 ], [ 145.686, -35.931 ], [ 145.688, -35.923 ], [ 145.699, -35.921 ], [ 145.697, -35.937 ], [ 145.708, -35.932 ], [ 145.727, -35.943 ], [ 145.717, -35.951 ], [ 145.734, -35.951 ], [ 145.731, -35.959 ], [ 145.745, -35.964 ], [ 145.758, -35.958 ], [ 145.765, -35.967 ], [ 145.779, -35.96 ], [ 145.777, -35.973 ], [ 145.793, -35.973 ], [ 145.796, -35.984 ], [ 145.796, -35.997 ], [ 145.696, -35.999 ], [ 145.696, -36.026 ], [ 145.632, -36.02 ], [ 145.632, -36.114 ], [ 145.652, -36.114 ], [ 145.652, -36.157 ], [ 145.632, -36.157 ], [ 145.632, -36.199 ], [ 145.26, -36.199 ], [ 145.252, -36.193 ], [ 145.256, -36.184 ], [ 145.249, -36.188 ], [ 145.246, -36.176 ], [ 145.24, -36.179 ], [ 145.239, -36.171 ], [ 145.235, -36.176 ], [ 145.237, -36.164 ], [ 145.222, -36.169 ], [ 145.229, -36.159 ], [ 145.216, -36.166 ], [ 145.213, -36.158 ], [ 145.21, -36.168 ], [ 145.194, -36.159 ], [ 145.199, -36.165 ], [ 145.189, -36.165 ], [ 145.188, -36.175 ], [ 145.196, -36.175 ], [ 145.181, -36.178 ], [ 145.183, -36.185 ], [ 145.172, -36.177 ], [ 145.173, -36.165 ], [ 145.167, -36.168 ], [ 145.158, -36.158 ], [ 145.146, -36.163 ], [ 145.139, -36.154 ], [ 145.13, -36.161 ], [ 145.139, -36.166 ], [ 145.137, -36.175 ], [ 145.131, -36.17 ], [ 145.127, -36.183 ], [ 145.112, -36.167 ], [ 145.089, -36.162 ], [ 145.092, -36.158 ], [ 145.061, -36.171 ], [ 145.061, -36.164 ], [ 145.039, -36.159 ], [ 145.038, -36.152 ], [ 145.03, -36.156 ], [ 145.028, -36.148 ], [ 145.016, -36.162 ], [ 145.012, -36.139 ], [ 145.002, -36.14 ], [ 145.004, -36.129 ], [ 144.993, -36.124 ], [ 144.995, -36.114 ], [ 144.982, -36.127 ], [ 144.972, -36.126 ], [ 144.975, -36.119 ], [ 144.963, -36.116 ], [ 144.967, -36.11 ], [ 144.96, -36.107 ], [ 144.939, -36.114 ], [ 144.905, -36.078 ], [ 144.902, -36.084 ], [ 144.897, -36.079 ], [ 144.896, -36.089 ], [ 144.891, -36.085 ], [ 144.891, -36.094 ], [ 144.852, -36.09 ], [ 144.849, -36.099 ], [ 144.858, -36.103 ], [ 144.849, -36.102 ], [ 144.848, -36.11 ], [ 144.842, -36.102 ], [ 144.83, -36.104 ], [ 144.843, -36.1 ], [ 144.843, -36.083 ] ], [ [ 144.862, -36.085 ], [ 144.861, -36.085 ], [ 144.86, -36.087 ], [ 144.862, -36.087 ], [ 144.862, -36.085 ] ] ], [ [ [ 144.99, -35.855 ], [ 144.991, -35.856 ], [ 144.99, -35.856 ], [ 144.99, -35.855 ] ] ], [ [ [ 145.039, -35.839 ], [ 145.039, -35.838 ], [ 145.04, -35.839 ], [ 145.039, -35.839 ] ] ], [ [ [ 145.053, -35.835 ], [ 145.055, -35.835 ], [ 145.055, -35.836 ], [ 145.053, -35.836 ], [ 145.053, -35.835 ] ] ] ] } },
{ "type": "Feature", "properties": { "pha_code": 20265.0, "pha_name": "Moira/ Yarrawonga" }, "geometry": { "type": "MultiPolygon", "coordinates": [ [ [ [ 146.237, -36.188 ], [ 146.237, -36.189 ], [ 146.237, -36.19 ], [ 146.236, -36.189 ], [ 146.237, -36.188 ] ] ], [ [ [ 146.069, -36.016 ], [ 146.074, -36.01 ], [ 146.075, -36.018 ], [ 146.095, -36.021 ], [ 146.091, -36.009 ], [ 146.113, -36.007 ], [ 146.107, -36.014 ], [ 146.12, -36.018 ], [ 146.136, -36.003 ], [ 146.141, -36.009 ], [ 146.132, -36.01 ], [ 146.132, -36.02 ], [ 146.144, -36.014 ], [ 146.152, -36.025 ], [ 146.173, -36.019 ], [ 146.178, -36.051 ], [ 146.198, -36.044 ], [ 146.196, -36.061 ], [ 146.203, -36.07 ], [ 146.196, -36.085 ], [ 146.215, -36.089 ], [ 146.21, -36.092 ], [ 146.216, -36.098 ], [ 146.211, -36.096 ], [ 146.205, -36.106 ], [ 146.216, -36.106 ], [ 146.216, -36.115 ], [ 146.206, -36.113 ], [ 146.205, -36.126 ], [ 146.237, -36.129 ], [ 146.244, -36.139 ], [ 146.238, -36.139 ], [ 146.241, -36.149 ], [ 146.236, -36.147 ], [ 146.236, -36.165 ], [ 146.229, -36.169 ], [ 146.245, -36.167 ], [ 146.245, -36.182 ], [ 146.234, -36.189 ], [ 146.234, -36.183 ], [ 146.131, -36.187 ], [ 146.131, -36.255 ], [ 146.037, -36.255 ], [ 146.031, -36.299 ], [ 145.632, -36.299 ], [ 145.632, -36.157 ], [ 145.652, -36.157 ], [ 145.652, -36.114 ], [ 145.632, -36.114 ], [ 145.632, -36.02 ], [ 145.696, -36.026 ], [ 145.696, -35.999 ], [ 145.796, -35.997 ], [ 145.797, -35.983 ], [ 145.807, -35.983 ], [ 145.811, -35.992 ], [ 145.817, -35.988 ], [ 145.811, -35.984 ], [ 145.829, -35.983 ], [ 145.824, -35.979 ], [ 145.828, -35.975 ], [ 145.846, -35.983 ], [ 145.844, -35.974 ], [ 145.86, -35.974 ], [ 145.848, -35.969 ], [ 145.853, -35.96 ], [ 145.901, -35.952 ], [ 145.91, -35.955 ], [ 145.9, -35.962 ], [ 145.903, -35.969 ], [ 145.906, -35.963 ], [ 145.914, -35.97 ], [ 145.925, -35.964 ], [ 145.927, -35.974 ], [ 145.954, -35.961 ], [ 145.944, -35.966 ], [ 145.951, -35.975 ], [ 145.945, -35.982 ], [ 145.965, -35.997 ], [ 145.96, -36.009 ], [ 145.973, -36.007 ], [ 145.971, -36.016 ], [ 146.007, -36.003 ], [ 146.017, -36.007 ], [ 146.03, -35.995 ], [ 146.047, -36.003 ], [ 146.052, -35.995 ], [ 146.059, -36.015 ], [ 146.069, -36.016 ] ] ] ] } },
{ "type": "Feature", "properties": { "pha_code": 20266.0, "pha_name": "Kialla/ Mooroopna/ Shepparton - South East" }, "geometry": { "type": "Polygon", "coordinates": [ [ [ 145.462, -36.436 ], [ 145.462, -36.499 ], [ 145.369, -36.499 ], [ 145.367, -36.471 ], [ 145.379, -36.455 ], [ 145.366, -36.448 ], [ 145.358, -36.452 ], [ 145.351, -36.435 ], [ 145.339, -36.446 ], [ 145.329, -36.446 ], [ 145.332, -36.438 ], [ 145.314, -36.438 ], [ 145.314, -36.426 ], [ 145.324, -36.426 ], [ 145.324, -36.411 ], [ 145.314, -36.411 ], [ 145.314, -36.401 ], [ 145.324, -36.385 ], [ 145.332, -36.386 ], [ 145.326, -36.358 ], [ 145.355, -36.347 ], [ 145.355, -36.356 ], [ 145.371, -36.362 ], [ 145.383, -36.386 ], [ 145.394, -36.38 ], [ 145.432, -36.387 ], [ 145.432, -36.378 ], [ 145.452, -36.378 ], [ 145.452, -36.365 ], [ 145.498, -36.365 ], [ 145.503, -36.388 ], [ 145.517, -36.388 ], [ 145.517, -36.399 ], [ 145.532, -36.399 ], [ 145.527, -36.423 ], [ 145.509, -36.42 ], [ 145.462, -36.436 ] ] ] } },
{ "type": "Feature", "properties": { "pha_code": 20267.0, "pha_name": "Shepparton - North/ Shepparton Region - West" }, "geometry": { "type": "Polygon", "coordinates": [ [ [ 145.15, -36.336 ], [ 145.168, -36.343 ], [ 145.168, -36.328 ], [ 145.187, -36.328 ], [ 145.187, -36.306 ], [ 145.168, -36.299 ], [ 145.168, -36.284 ], [ 145.132, -36.284 ], [ 145.128, -36.176 ], [ 145.131, -36.17 ], [ 145.137, -36.175 ], [ 145.139, -36.166 ], [ 145.13, -36.161 ], [ 145.137, -36.154 ], [ 145.146, -36.163 ], [ 145.165, -36.16 ], [ 145.184, -36.185 ], [ 145.181, -36.178 ], [ 145.196, -36.175 ], [ 145.188, -36.175 ], [ 145.189, -36.165 ], [ 145.199, -36.165 ], [ 145.193, -36.164 ], [ 145.194, -36.159 ], [ 145.2, -36.157 ], [ 145.195, -36.162 ], [ 145.206, -36.168 ], [ 145.213, -36.158 ], [ 145.216, -36.166 ], [ 145.223, -36.159 ], [ 145.229, -36.159 ], [ 145.222, -36.169 ], [ 145.237, -36.164 ], [ 145.235, -36.176 ], [ 145.239, -36.171 ], [ 145.24, -36.179 ], [ 145.246, -36.176 ], [ 145.249, -36.188 ], [ 145.256, -36.184 ], [ 145.252, -36.193 ], [ 145.269, -36.202 ], [ 145.263, -36.204 ], [ 145.266, -36.218 ], [ 145.271, -36.216 ], [ 145.275, -36.218 ], [ 145.269, -36.22 ], [ 145.279, -36.238 ], [ 145.27, -36.244 ], [ 145.296, -36.242 ], [ 145.308, -36.254 ], [ 145.307, -36.249 ], [ 145.324, -36.25 ], [ 145.323, -36.261 ], [ 145.337, -36.262 ], [ 145.35, -36.289 ], [ 145.366, -36.287 ], [ 145.365, -36.301 ], [ 145.416, -36.299 ], [ 145.416, -36.324 ], [ 145.447, -36.324 ], [ 145.454, -36.363 ], [ 145.452, -36.378 ], [ 145.432, -36.378 ], [ 145.432, -36.387 ], [ 145.394, -36.38 ], [ 145.383, -36.386 ], [ 145.371, -36.362 ], [ 145.355, -36.356 ], [ 145.355, -36.347 ], [ 145.326, -36.358 ], [ 145.332, -36.386 ], [ 145.324, -36.385 ], [ 145.314, -36.401 ], [ 145.314, -36.411 ], [ 145.324, -36.411 ], [ 145.324, -36.426 ], [ 145.314, -36.426 ], [ 145.314, -36.438 ], [ 145.332, -36.438 ], [ 145.329, -36.446 ], [ 145.339, -36.446 ], [ 145.351, -36.435 ], [ 145.358, -36.452 ], [ 145.366, -36.448 ], [ 145.379, -36.455 ], [ 145.367, -36.471 ], [ 145.373, -36.496 ], [ 145.361, -36.509 ], [ 145.315, -36.502 ], [ 145.311, -36.509 ], [ 145.33, -36.517 ], [ 145.333, -36.538 ], [ 145.321, -36.552 ], [ 145.334, -36.559 ], [ 145.298, -36.586 ], [ 145.302, -36.596 ], [ 145.315, -36.596 ], [ 145.301, -36.608 ], [ 145.311, -36.614 ], [ 145.307, -36.633 ], [ 145.297, -36.637 ], [ 145.303, -36.642 ], [ 145.212, -36.648 ], [ 145.205, -36.655 ], [ 145.212, -36.66 ], [ 145.204, -36.661 ], [ 145.222, -36.67 ], [ 145.223, -36.687 ], [ 145.186, -36.686 ], [ 145.179, -36.701 ], [ 145.172, -36.697 ], [ 145.178, -36.69 ], [ 145.169, -36.69 ], [ 145.169, -36.675 ], [ 145.132, -36.675 ], [ 145.132, -36.587 ], [ 145.15, -36.587 ], [ 145.155, -36.56 ], [ 145.158, -36.53 ], [ 145.151, -36.527 ], [ 145.15, -36.499 ], [ 145.032, -36.499 ], [ 145.032, -36.372 ], [ 145.104, -36.372 ], [ 145.104, -36.342 ], [ 145.15, -36.343 ], [ 145.15, -36.336 ] ] ] } },
{ "type": "Feature", "properties": { "pha_code": 20268.0, "pha_name": "Shepparton Region - East" }, "geometry": { "type": "Polygon", "coordinates": [ [ [ 145.3, -36.593 ], [ 145.298, -36.586 ], [ 145.317, -36.566 ], [ 145.334, -36.559 ], [ 145.321, -36.552 ], [ 145.334, -36.526 ], [ 145.33, -36.517 ], [ 145.311, -36.511 ], [ 145.315, -36.502 ], [ 145.355, -36.51 ], [ 145.369, -36.499 ], [ 145.462, -36.499 ], [ 145.462, -36.434 ], [ 145.509, -36.42 ], [ 145.527, -36.423 ], [ 145.532, -36.399 ], [ 145.517, -36.399 ], [ 145.517, -36.388 ], [ 145.503, -36.388 ], [ 145.498, -36.365 ], [ 145.454, -36.365 ], [ 145.447, -36.324 ], [ 145.416, -36.324 ], [ 145.416, -36.299 ], [ 145.365, -36.301 ], [ 145.366, -36.287 ], [ 145.35, -36.289 ], [ 145.337, -36.262 ], [ 145.323, -36.261 ], [ 145.324, -36.25 ], [ 145.307, -36.249 ], [ 145.309, -36.252 ], [ 145.308, -36.254 ], [ 145.296, -36.242 ], [ 145.27, -36.244 ], [ 145.279, -36.24 ], [ 145.269, -36.22 ], [ 145.275, -36.218 ], [ 145.266, -36.218 ], [ 145.263, -36.204 ], [ 145.269, -36.202 ], [ 145.26, -36.199 ], [ 145.632, -36.199 ], [ 145.632, -36.299 ], [ 145.781, -36.299 ], [ 145.781, -36.329 ], [ 145.767, -36.338 ], [ 145.765, -36.349 ], [ 145.732, -36.344 ], [ 145.725, -36.381 ], [ 145.733, -36.382 ], [ 145.73, -36.4 ], [ 145.748, -36.402 ], [ 145.746, -36.411 ], [ 145.755, -36.412 ], [ 145.752, -36.427 ], [ 145.76, -36.43 ], [ 145.759, -36.436 ], [ 145.741, -36.435 ], [ 145.724, -36.425 ], [ 145.731, -36.443 ], [ 145.732, -36.499 ], [ 145.632, -36.499 ], [ 145.632, -36.563 ], [ 145.592, -36.563 ], [ 145.58, -36.554 ], [ 145.354, -36.556 ], [ 145.319, -36.612 ], [ 145.301, -36.612 ], [ 145.315, -36.596 ], [ 145.3, -36.593 ] ] ] } },
{ "type": "Feature", "properties": { "pha_code": 20269.0, "pha_name": "Glenelg (Vic.)/ Portland" }, "geometry": { "type": "MultiPolygon", "coordinates": [ [ [ [ 141.627, -38.362 ], [ 141.626, -38.362 ], [ 141.626, -38.361 ], [ 141.627, -38.361 ], [ 141.627, -38.362 ] ] ], [ [ [ 141.622, -38.348 ], [ 141.623, -38.347 ], [ 141.623, -38.348 ], [ 141.622, -38.348 ] ] ], [ [ [ 141.623, -38.346 ], [ 141.623, -38.345 ], [ 141.624, -38.345 ], [ 141.623, -38.346 ] ] ], [ [ [ 141.625, -38.345 ], [ 141.624, -38.345 ], [ 141.624, -38.344 ], [ 141.625, -38.344 ], [ 141.625, -38.345 ] ] ], [ [ [ 141.602, -38.312 ], [ 141.608, -38.342 ], [ 141.624, -38.342 ], [ 141.622, -38.345 ], [ 141.621, -38.355 ], [ 141.625, -38.363 ], [ 141.65, -38.393 ], [ 141.629, -38.393 ], [ 141.624, -38.406 ], [ 141.615, -38.393 ], [ 141.577, -38.388 ], [ 141.558, -38.405 ], [ 141.551, -38.432 ], [ 141.525, -38.422 ], [ 141.521, -38.413 ], [ 141.528, -38.403 ], [ 141.519, -38.39 ], [ 141.462, -38.362 ], [ 141.434, -38.36 ], [ 141.408, -38.368 ], [ 141.414, -38.396 ], [ 141.374, -38.387 ], [ 141.364, -38.377 ], [ 141.366, -38.365 ], [ 141.398, -38.339 ], [ 141.393, -38.321 ], [ 141.36, -38.277 ], [ 141.299, -38.223 ], [ 141.232, -38.173 ], [ 141.155, -38.129 ], [ 141.031, -38.072 ], [ 140.966, -38.056 ], [ 140.973, -37.358 ], [ 141.046, -37.402 ], [ 141.097, -37.45 ], [ 141.168, -37.42 ], [ 141.264, -37.43 ], [ 141.259, -37.423 ], [ 141.269, -37.422 ], [ 141.272, -37.402 ], [ 141.281, -37.395 ], [ 141.249, -37.369 ], [ 141.221, -37.365 ], [ 141.221, -37.349 ], [ 141.446, -37.374 ], [ 141.445, -37.382 ], [ 141.462, -37.384 ], [ 141.454, -37.421 ], [ 141.492, -37.425 ], [ 141.487, -37.453 ], [ 141.5, -37.454 ], [ 141.501, -37.447 ], [ 141.538, -37.436 ], [ 141.541, -37.42 ], [ 141.578, -37.426 ], [ 141.572, -37.462 ], [ 141.559, -37.46 ], [ 141.548, -37.501 ], [ 141.528, -37.501 ], [ 141.533, -37.508 ], [ 141.527, -37.516 ], [ 141.511, -37.514 ], [ 141.485, -37.537 ], [ 141.485, -37.552 ], [ 141.475, -37.551 ], [ 141.473, -37.56 ], [ 141.518, -37.563 ], [ 141.505, -37.6 ], [ 141.51, -37.607 ], [ 141.526, -37.602 ], [ 141.556, -37.617 ], [ 141.571, -37.61 ], [ 141.586, -37.623 ], [ 141.581, -37.628 ], [ 141.588, -37.632 ], [ 141.587, -37.644 ], [ 141.61, -37.645 ], [ 141.61, -37.638 ], [ 141.62, -37.638 ], [ 141.624, -37.647 ], [ 141.645, -37.645 ], [ 141.643, -37.653 ], [ 141.651, -37.652 ], [ 141.668, -37.678 ], [ 141.687, -37.68 ], [ 141.682, -37.686 ], [ 141.691, -37.688 ], [ 141.69, -37.7 ], [ 141.709, -37.703 ], [ 141.712, -37.713 ], [ 141.735, -37.711 ], [ 141.739, -37.72 ], [ 141.755, -37.72 ], [ 141.758, -37.727 ], [ 141.789, -37.726 ], [ 141.799, -37.745 ], [ 141.789, -37.759 ], [ 141.77, -37.759 ], [ 141.77, -37.779 ], [ 141.725, -37.77 ], [ 141.734, -37.808 ], [ 141.728, -37.828 ], [ 141.716, -37.828 ], [ 141.716, -37.843 ], [ 141.688, -37.857 ], [ 141.651, -37.857 ], [ 141.651, -37.872 ], [ 141.675, -37.878 ], [ 141.651, -37.891 ], [ 141.651, -37.901 ], [ 141.733, -37.901 ], [ 141.771, -37.915 ], [ 141.785, -37.912 ], [ 141.785, -37.906 ], [ 141.797, -37.908 ], [ 141.8, -37.89 ], [ 141.807, -37.89 ], [ 141.826, -37.902 ], [ 141.843, -37.899 ], [ 141.848, -37.913 ], [ 141.869, -37.913 ], [ 141.866, -37.929 ], [ 141.875, -37.941 ], [ 141.867, -37.943 ], [ 141.868, -37.963 ], [ 141.847, -37.961 ], [ 141.843, -37.985 ], [ 141.834, -37.985 ], [ 141.834, -38.013 ], [ 141.871, -38.026 ], [ 141.859, -38.075 ], [ 141.846, -38.077 ], [ 141.869, -38.113 ], [ 141.856, -38.113 ], [ 141.851, -38.123 ], [ 141.851, -38.211 ], [ 141.87, -38.211 ], [ 141.87, -38.264 ], [ 141.768, -38.253 ], [ 141.704, -38.258 ], [ 141.602, -38.312 ] ], [ [ 141.547, -37.424 ], [ 141.548, -37.424 ], [ 141.548, -37.423 ], [ 141.547, -37.423 ], [ 141.547, -37.424 ] ], [ [ 141.581, -37.624 ], [ 141.581, -37.625 ], [ 141.582, -37.625 ], [ 141.582, -37.624 ], [ 141.581, -37.624 ] ], [ [ 141.731, -37.713 ], [ 141.731, -37.714 ], [ 141.732, -37.714 ], [ 141.732, -37.713 ], [ 141.731, -37.713 ] ], [ [ 141.558, -37.426 ], [ 141.558, -37.425 ], [ 141.557, -37.425 ], [ 141.557, -37.426 ], [ 141.558, -37.426 ] ] ], [ [ [ 141.701, -37.7 ], [ 141.7, -37.7 ], [ 141.699, -37.7 ], [ 141.7, -37.699 ], [ 141.701, -37.7 ] ] ] ] } },
{ "type": "Feature", "properties": { "pha_code": 20270.0, "pha_name": "Hamilton (Vic.)/ Southern Grampians" }, "geometry": { "type": "MultiPolygon", "coordinates": [ [ [ [ 141.731, -37.713 ], [ 141.732, -37.713 ], [ 141.732, -37.714 ], [ 141.731, -37.714 ], [ 141.731, -37.713 ] ] ], [ [ [ 141.581, -37.624 ], [ 141.582, -37.624 ], [ 141.582, -37.625 ], [ 141.581, -37.625 ], [ 141.581, -37.624 ] ] ], [ [ [ 141.5, -37.257 ], [ 141.49, -37.247 ], [ 141.497, -37.239 ], [ 141.49, -37.237 ], [ 141.494, -37.218 ], [ 141.58, -37.186 ], [ 141.597, -37.161 ], [ 141.616, -37.169 ], [ 141.631, -37.155 ], [ 141.638, -37.166 ], [ 141.64, -37.159 ], [ 141.673, -37.152 ], [ 141.671, -37.161 ], [ 141.693, -37.165 ], [ 141.706, -37.185 ], [ 141.724, -37.188 ], [ 141.73, -37.178 ], [ 141.744, -37.181 ], [ 141.745, -37.174 ], [ 141.776, -37.18 ], [ 141.772, -37.174 ], [ 141.778, -37.177 ], [ 141.783, -37.169 ], [ 141.796, -37.175 ], [ 141.802, -37.167 ], [ 141.812, -37.177 ], [ 141.811, -37.168 ], [ 141.82, -37.174 ], [ 141.841, -37.168 ], [ 141.839, -37.153 ], [ 141.909, -37.135 ], [ 141.903, -37.124 ], [ 141.91, -37.113 ], [ 141.924, -37.121 ], [ 141.924, -37.153 ], [ 141.935, -37.166 ], [ 141.928, -37.17 ], [ 141.936, -37.171 ], [ 141.912, -37.189 ], [ 141.914, -37.202 ], [ 141.938, -37.2 ], [ 141.945, -37.211 ], [ 141.989, -37.212 ], [ 141.997, -37.224 ], [ 142.08, -37.224 ], [ 142.089, -37.213 ], [ 142.092, -37.171 ], [ 142.11, -37.161 ], [ 142.114, -37.112 ], [ 142.165, -37.106 ], [ 142.188, -37.113 ], [ 142.202, -37.088 ], [ 142.209, -37.088 ], [ 142.222, -37.121 ], [ 142.234, -37.124 ], [ 142.241, -37.15 ], [ 142.329, -37.199 ], [ 142.359, -37.226 ], [ 142.403, -37.237 ], [ 142.423, -37.26 ], [ 142.455, -37.265 ], [ 142.466, -37.282 ], [ 142.516, -37.293 ], [ 142.5, -37.32 ], [ 142.495, -37.367 ], [ 142.479, -37.4 ], [ 142.452, -37.434 ], [ 142.434, -37.444 ], [ 142.427, -37.468 ], [ 142.408, -37.489 ], [ 142.393, -37.493 ], [ 142.379, -37.51 ], [ 142.364, -37.544 ], [ 142.367, -37.571 ], [ 142.353, -37.598 ], [ 142.587, -37.627 ], [ 142.587, -37.636 ], [ 142.619, -37.647 ], [ 142.616, -37.689 ], [ 142.602, -37.7 ], [ 142.595, -37.719 ], [ 142.59, -37.765 ], [ 142.597, -37.781 ], [ 142.613, -37.792 ], [ 142.615, -37.81 ], [ 142.53, -37.799 ], [ 142.525, -37.821 ], [ 142.491, -37.808 ], [ 142.492, -37.801 ], [ 142.474, -37.799 ], [ 142.469, -37.822 ], [ 142.45, -37.826 ], [ 142.448, -37.833 ], [ 142.467, -37.835 ], [ 142.45, -37.918 ], [ 142.409, -37.898 ], [ 142.412, -37.932 ], [ 142.274, -37.934 ], [ 142.274, -37.977 ], [ 142.28, -37.985 ], [ 142.25, -37.997 ], [ 142.232, -37.998 ], [ 142.231, -37.983 ], [ 142.217, -37.975 ], [ 142.214, -37.934 ], [ 142.177, -37.946 ], [ 142.162, -37.94 ], [ 142.155, -37.952 ], [ 142.136, -37.95 ], [ 142.134, -37.957 ], [ 142.113, -37.957 ], [ 142.115, -37.947 ], [ 142.085, -37.947 ], [ 142.075, -37.962 ], [ 142.022, -37.964 ], [ 142.017, -37.98 ], [ 141.972, -37.981 ], [ 141.973, -37.986 ], [ 141.934, -37.978 ], [ 141.928, -37.983 ], [ 141.916, -37.97 ], [ 141.915, -37.977 ], [ 141.864, -37.972 ], [ 141.867, -37.943 ], [ 141.875, -37.941 ], [ 141.866, -37.929 ], [ 141.869, -37.913 ], [ 141.848, -37.913 ], [ 141.843, -37.899 ], [ 141.826, -37.902 ], [ 141.8, -37.89 ], [ 141.797, -37.908 ], [ 141.785, -37.906 ], [ 141.785, -37.912 ], [ 141.771, -37.915 ], [ 141.733, -37.901 ], [ 141.651, -37.901 ], [ 141.651, -37.891 ], [ 141.675, -37.878 ], [ 141.651, -37.872 ], [ 141.651, -37.857 ], [ 141.706, -37.852 ], [ 141.706, -37.843 ], [ 141.716, -37.843 ], [ 141.716, -37.828 ], [ 141.728, -37.828 ], [ 141.734, -37.807 ], [ 141.725, -37.77 ], [ 141.77, -37.779 ], [ 141.77, -37.759 ], [ 141.789, -37.759 ], [ 141.799, -37.745 ], [ 141.788, -37.725 ], [ 141.758, -37.727 ], [ 141.755, -37.72 ], [ 141.739, -37.72 ], [ 141.735, -37.711 ], [ 141.721, -37.716 ], [ 141.709, -37.703 ], [ 141.692, -37.702 ], [ 141.691, -37.688 ], [ 141.682, -37.686 ], [ 141.687, -37.68 ], [ 141.668, -37.678 ], [ 141.641, -37.643 ], [ 141.624, -37.647 ], [ 141.625, -37.639 ], [ 141.61, -37.638 ], [ 141.61, -37.645 ], [ 141.587, -37.644 ], [ 141.588, -37.632 ], [ 141.581, -37.628 ], [ 141.586, -37.623 ], [ 141.571, -37.61 ], [ 141.556, -37.617 ], [ 141.526, -37.602 ], [ 141.51, -37.607 ], [ 141.505, -37.6 ], [ 141.518, -37.563 ], [ 141.473, -37.56 ], [ 141.475, -37.551 ], [ 141.485, -37.552 ], [ 141.485, -37.537 ], [ 141.511, -37.514 ], [ 141.527, -37.516 ], [ 141.533, -37.508 ], [ 141.528, -37.501 ], [ 141.548, -37.501 ], [ 141.559, -37.46 ], [ 141.572, -37.462 ], [ 141.578, -37.43 ], [ 141.541, -37.42 ], [ 141.538, -37.436 ], [ 141.501, -37.447 ], [ 141.5, -37.454 ], [ 141.487, -37.453 ], [ 141.492, -37.425 ], [ 141.454, -37.421 ], [ 141.462, -37.384 ], [ 141.432, -37.372 ], [ 141.432, -37.298 ], [ 141.531, -37.298 ], [ 141.518, -37.281 ], [ 141.524, -37.275 ], [ 141.5, -37.257 ] ], [ [ 141.7, -37.7 ], [ 141.701, -37.7 ], [ 141.701, -37.699 ], [ 141.699, -37.7 ], [ 141.7, -37.7 ] ] ], [ [ [ 141.557, -37.425 ], [ 141.558, -37.425 ], [ 141.558, -37.426 ], [ 141.557, -37.426 ], [ 141.557, -37.425 ] ] ], [ [ [ 141.547, -37.424 ], [ 141.547, -37.423 ], [ 141.548, -37.423 ], [ 141.548, -37.424 ], [ 141.547, -37.424 ] ] ] ] } },
{ "type": "Feature", "properties": { "pha_code": 20271.0, "pha_name": "Camperdown/ Corangamite - North" }, "geometry": { "type": "MultiPolygon", "coordinates": [ [ [ [ 143.436, -38.24 ], [ 143.437, -38.239 ], [ 143.437, -38.24 ], [ 143.436, -38.24 ] ] ], [ [ [ 143.218, -38.274 ], [ 142.997, -38.268 ], [ 142.967, -38.275 ], [ 142.956, -38.268 ], [ 142.949, -38.277 ], [ 142.905, -38.273 ], [ 142.888, -38.297 ], [ 142.879, -38.296 ], [ 142.885, -38.28 ], [ 142.83, -38.274 ], [ 142.832, -38.261 ], [ 142.797, -38.253 ], [ 142.789, -38.243 ], [ 142.792, -38.229 ], [ 142.783, -38.228 ], [ 142.789, -38.198 ], [ 142.817, -38.204 ], [ 142.828, -38.203 ], [ 142.83, -38.195 ], [ 142.891, -38.194 ], [ 142.897, -38.167 ], [ 142.943, -38.171 ], [ 142.941, -38.129 ], [ 143.019, -38.136 ], [ 143.006, -38.122 ], [ 143.005, -38.101 ], [ 142.992, -38.08 ], [ 143.027, -38.057 ], [ 143.013, -38.046 ], [ 143.025, -38.036 ], [ 143.036, -38.035 ], [ 143.031, -38.014 ], [ 143.045, -38.013 ], [ 143.051, -38.004 ], [ 143.036, -37.991 ], [ 143.041, -37.99 ], [ 143.049, -37.985 ], [ 143.043, -37.981 ], [ 143.054, -37.972 ], [ 143.052, -37.963 ], [ 143.069, -37.961 ], [ 143.083, -37.948 ], [ 143.074, -37.929 ], [ 143.088, -37.925 ], [ 143.083, -37.922 ], [ 143.098, -37.907 ], [ 143.084, -37.908 ], [ 143.084, -37.905 ], [ 143.081, -37.904 ], [ 143.08, -37.898 ], [ 143.072, -37.895 ], [ 143.08, -37.894 ], [ 143.075, -37.885 ], [ 143.092, -37.88 ], [ 143.08, -37.877 ], [ 143.084, -37.856 ], [ 143.107, -37.844 ], [ 143.095, -37.818 ], [ 143.108, -37.801 ], [ 143.11, -37.777 ], [ 143.128, -37.78 ], [ 143.149, -37.762 ], [ 143.166, -37.765 ], [ 143.168, -37.744 ], [ 143.181, -37.731 ], [ 143.215, -37.734 ], [ 143.226, -37.745 ], [ 143.242, -37.747 ], [ 143.257, -37.732 ], [ 143.266, -37.735 ], [ 143.276, -37.756 ], [ 143.304, -37.757 ], [ 143.307, -37.748 ], [ 143.323, -37.744 ], [ 143.316, -37.736 ], [ 143.322, -37.737 ], [ 143.325, -37.736 ], [ 143.32, -37.728 ], [ 143.327, -37.715 ], [ 143.321, -37.711 ], [ 143.34, -37.711 ], [ 143.34, -37.694 ], [ 143.351, -37.687 ], [ 143.354, -37.67 ], [ 143.432, -37.672 ], [ 143.465, -37.659 ], [ 143.441, -37.785 ], [ 143.448, -37.818 ], [ 143.441, -37.86 ], [ 143.452, -37.873 ], [ 143.443, -37.906 ], [ 143.477, -37.924 ], [ 143.479, -37.941 ], [ 143.594, -37.955 ], [ 143.597, -37.962 ], [ 143.611, -37.958 ], [ 143.62, -37.965 ], [ 143.619, -37.972 ], [ 143.624, -37.976 ], [ 143.622, -37.982 ], [ 143.647, -37.987 ], [ 143.656, -38.012 ], [ 143.634, -38.012 ], [ 143.627, -38.033 ], [ 143.612, -38.035 ], [ 143.613, -38.054 ], [ 143.62, -38.054 ], [ 143.615, -38.06 ], [ 143.635, -38.077 ], [ 143.636, -38.087 ], [ 143.627, -38.094 ], [ 143.604, -38.093 ], [ 143.596, -38.108 ], [ 143.551, -38.102 ], [ 143.534, -38.121 ], [ 143.511, -38.13 ], [ 143.479, -38.131 ], [ 143.469, -38.121 ], [ 143.472, -38.179 ], [ 143.455, -38.198 ], [ 143.437, -38.187 ], [ 143.411, -38.2 ], [ 143.421, -38.226 ], [ 143.407, -38.24 ], [ 143.422, -38.252 ], [ 143.429, -38.245 ], [ 143.422, -38.239 ], [ 143.438, -38.235 ], [ 143.434, -38.24 ], [ 143.449, -38.25 ], [ 143.437, -38.251 ], [ 143.46, -38.25 ], [ 143.465, -38.258 ], [ 143.476, -38.252 ], [ 143.483, -38.266 ], [ 143.366, -38.264 ], [ 143.349, -38.265 ], [ 143.348, -38.272 ], [ 143.218, -38.274 ] ], [ [ 143.044, -37.999 ], [ 143.044, -37.998 ], [ 143.043, -37.998 ], [ 143.043, -37.999 ], [ 143.044, -37.999 ] ], [ [ 143.342, -37.702 ], [ 143.342, -37.701 ], [ 143.341, -37.701 ], [ 143.342, -37.702 ] ], [ [ 143.419, -38.226 ], [ 143.418, -38.226 ], [ 143.418, -38.227 ], [ 143.419, -38.227 ], [ 143.419, -38.226 ] ], [ [ 143.41, -38.234 ], [ 143.409, -38.234 ], [ 143.409, -38.235 ], [ 143.41, -38.235 ], [ 143.41, -38.234 ] ], [ [ 143.41, -38.248 ], [ 143.411, -38.248 ], [ 143.41, -38.247 ], [ 143.41, -38.248 ] ], [ [ 143.415, -38.251 ], [ 143.414, -38.251 ], [ 143.414, -38.252 ], [ 143.416, -38.252 ], [ 143.415, -38.251 ] ], [ [ 143.444, -38.255 ], [ 143.445, -38.255 ], [ 143.445, -38.254 ], [ 143.444, -38.255 ] ], [ [ 143.406, -38.242 ], [ 143.407, -38.241 ], [ 143.406, -38.241 ], [ 143.406, -38.242 ] ], [ [ 143.096, -37.881 ], [ 143.098, -37.881 ], [ 143.101, -37.883 ], [ 143.095, -37.877 ], [ 143.096, -37.881 ] ] ], [ [ [ 143.022, -38.043 ], [ 143.021, -38.043 ], [ 143.021, -38.042 ], [ 143.022, -38.043 ] ] ], [ [ [ 143.042, -37.987 ], [ 143.042, -37.989 ], [ 143.041, -37.989 ], [ 143.041, -37.987 ], [ 143.042, -37.987 ] ] ], [ [ [ 143.621, -37.968 ], [ 143.62, -37.968 ], [ 143.62, -37.967 ], [ 143.621, -37.967 ], [ 143.621, -37.968 ] ] ], [ [ [ 143.094, -37.906 ], [ 143.095, -37.907 ], [ 143.094, -37.907 ], [ 143.094, -37.906 ] ] ], [ [ [ 143.082, -37.905 ], [ 143.083, -37.905 ], [ 143.083, -37.906 ], [ 143.082, -37.906 ], [ 143.082, -37.905 ] ] ], [ [ [ 143.266, -37.735 ], [ 143.266, -37.734 ], [ 143.267, -37.734 ], [ 143.267, -37.735 ], [ 143.266, -37.735 ] ] ], [ [ [ 143.319, -37.727 ], [ 143.32, -37.728 ], [ 143.318, -37.728 ], [ 143.319, -37.727 ] ] ] ] } },
{ "type": "Feature", "properties": { "pha_code": 20272.0, "pha_name": "Colac" }, "geometry": { "type": "Polygon", "coordinates": [ [ [ 143.529, -38.335 ], [ 143.53, -38.318 ], [ 143.577, -38.333 ], [ 143.627, -38.329 ], [ 143.624, -38.343 ], [ 143.612, -38.346 ], [ 143.623, -38.348 ], [ 143.614, -38.401 ], [ 143.551, -38.394 ], [ 143.554, -38.371 ], [ 143.535, -38.372 ], [ 143.541, -38.344 ], [ 143.527, -38.347 ], [ 143.529, -38.335 ] ] ] } },
{ "type": "Feature", "properties": { "pha_code": 20273.0, "pha_name": "Colac Region/ Corangamite – South / Otway" }, "geometry": { "type": "MultiPolygon", "coordinates": [ [ [ [ 143.1, -38.663 ], [ 143.099, -38.663 ], [ 143.1, -38.662 ], [ 143.1, -38.663 ] ] ], [ [ [ 143.088, -38.658 ], [ 143.089, -38.658 ], [ 143.089, -38.659 ], [ 143.088, -38.659 ], [ 143.088, -38.658 ] ] ], [ [ [ 143.082, -38.656 ], [ 143.081, -38.656 ], [ 143.081, -38.655 ], [ 143.082, -38.655 ], [ 143.082, -38.656 ] ] ], [ [ [ 143.077, -38.651 ], [ 143.077, -38.652 ], [ 143.076, -38.652 ], [ 143.076, -38.651 ], [ 143.077, -38.651 ] ] ], [ [ [ 143.062, -38.649 ], [ 143.063, -38.649 ], [ 143.062, -38.65 ], [ 143.062, -38.649 ] ] ], [ [ [ 143.072, -38.649 ], [ 143.072, -38.65 ], [ 143.071, -38.65 ], [ 143.071, -38.649 ], [ 143.072, -38.649 ] ] ], [ [ [ 143.071, -38.649 ], [ 143.07, -38.649 ], [ 143.071, -38.648 ], [ 143.071, -38.649 ] ] ], [ [ [ 143.048, -38.642 ], [ 143.047, -38.641 ], [ 143.048, -38.641 ], [ 143.048, -38.642 ] ] ], [ [ [ 143.022, -38.629 ], [ 143.023, -38.629 ], [ 143.022, -38.63 ], [ 143.022, -38.629 ] ] ], [ [ [ 142.914, -38.619 ], [ 142.915, -38.619 ], [ 142.914, -38.62 ], [ 142.914, -38.619 ] ] ], [ [ [ 142.915, -38.62 ], [ 142.916, -38.619 ], [ 142.916, -38.62 ], [ 142.915, -38.62 ] ] ], [ [ [ 142.923, -38.619 ], [ 142.923, -38.62 ], [ 142.922, -38.62 ], [ 142.922, -38.619 ], [ 142.923, -38.619 ] ] ], [ [ [ 142.922, -38.619 ], [ 142.921, -38.618 ], [ 142.922, -38.618 ], [ 142.922, -38.619 ] ] ], [ [ [ 143.26, -38.773 ], [ 143.259, -38.773 ], [ 143.259, -38.772 ], [ 143.26, -38.773 ] ] ], [ [ [ 143.946, -38.579 ], [ 143.92, -38.596 ], [ 143.91, -38.624 ], [ 143.87, -38.655 ], [ 143.866, -38.672 ], [ 143.842, -38.679 ], [ 143.841, -38.691 ], [ 143.763, -38.705 ], [ 143.685, -38.735 ], [ 143.67, -38.752 ], [ 143.68, -38.761 ], [ 143.665, -38.77 ], [ 143.662, -38.783 ], [ 143.616, -38.795 ], [ 143.554, -38.856 ], [ 143.511, -38.858 ], [ 143.466, -38.81 ], [ 143.429, -38.783 ], [ 143.403, -38.781 ], [ 143.372, -38.759 ], [ 143.302, -38.75 ], [ 143.258, -38.772 ], [ 143.238, -38.768 ], [ 143.191, -38.741 ], [ 143.124, -38.677 ], [ 143.095, -38.658 ], [ 143.081, -38.654 ], [ 143.081, -38.651 ], [ 143.071, -38.647 ], [ 143.069, -38.649 ], [ 143.055, -38.648 ], [ 143.058, -38.645 ], [ 143.055, -38.641 ], [ 143.015, -38.624 ], [ 142.947, -38.62 ], [ 142.935, -38.627 ], [ 142.922, -38.617 ], [ 142.88, -38.608 ], [ 142.885, -38.6 ], [ 142.874, -38.59 ], [ 142.869, -38.566 ], [ 142.833, -38.539 ], [ 142.838, -38.524 ], [ 142.814, -38.522 ], [ 142.816, -38.515 ], [ 142.807, -38.511 ], [ 142.811, -38.492 ], [ 142.838, -38.491 ], [ 142.848, -38.479 ], [ 142.851, -38.459 ], [ 142.835, -38.457 ], [ 142.841, -38.413 ], [ 142.835, -38.413 ], [ 142.859, -38.369 ], [ 142.845, -38.367 ], [ 142.858, -38.324 ], [ 142.855, -38.312 ], [ 142.882, -38.306 ], [ 142.905, -38.273 ], [ 143.483, -38.266 ], [ 143.476, -38.252 ], [ 143.465, -38.258 ], [ 143.46, -38.25 ], [ 143.446, -38.255 ], [ 143.445, -38.254 ], [ 143.444, -38.254 ], [ 143.444, -38.253 ], [ 143.442, -38.253 ], [ 143.442, -38.252 ], [ 143.44, -38.252 ], [ 143.44, -38.251 ], [ 143.437, -38.251 ], [ 143.449, -38.25 ], [ 143.434, -38.24 ], [ 143.438, -38.235 ], [ 143.422, -38.239 ], [ 143.429, -38.245 ], [ 143.422, -38.252 ], [ 143.407, -38.24 ], [ 143.421, -38.226 ], [ 143.411, -38.2 ], [ 143.437, -38.187 ], [ 143.455, -38.198 ], [ 143.472, -38.179 ], [ 143.469, -38.121 ], [ 143.479, -38.131 ], [ 143.511, -38.13 ], [ 143.534, -38.121 ], [ 143.557, -38.1 ], [ 143.596, -38.108 ], [ 143.604, -38.093 ], [ 143.634, -38.09 ], [ 143.635, -38.077 ], [ 143.612, -38.051 ], [ 143.612, -38.035 ], [ 143.622, -38.037 ], [ 143.629, -38.023 ], [ 143.685, -38.029 ], [ 143.764, -38.02 ], [ 143.83, -38.022 ], [ 143.819, -38.08 ], [ 143.828, -38.092 ], [ 143.81, -38.128 ], [ 143.901, -38.139 ], [ 143.904, -38.153 ], [ 143.913, -38.152 ], [ 143.924, -38.173 ], [ 143.914, -38.193 ], [ 143.889, -38.2 ], [ 143.88, -38.247 ], [ 143.841, -38.243 ], [ 143.834, -38.291 ], [ 143.879, -38.277 ], [ 143.835, -38.511 ], [ 143.847, -38.512 ], [ 143.845, -38.523 ], [ 143.855, -38.524 ], [ 143.852, -38.545 ], [ 143.838, -38.559 ], [ 143.826, -38.557 ], [ 143.825, -38.567 ], [ 143.946, -38.579 ] ], [ [ 143.348, -38.754 ], [ 143.347, -38.754 ], [ 143.347, -38.755 ], [ 143.348, -38.755 ], [ 143.348, -38.754 ] ], [ [ 143.066, -38.647 ], [ 143.065, -38.647 ], [ 143.065, -38.648 ], [ 143.066, -38.647 ] ], [ [ 143.06, -38.646 ], [ 143.059, -38.647 ], [ 143.06, -38.647 ], [ 143.06, -38.646 ] ], [ [ 142.885, -38.305 ], [ 142.885, -38.304 ], [ 142.884, -38.304 ], [ 142.885, -38.305 ] ], [ [ 143.569, -38.328 ], [ 143.53, -38.318 ], [ 143.534, -38.332 ], [ 143.526, -38.336 ], [ 143.527, -38.347 ], [ 143.541, -38.344 ], [ 143.535, -38.372 ], [ 143.554, -38.371 ], [ 143.551, -38.394 ], [ 143.614, -38.401 ], [ 143.623, -38.348 ], [ 143.612, -38.346 ], [ 143.624, -38.343 ], [ 143.627, -38.329 ], [ 143.569, -38.328 ] ] ], [ [ [ 143.445, -38.255 ], [ 143.444, -38.255 ], [ 143.445, -38.254 ], [ 143.445, -38.255 ] ] ], [ [ [ 143.416, -38.252 ], [ 143.414, -38.252 ], [ 143.414, -38.251 ], [ 143.415, -38.251 ], [ 143.416, -38.252 ] ] ], [ [ [ 143.41, -38.248 ], [ 143.41, -38.247 ], [ 143.411, -38.248 ], [ 143.41, -38.248 ] ] ], [ [ [ 143.406, -38.242 ], [ 143.406, -38.241 ], [ 143.407, -38.241 ], [ 143.406, -38.242 ] ] ], [ [ [ 143.437, -38.241 ], [ 143.436, -38.24 ], [ 143.437, -38.24 ], [ 143.437, -38.241 ] ] ], [ [ [ 143.409, -38.235 ], [ 143.409, -38.234 ], [ 143.41, -38.234 ], [ 143.41, -38.235 ], [ 143.409, -38.235 ] ] ], [ [ [ 143.418, -38.227 ], [ 143.418, -38.226 ], [ 143.419, -38.226 ], [ 143.419, -38.227 ], [ 143.418, -38.227 ] ] ] ] } },
{ "type": "Feature", "properties": { "pha_code": 20274.0, "pha_name": "Moyne – East/ Moyne – West" }, "geometry": { "type": "MultiPolygon", "coordinates": [ [ [ [ 142.806, -38.572 ], [ 142.807, -38.571 ], [ 142.807, -38.572 ], [ 142.806, -38.572 ] ] ], [ [ [ 142.677, -38.494 ], [ 142.678, -38.494 ], [ 142.678, -38.495 ], [ 142.677, -38.495 ], [ 142.677, -38.494 ] ] ], [ [ [ 142.675, -38.493 ], [ 142.676, -38.493 ], [ 142.676, -38.494 ], [ 142.675, -38.494 ], [ 142.675, -38.493 ] ] ], [ [ [ 141.996, -38.418 ], [ 142.0, -38.413 ], [ 142.014, -38.412 ], [ 142.0, -38.425 ], [ 141.996, -38.418 ] ] ], [ [ [ 142.254, -38.391 ], [ 142.255, -38.391 ], [ 142.255, -38.392 ], [ 142.254, -38.392 ], [ 142.254, -38.391 ] ] ], [ [ [ 142.884, -38.304 ], [ 142.885, -38.304 ], [ 142.885, -38.305 ], [ 142.884, -38.304 ] ] ], [ [ [ 142.35, -37.933 ], [ 142.412, -37.932 ], [ 142.409, -37.898 ], [ 142.45, -37.918 ], [ 142.467, -37.835 ], [ 142.448, -37.833 ], [ 142.45, -37.826 ], [ 142.469, -37.822 ], [ 142.474, -37.799 ], [ 142.492, -37.801 ], [ 142.491, -37.808 ], [ 142.525, -37.821 ], [ 142.53, -37.799 ], [ 142.652, -37.813 ], [ 142.673, -37.817 ], [ 142.665, -37.83 ], [ 142.7, -37.835 ], [ 142.757, -37.813 ], [ 142.84, -37.822 ], [ 142.842, -37.808 ], [ 142.861, -37.806 ], [ 142.879, -37.808 ], [ 142.879, -37.837 ], [ 142.927, -37.801 ], [ 142.938, -37.802 ], [ 143.007, -37.766 ], [ 143.017, -37.767 ], [ 143.013, -37.787 ], [ 143.035, -37.793 ], [ 143.031, -37.815 ], [ 143.062, -37.825 ], [ 143.064, -37.814 ], [ 143.076, -37.816 ], [ 143.106, -37.834 ], [ 143.107, -37.844 ], [ 143.08, -37.863 ], [ 143.08, -37.877 ], [ 143.089, -37.876 ], [ 143.092, -37.88 ], [ 143.075, -37.885 ], [ 143.08, -37.894 ], [ 143.072, -37.895 ], [ 143.08, -37.898 ], [ 143.081, -37.904 ], [ 143.084, -37.905 ], [ 143.084, -37.908 ], [ 143.098, -37.907 ], [ 143.083, -37.922 ], [ 143.088, -37.925 ], [ 143.074, -37.929 ], [ 143.083, -37.948 ], [ 143.069, -37.961 ], [ 143.052, -37.963 ], [ 143.054, -37.972 ], [ 143.043, -37.981 ], [ 143.049, -37.985 ], [ 143.044, -37.986 ], [ 143.043, -37.989 ], [ 143.036, -37.991 ], [ 143.051, -38.004 ], [ 143.045, -38.013 ], [ 143.031, -38.014 ], [ 143.036, -38.035 ], [ 143.025, -38.036 ], [ 143.013, -38.046 ], [ 143.027, -38.057 ], [ 142.992, -38.08 ], [ 143.005, -38.101 ], [ 143.006, -38.122 ], [ 143.019, -38.136 ], [ 142.941, -38.129 ], [ 142.943, -38.171 ], [ 142.897, -38.167 ], [ 142.891, -38.194 ], [ 142.83, -38.195 ], [ 142.828, -38.203 ], [ 142.817, -38.204 ], [ 142.788, -38.199 ], [ 142.783, -38.228 ], [ 142.792, -38.229 ], [ 142.789, -38.243 ], [ 142.797, -38.253 ], [ 142.832, -38.261 ], [ 142.83, -38.274 ], [ 142.885, -38.28 ], [ 142.879, -38.296 ], [ 142.89, -38.298 ], [ 142.855, -38.312 ], [ 142.858, -38.324 ], [ 142.845, -38.367 ], [ 142.859, -38.369 ], [ 142.835, -38.413 ], [ 142.841, -38.413 ], [ 142.835, -38.457 ], [ 142.851, -38.459 ], [ 142.846, -38.487 ], [ 142.811, -38.492 ], [ 142.807, -38.511 ], [ 142.816, -38.515 ], [ 142.814, -38.522 ], [ 142.838, -38.524 ], [ 142.833, -38.539 ], [ 142.869, -38.566 ], [ 142.874, -38.59 ], [ 142.885, -38.6 ], [ 142.88, -38.609 ], [ 142.858, -38.605 ], [ 142.853, -38.592 ], [ 142.826, -38.586 ], [ 142.823, -38.576 ], [ 142.791, -38.571 ], [ 142.622, -38.459 ], [ 142.619, -38.437 ], [ 142.627, -38.436 ], [ 142.63, -38.42 ], [ 142.625, -38.415 ], [ 142.645, -38.413 ], [ 142.648, -38.4 ], [ 142.689, -38.405 ], [ 142.687, -38.39 ], [ 142.681, -38.39 ], [ 142.694, -38.37 ], [ 142.657, -38.365 ], [ 142.66, -38.359 ], [ 142.65, -38.355 ], [ 142.612, -38.35 ], [ 142.598, -38.356 ], [ 142.604, -38.363 ], [ 142.542, -38.354 ], [ 142.546, -38.347 ], [ 142.521, -38.344 ], [ 142.523, -38.336 ], [ 142.541, -38.329 ], [ 142.547, -38.314 ], [ 142.527, -38.319 ], [ 142.519, -38.307 ], [ 142.493, -38.306 ], [ 142.494, -38.298 ], [ 142.485, -38.297 ], [ 142.482, -38.308 ], [ 142.465, -38.306 ], [ 142.461, -38.328 ], [ 142.438, -38.328 ], [ 142.438, -38.343 ], [ 142.414, -38.346 ], [ 142.405, -38.363 ], [ 142.373, -38.349 ], [ 142.309, -38.356 ], [ 142.252, -38.369 ], [ 142.243, -38.381 ], [ 142.254, -38.391 ], [ 142.247, -38.396 ], [ 142.188, -38.395 ], [ 142.145, -38.391 ], [ 142.136, -38.38 ], [ 142.073, -38.356 ], [ 141.979, -38.298 ], [ 141.87, -38.264 ], [ 141.87, -38.211 ], [ 141.851, -38.211 ], [ 141.851, -38.123 ], [ 141.856, -38.113 ], [ 141.869, -38.113 ], [ 141.846, -38.077 ], [ 141.859, -38.075 ], [ 141.871, -38.026 ], [ 141.834, -38.013 ], [ 141.834, -37.985 ], [ 141.843, -37.985 ], [ 141.847, -37.961 ], [ 141.866, -37.963 ], [ 141.864, -37.972 ], [ 141.915, -37.977 ], [ 141.916, -37.97 ], [ 141.928, -37.983 ], [ 141.934, -37.978 ], [ 141.973, -37.986 ], [ 141.972, -37.981 ], [ 142.017, -37.98 ], [ 142.022, -37.964 ], [ 142.075, -37.962 ], [ 142.085, -37.947 ], [ 142.115, -37.947 ], [ 142.113, -37.957 ], [ 142.134, -37.957 ], [ 142.136, -37.95 ], [ 142.155, -37.952 ], [ 142.162, -37.94 ], [ 142.177, -37.946 ], [ 142.214, -37.934 ], [ 142.217, -37.975 ], [ 142.231, -37.983 ], [ 142.232, -37.998 ], [ 142.25, -37.997 ], [ 142.28, -37.985 ], [ 142.274, -37.977 ], [ 142.274, -37.934 ], [ 142.35, -37.933 ] ], [ [ 143.082, -37.905 ], [ 143.082, -37.906 ], [ 143.083, -37.906 ], [ 143.083, -37.905 ], [ 143.082, -37.905 ] ], [ [ 143.094, -37.907 ], [ 143.095, -37.907 ], [ 143.094, -37.906 ], [ 143.094, -37.907 ] ], [ [ 143.042, -37.988 ], [ 143.042, -37.987 ], [ 143.041, -37.987 ], [ 143.041, -37.989 ], [ 143.042, -37.988 ] ], [ [ 143.021, -38.042 ], [ 143.021, -38.043 ], [ 143.022, -38.043 ], [ 143.021, -38.042 ] ], [ [ 142.861, -38.605 ], [ 142.861, -38.604 ], [ 142.86, -38.604 ], [ 142.86, -38.605 ], [ 142.861, -38.605 ] ], [ [ 142.181, -38.39 ], [ 142.18, -38.39 ], [ 142.18, -38.391 ], [ 142.181, -38.391 ], [ 142.181, -38.39 ] ] ], [ [ [ 143.043, -37.999 ], [ 143.043, -37.998 ], [ 143.044, -37.998 ], [ 143.044, -37.999 ], [ 143.043, -37.999 ] ] ], [ [ [ 143.095, -37.877 ], [ 143.096, -37.88 ], [ 143.098, -37.88 ], [ 143.101, -37.883 ], [ 143.093, -37.881 ], [ 143.095, -37.877 ] ] ] ] } },
{ "type": "Feature", "properties": { "pha_code": 20275.0, "pha_name": "Warrnambool - North/ Warrnambool - South" }, "geometry": { "type": "MultiPolygon", "coordinates": [ [ [ [ 142.559, -38.354 ], [ 142.604, -38.363 ], [ 142.598, -38.356 ], [ 142.612, -38.35 ], [ 142.694, -38.37 ], [ 142.681, -38.39 ], [ 142.687, -38.39 ], [ 142.689, -38.405 ], [ 142.648, -38.4 ], [ 142.645, -38.413 ], [ 142.625, -38.415 ], [ 142.63, -38.42 ], [ 142.627, -38.436 ], [ 142.619, -38.437 ], [ 142.618, -38.457 ], [ 142.534, -38.408 ], [ 142.489, -38.393 ], [ 142.471, -38.404 ], [ 142.405, -38.363 ], [ 142.414, -38.346 ], [ 142.438, -38.343 ], [ 142.438, -38.328 ], [ 142.461, -38.328 ], [ 142.465, -38.306 ], [ 142.482, -38.308 ], [ 142.485, -38.297 ], [ 142.494, -38.298 ], [ 142.493, -38.306 ], [ 142.519, -38.307 ], [ 142.527, -38.319 ], [ 142.547, -38.314 ], [ 142.541, -38.329 ], [ 142.523, -38.336 ], [ 142.521, -38.344 ], [ 142.559, -38.354 ] ] ], [ [ [ 142.454, -38.395 ], [ 142.455, -38.396 ], [ 142.454, -38.396 ], [ 142.454, -38.395 ] ] ] ] } }
]
}
