{"type":"Topology","objects":{"vic_sa3":{"type":"GeometryCollection","geometries":[{"type":"Polygon","arcs":[[0,1,2,3,4,5,6,7,8,9,10,11]],"properties":{"sa3_code_2021":"20501","sa3_name_2021":"Baw Baw","sa4_name_2021":"Latrobe - Gippsland","sa3_name":"Baw Baw","ed_asr_per_100k":32460.2,"poor_health_pct":15.92}},{"type":"MultiPolygon","arcs":[[[12,13,14,15,16,17,18,19,20,21,22,23,24,25,26,27,28]],[[29]],[[30]]],"properties":{"sa3_code_2021":"20502","sa3_name_2021":"Gippsland - East","sa4_name_2021":"Latrobe - Gippsland","sa3_name":"Gippsland - East","ed_asr_per_100k":41064.5,"poor_health_pct":15.46}},{"type":"MultiPolygon","arcs":[[[31,32,33,34,-9,35,36,37]],[[38]],[[39]],[[40]],[[41]],[[42]],[[43]],[[44]],[[45]],[[46]],[[47]],[[48]],[[49]],[[50]],[[51]],[[52]],[[53]],[[54]],[[55]],[[56]],[[57]],[[58]],[[59]],[[60]],[[61]],[[62]],[[63]],[[64]],[[65]],[[66]],[[67]],[[68]],[[69]]],"properties":{"sa3_code_2021":"20503","sa3_name_2021":"Gippsland - South West","sa4_name_2021":"Latrobe - Gippsland","sa3_name":"Gippsland - South West","ed_asr_per_100k":29585.8,"poor_health_pct":14.82}},{"type":"Polygon","arcs":[[70,71,72,-11,73,-34,74,75,76,77,78,79]],"properties":{"sa3_code_2021":"20504","sa3_name_2021":"Latrobe Valley","sa4_name_2021":"Latrobe - Gippsland","sa3_name":"Latrobe Valley","ed_asr_per_100k":41406,"poor_health_pct":17.73}},{"type":"MultiPolygon","arcs":[[[-23,80,-21,81,82,83,-71,84,-79,85,86,87,88,-32,89,-28,90,-26,91,92]],[[93]],[[94]],[[95]],[[96]],[[97]],[[98]],[[99]],[[100]],[[101]],[[102]],[[103]],[[104]],[[105]],[[106]],[[107]],[[108]],[[109]],[[110]],[[111]],[[112]],[[113]],[[114]],[[115]],[[116]],[[117]],[[118]],[[119]],[[120]],[[121]],[[122]],[[123]],[[124]],[[125]],[[126]],[[127]],[[128]],[[129]],[[130]],[[131]],[[132]],[[133]],[[134]],[[135]],[[136]],[[137]],[[138]],[[139]],[[140]],[[141]],[[142]],[[143]],[[144]],[[145]],[[146]],[[147]],[[148]],[[149]],[[150]],[[151]],[[152]],[[153]],[[154]],[[155]],[[156]],[[157]],[[158]],[[159]],[[160]],[[161]],[[162]],[[163]],[[164]],[[165]]],"properties":{"sa3_code_2021":"20505","sa3_name_2021":"Wellington","sa4_name_2021":"Latrobe - Gippsland","sa3_name":"Wellington","ed_asr_per_100k":39953.7,"poor_health_pct":15.64}},{"type":"Polygon","arcs":[[166,167,168,169,170,171]],"properties":{"sa3_code_2021":"20101","sa3_name_2021":"Ballarat","sa4_name_2021":"Ballarat","sa3_name":"Ballarat","ed_asr_per_100k":27433.1,"poor_health_pct":17.21}},{"type":"Polygon","arcs":[[172,-167,173,-171,174,175,176,177,178,179,180,181,182,183,184,185,186]],"properties":{"sa3_code_2021":"20102","sa3_name_2021":"Creswick - Daylesford - Ballan","sa4_name_2021":"Ballarat","sa3_name":"Creswick - Daylesford - Ballan","ed_asr_per_100k":20478.1,"poor_health_pct":14.23}},{"type":"Polygon","arcs":[[187,188,189,190,191,192,193,194,-169,195,-187,196,-185,197,198,199,200,201,202,203,204]],"properties":{"sa3_code_2021":"20103","sa3_name_2021":"Maryborough - Pyrenees","sa4_name_2021":"Ballarat","sa3_name":"Maryborough - Pyrenees","ed_asr_per_100k":19200.9,"poor_health_pct":16.42}},{"type":"Polygon","arcs":[[205,206,207,208,209,210,211]],"properties":{"sa3_code_2021":"20201","sa3_name_2021":"Bendigo","sa4_name_2021":"Bendigo","sa3_name":"Bendigo","ed_asr_per_100k":38011.9,"poor_health_pct":17.52}},{"type":"Polygon","arcs":[[212,213,-182,214,215,216,217,218,219,220,221,222,223,-208,224,225,226,227,228,229]],"properties":{"sa3_code_2021":"20202","sa3_name_2021":"Heathcote - Castlemaine - Kyneton","sa4_name_2021":"Bendigo","sa3_name":"Heathcote - Castlemaine - Kyneton","ed_asr_per_100k":19215.7,"poor_health_pct":13.88}},{"type":"Polygon","arcs":[[230,231,232,233,234,235,-202,236,237,-226,238,-206,239,-211,240,241,242,243]],"properties":{"sa3_code_2021":"20203","sa3_name_2021":"Loddon - Elmore","sa4_name_2021":"Bendigo","sa3_name":"Loddon - Elmore","ed_asr_per_100k":30583.1,"poor_health_pct":14.94}},{"type":"Polygon","arcs":[[-192,244,245,246,247,248,249,250,251,252,253,-176,254,-194,255]],"properties":{"sa3_code_2021":"20301","sa3_name_2021":"Barwon - West","sa4_name_2021":"Geelong","sa3_name":"Barwon - West","ed_asr_per_100k":16417.6,"poor_health_pct":14.82}},{"type":"Polygon","arcs":[[256,257,-253,258,259,260]],"properties":{"sa3_code_2021":"20302","sa3_name_2021":"Geelong","sa4_name_2021":"Geelong","sa3_name":"Geelong","ed_asr_per_100k":22109.6,"poor_health_pct":15.34}},{"type":"MultiPolygon","arcs":[[[261,-250,262,263,264]],[[265]],[[266]],[[267]],[[268]]],"properties":{"sa3_code_2021":"20303","sa3_name_2021":"Surf Coast - Bellarine Peninsula","sa4_name_2021":"Geelong","sa3_name":"Surf Coast - Bellarine Peninsula","ed_asr_per_100k":16771.9,"poor_health_pct":12.72}},{"type":"Polygon","arcs":[[269,270,271,272,273,274,275,276,277,-220,278,-218,279,280,281,282,283,284,285,286,287,288,289,290,-4,291,292,293,294]],"properties":{"sa3_code_2021":"20401","sa3_name_2021":"Upper Goulburn Valley","sa4_name_2021":"Hume","sa3_name":"Upper Goulburn Valley","ed_asr_per_100k":19511.3,"poor_health_pct":15.15}},{"type":"Polygon","arcs":[[-273,295,-271,296,297,-294,298,299,300,301,302,303,304,305]],"properties":{"sa3_code_2021":"20402","sa3_name_2021":"Wangaratta - Benalla","sa4_name_2021":"Hume","sa3_name":"Wangaratta - Benalla","ed_asr_per_100k":43607.2,"poor_health_pct":15.6}},{"type":"Polygon","arcs":[[306,-17,307,-15,308,-13,309,-302,310,-300,311]],"properties":{"sa3_code_2021":"20403","sa3_name_2021":"Wodonga - Alpine","sa4_name_2021":"Hume","sa3_name":"Wodonga - Alpine","ed_asr_per_100k":41837.2,"poor_health_pct":16.26}},{"type":"Polygon","arcs":[[312]],"properties":{"sa3_code_2021":"20601","sa3_name_2021":"Brunswick - Coburg","sa4_name_2021":"Melbourne - Inner","sa3_name":"Brunswick - Coburg","ed_asr_per_100k":25335.1,"poor_health_pct":13.98}},{"type":"Polygon","arcs":[[313]],"properties":{"sa3_code_2021":"20602","sa3_name_2021":"Darebin - South","sa4_name_2021":"Melbourne - Inner","sa3_name":"Darebin - South","ed_asr_per_100k":24897,"poor_health_pct":10.93}},{"type":"Polygon","arcs":[[314]],"properties":{"sa3_code_2021":"20603","sa3_name_2021":"Essendon","sa4_name_2021":"Melbourne - Inner","sa3_name":"Essendon","ed_asr_per_100k":22331.9,"poor_health_pct":13.17}},{"type":"Polygon","arcs":[[315,316]],"properties":{"sa3_code_2021":"20604","sa3_name_2021":"Melbourne City","sa4_name_2021":"Melbourne - Inner","sa3_name":"Melbourne City","ed_asr_per_100k":21337.6,"poor_health_pct":10.97}},{"type":"Polygon","arcs":[[317]],"properties":{"sa3_code_2021":"20605","sa3_name_2021":"Port Phillip","sa4_name_2021":"Melbourne - Inner","sa3_name":"Port Phillip","ed_asr_per_100k":22845.2,"poor_health_pct":10.84}},{"type":"Polygon","arcs":[[318]],"properties":{"sa3_code_2021":"20606","sa3_name_2021":"Stonnington - West","sa4_name_2021":"Melbourne - Inner","sa3_name":"Stonnington - West","ed_asr_per_100k":20350.7,"poor_health_pct":9.45}},{"type":"Polygon","arcs":[[319]],"properties":{"sa3_code_2021":"20607","sa3_name_2021":"Yarra","sa4_name_2021":"Melbourne - Inner","sa3_name":"Yarra","ed_asr_per_100k":22840.9,"poor_health_pct":11.19}},{"type":"Polygon","arcs":[[320]],"properties":{"sa3_code_2021":"20701","sa3_name_2021":"Boroondara","sa4_name_2021":"Melbourne - Inner East","sa3_name":"Boroondara","ed_asr_per_100k":15422,"poor_health_pct":9.31}},{"type":"Polygon","arcs":[[321]],"properties":{"sa3_code_2021":"20702","sa3_name_2021":"Manningham - West","sa4_name_2021":"Melbourne - Inner East","sa3_name":"Manningham - West","ed_asr_per_100k":18984.4,"poor_health_pct":10.74}},{"type":"Polygon","arcs":[[322]],"properties":{"sa3_code_2021":"20703","sa3_name_2021":"Whitehorse - West","sa4_name_2021":"Melbourne - Inner East","sa3_name":"Whitehorse - West","ed_asr_per_100k":18496.7,"poor_health_pct":11.54}},{"type":"Polygon","arcs":[[323]],"properties":{"sa3_code_2021":"20801","sa3_name_2021":"Bayside","sa4_name_2021":"Melbourne - Inner South","sa3_name":"Bayside","ed_asr_per_100k":20749.9,"poor_health_pct":8.8}},{"type":"Polygon","arcs":[[324,325]],"properties":{"sa3_code_2021":"20802","sa3_name_2021":"Glen Eira","sa4_name_2021":"Melbourne - Inner South","sa3_name":"Glen Eira","ed_asr_per_100k":17419.8,"poor_health_pct":12.17}},{"type":"Polygon","arcs":[[326]],"properties":{"sa3_code_2021":"20803","sa3_name_2021":"Kingston","sa4_name_2021":"Melbourne - Inner South","sa3_name":"Kingston","ed_asr_per_100k":22308.3,"poor_health_pct":11.89}},{"type":"Polygon","arcs":[[327]],"properties":{"sa3_code_2021":"20804","sa3_name_2021":"Stonnington - East","sa4_name_2021":"Melbourne - Inner South","sa3_name":"Stonnington - East","ed_asr_per_100k":9725.1,"poor_health_pct":9.8}},{"type":"Polygon","arcs":[[328,329]],"properties":{"sa3_code_2021":"20901","sa3_name_2021":"Banyule","sa4_name_2021":"Melbourne - North East","sa3_name":"Banyule","ed_asr_per_100k":28998.1,"poor_health_pct":12.32}},{"type":"Polygon","arcs":[[330]],"properties":{"sa3_code_2021":"20902","sa3_name_2021":"Darebin - North","sa4_name_2021":"Melbourne - North East","sa3_name":"Darebin - North","ed_asr_per_100k":26599.7,"poor_health_pct":13.53}},{"type":"Polygon","arcs":[[-329,331,332,-289,333,-287,334,335,336]],"properties":{"sa3_code_2021":"20903","sa3_name_2021":"Nillumbik - Kinglake","sa4_name_2021":"Melbourne - North East","sa3_name":"Nillumbik - Kinglake","ed_asr_per_100k":19589.6,"poor_health_pct":12.37}},{"type":"Polygon","arcs":[[337,338,339,-336,340,-285,341]],"properties":{"sa3_code_2021":"20904","sa3_name_2021":"Whittlesea - Wallan","sa4_name_2021":"Melbourne - North East","sa3_name":"Whittlesea - Wallan","ed_asr_per_100k":26572.6,"poor_health_pct":16.86}},{"type":"Polygon","arcs":[[342]],"properties":{"sa3_code_2021":"21001","sa3_name_2021":"Keilor","sa4_name_2021":"Melbourne - North West","sa3_name":"Keilor","ed_asr_per_100k":22562.1,"poor_health_pct":11.62}},{"type":"Polygon","arcs":[[343,344,345,-282,346,347]],"properties":{"sa3_code_2021":"21002","sa3_name_2021":"Macedon Ranges","sa4_name_2021":"Melbourne - North West","sa3_name":"Macedon Ranges","ed_asr_per_100k":18072.1,"poor_health_pct":13.03}},{"type":"Polygon","arcs":[[348]],"properties":{"sa3_code_2021":"21003","sa3_name_2021":"Moreland - North","sa4_name_2021":"Melbourne - North West","sa3_name":"Moreland - North","ed_asr_per_100k":26565.2,"poor_health_pct":15.47}},{"type":"Polygon","arcs":[[349,-344,350,351,352]],"properties":{"sa3_code_2021":"21004","sa3_name_2021":"Sunbury","sa4_name_2021":"Melbourne - North West","sa3_name":"Sunbury","ed_asr_per_100k":24653.3,"poor_health_pct":15.66}},{"type":"Polygon","arcs":[[-352,353,-339,354]],"properties":{"sa3_code_2021":"21005","sa3_name_2021":"Tullamarine - Broadmeadows","sa4_name_2021":"Melbourne - North West","sa3_name":"Tullamarine - Broadmeadows","ed_asr_per_100k":28800.7,"poor_health_pct":20.26}},{"type":"Polygon","arcs":[[355,356]],"properties":{"sa3_code_2021":"21101","sa3_name_2021":"Knox","sa4_name_2021":"Melbourne - Outer East","sa3_name":"Knox","ed_asr_per_100k":25015.4,"poor_health_pct":13.99}},{"type":"Polygon","arcs":[[357]],"properties":{"sa3_code_2021":"21102","sa3_name_2021":"Manningham - East","sa4_name_2021":"Melbourne - Outer East","sa3_name":"Manningham - East","ed_asr_per_100k":18918.4,"poor_health_pct":10.14}},{"type":"Polygon","arcs":[[358]],"properties":{"sa3_code_2021":"21103","sa3_name_2021":"Maroondah","sa4_name_2021":"Melbourne - Outer East","sa3_name":"Maroondah","ed_asr_per_100k":25344,"poor_health_pct":13.97}},{"type":"Polygon","arcs":[[359]],"properties":{"sa3_code_2021":"21104","sa3_name_2021":"Whitehorse - East","sa4_name_2021":"Melbourne - Outer East","sa3_name":"Whitehorse - East","ed_asr_per_100k":18541,"poor_health_pct":12.35}},{"type":"Polygon","arcs":[[360,361,362,363,364,-356,365]],"properties":{"sa3_code_2021":"21105","sa3_name_2021":"Yarra Ranges","sa4_name_2021":"Melbourne - Outer East","sa3_name":"Yarra Ranges","ed_asr_per_100k":26229.6,"poor_health_pct":14.58}},{"type":"Polygon","arcs":[[-37,366,-7,367,368,369,370]],"properties":{"sa3_code_2021":"21201","sa3_name_2021":"Cardinia","sa4_name_2021":"Melbourne - South East","sa3_name":"Cardinia","ed_asr_per_100k":26219.4,"poor_health_pct":17.42}},{"type":"Polygon","arcs":[[371]],"properties":{"sa3_code_2021":"21202","sa3_name_2021":"Casey - North","sa4_name_2021":"Melbourne - South East","sa3_name":"Casey - North","ed_asr_per_100k":26239.7,"poor_health_pct":15.91}},{"type":"Polygon","arcs":[[372]],"properties":{"sa3_code_2021":"21203","sa3_name_2021":"Casey - South","sa4_name_2021":"Melbourne - South East","sa3_name":"Casey - South","ed_asr_per_100k":24203.2,"poor_health_pct":19.44}},{"type":"Polygon","arcs":[[373,374,375]],"properties":{"sa3_code_2021":"21204","sa3_name_2021":"Dandenong","sa4_name_2021":"Melbourne - South East","sa3_name":"Dandenong","ed_asr_per_100k":24272.4,"poor_health_pct":15.68}},{"type":"Polygon","arcs":[[376,377]],"properties":{"sa3_code_2021":"21205","sa3_name_2021":"Monash","sa4_name_2021":"Melbourne - South East","sa3_name":"Monash","ed_asr_per_100k":17811.1,"poor_health_pct":11.11}},{"type":"Polygon","arcs":[[378,379]],"properties":{"sa3_code_2021":"21301","sa3_name_2021":"Brimbank","sa4_name_2021":"Melbourne - West","sa3_name":"Brimbank","ed_asr_per_100k":26618.1,"poor_health_pct":16.03}},{"type":"Polygon","arcs":[[380]],"properties":{"sa3_code_2021":"21302","sa3_name_2021":"Hobsons Bay","sa4_name_2021":"Melbourne - West","sa3_name":"Hobsons Bay","ed_asr_per_100k":32524.2,"poor_health_pct":12.63}},{"type":"Polygon","arcs":[[381]],"properties":{"sa3_code_2021":"21303","sa3_name_2021":"Maribyrnong","sa4_name_2021":"Melbourne - West","sa3_name":"Maribyrnong","ed_asr_per_100k":25782.9,"poor_health_pct":12.99}},{"type":"Polygon","arcs":[[382,-180,383,384,385,386]],"properties":{"sa3_code_2021":"21304","sa3_name_2021":"Melton - Bacchus Marsh","sa4_name_2021":"Melbourne - West","sa3_name":"Melton - Bacchus Marsh","ed_asr_per_100k":23254.3,"poor_health_pct":19.26}},{"type":"Polygon","arcs":[[387,388]],"properties":{"sa3_code_2021":"21305","sa3_name_2021":"Wyndham","sa4_name_2021":"Melbourne - West","sa3_name":"Wyndham","ed_asr_per_100k":22467.8,"poor_health_pct":18.7}},{"type":"Polygon","arcs":[[389,390,391]],"properties":{"sa3_code_2021":"21401","sa3_name_2021":"Frankston","sa4_name_2021":"Mornington Peninsula","sa3_name":"Frankston","ed_asr_per_100k":28816,"poor_health_pct":16.45}},{"type":"MultiPolygon","arcs":[[[-391,392]],[[393]],[[394]],[[395]],[[396]],[[397]],[[398]],[[399]],[[400]],[[401]],[[402]],[[403]],[[404]],[[405]],[[406]],[[407]],[[408]],[[409]],[[410]],[[411]],[[412]],[[413]],[[414]],[[415]]],"properties":{"sa3_code_2021":"21402","sa3_name_2021":"Mornington Peninsula","sa4_name_2021":"Mornington Peninsula","sa3_name":"Mornington Peninsula","ed_asr_per_100k":25456.7,"poor_health_pct":12.72}},{"type":"Polygon","arcs":[[416,417,418,419,-188,420,421,422,423,424,425,426,427,428,429,430,431,432,433,434]],"properties":{"sa3_code_2021":"21501","sa3_name_2021":"Grampians","sa4_name_2021":"North West","sa3_name":"Grampians","ed_asr_per_100k":29801.4,"poor_health_pct":15.33}},{"type":"Polygon","arcs":[[-433,435,436,437,438]],"properties":{"sa3_code_2021":"21502","sa3_name_2021":"Mildura","sa4_name_2021":"North West","sa3_name":"Mildura","ed_asr_per_100k":43090.3,"poor_health_pct":17.65}},{"type":"Polygon","arcs":[[439,-428,440,-426,441,-233,442,443,444,445,-438,446,-430]],"properties":{"sa3_code_2021":"21503","sa3_name_2021":"Murray River - Swan Hill","sa4_name_2021":"North West","sa3_name":"Murray River - Swan Hill","ed_asr_per_100k":48202.4,"poor_health_pct":15.16}},{"type":"Polygon","arcs":[[447,448,-222,449,-277,450,451,452,453,454,455,456,-445,457]],"properties":{"sa3_code_2021":"21601","sa3_name_2021":"Campaspe","sa4_name_2021":"Shepparton","sa3_name":"Campaspe","ed_asr_per_100k":51250.4,"poor_health_pct":16.39}},{"type":"Polygon","arcs":[[-456,458,459,460,461,462,-304,463]],"properties":{"sa3_code_2021":"21602","sa3_name_2021":"Moira","sa4_name_2021":"Shepparton","sa3_name":"Moira","ed_asr_per_100k":28639.1,"poor_health_pct":15.78}},{"type":"Polygon","arcs":[[-452,464,-275,465,466,-462,467,-460,468,-454,469]],"properties":{"sa3_code_2021":"21603","sa3_name_2021":"Shepparton","sa4_name_2021":"Shepparton","sa3_name":"Shepparton","ed_asr_per_100k":43127.3,"poor_health_pct":17.63}},{"type":"Polygon","arcs":[[470,471,-435,472]],"properties":{"sa3_code_2021":"21701","sa3_name_2021":"Glenelg - Southern Grampians","sa4_name_2021":"Warrnambool and South West","sa3_name":"Glenelg - Southern Grampians","ed_asr_per_100k":29970.8,"poor_health_pct":15.46}},{"type":"MultiPolygon","arcs":[[[473,474,-264,475,-248,476,-246,477,-190,478,479,480,481]],[[482]],[[483]],[[484]],[[485]],[[486]],[[487]],[[488]],[[489]],[[490]],[[491]],[[492]],[[493]],[[494]],[[495]],[[496]],[[497]],[[498]],[[499]],[[500]],[[501]],[[502]]],"properties":{"sa3_code_2021":"21703","sa3_name_2021":"Colac - Corangamite","sa4_name_2021":"Warrnambool and South West","sa3_name":"Colac - Corangamite","ed_asr_per_100k":12532.5,"poor_health_pct":15.02}},{"type":"MultiPolygon","arcs":[[[-474,503,-481,504,-418,505,-471,506]],[[507]]],"properties":{"sa3_code_2021":"21704","sa3_name_2021":"Warrnambool","sa4_name_2021":"Warrnambool and South West","sa3_name":"Warrnambool","ed_asr_per_100k":35519.2,"poor_health_pct":15.85}}]}},"arcs":[[[146.30700385205253,-38.155508006932074],[146.34179317216527,-38.08178017702109],[146.4161820320225,-38.11553699716636],[146.50639189220465,-38.081332697438846],[146.4996950119486,-38.00773599742073],[146.47320798187877,-37.99613999732134],[146.51599598123147,-37.67803799723821]],[[146.51599598123147,-37.67803799723821],[146.44365700139406,-37.61212199741318],[146.36790600181703,-37.62942700699651]],[[146.36790600181703,-37.62942700699651],[146.1867629912238,-37.58000099737119],[146.1297490114187,-37.6480730075048]],[[146.1297490114187,-37.6480730075048],[146.1632240019477,-37.74734899700824],[146.13376101144507,-37.78802600703925],[146.08909501212574,-37.753790997268865],[145.94361401158764,-37.758231997447034],[145.91746701181916,-37.777522997284436]],[[145.91746701181916,-37.777522997284436],[145.92637999186363,-37.829645986856946],[145.84470602142756,-37.79762598738342],[145.7949499817572,-37.815109007340986]],[[145.7949499817572,-37.815109007340986],[145.8176149920085,-37.85775098681558],[145.7694979815746,-37.880902996986684],[145.73106699191126,-37.95883398720873],[145.76253586205286,-37.9907228670024]],[[145.76253586205286,-37.9907228670024],[145.73921091166457,-38.10053005678861],[145.76278651178004,-38.108945686709816],[145.70080236191706,-38.20592583702984]],[[145.70080236191706,-38.20592583702984],[145.7128310119806,-38.25180098706546],[145.83492467233728,-38.28202488685342]],[[145.83492467233728,-38.28202488685342],[145.84404095191036,-38.32255146690517],[145.94066280243584,-38.330812156951936],[145.99912901220392,-38.29387100679911],[145.9865757523027,-38.32770720704401],[146.05521601238252,-38.32320199666148],[146.12251879239534,-38.36005183676229]],[[146.12251879239534,-38.36005183676229],[146.28253768192732,-38.299905617217235],[146.2582336415412,-38.26480030695061],[146.2913307521527,-38.22718512694372]],[[146.2913307521527,-38.22718512694372],[146.2134970921327,-38.22993296674789]],[[146.2134970921327,-38.22993296674789],[146.25446973194175,-38.14835890695022],[146.30700385205253,-38.155508006932074]],[[148.1344648802186,-36.743739118040565],[147.96021532013012,-36.61242764851684],[147.54188802031808,-36.737567997974985],[147.45848603083866,-36.80302598809702]],[[147.45848603083866,-36.80302598809702],[147.3801300211422,-36.75072599836776],[147.2894628906327,-36.7390970580469],[147.28293180075065,-36.82696184827064]],[[147.28293180075065,-36.82696184827064],[147.3332842804472,-36.82994219794963],[147.3417079310884,-36.86181802843419],[147.28925075078342,-36.90516245807445],[147.2632950113221,-37.006704997886445]],[[147.2632950113221,-37.006704997886445],[147.38918600130177,-37.03160999820374],[147.3805149806825,-37.098712988039544]],[[147.3805149806825,-37.098712988039544],[147.3163970014397,-37.113863988236446]],[[147.3163970014397,-37.113863988236446],[147.38478300146318,-37.21159199796102],[147.3369850115327,-37.27553830767926]],[[147.3369850115327,-37.27553830767926],[147.2032650709012,-37.25682675745754]],[[147.2032650709012,-37.25682675745754],[147.1875192613623,-37.37142605769509],[147.14190408145257,-37.3387973280093],[147.08327990114512,-37.35460226775924]],[[147.08327990114512,-37.35460226775924],[147.13361603150346,-37.408537897515664],[147.11020000092856,-37.43165798752078],[147.16701396095414,-37.468287897915346]],[[147.16701396095414,-37.468287897915346],[147.15709797147085,-37.60011160772696],[147.22206100129125,-37.63265799732319]],[[147.22206100129125,-37.63265799732319],[147.19840382157153,-37.726067337277485],[147.28131412177353,-37.77460619770507]],[[147.28131412177353,-37.77460619770507],[147.2739130117421,-37.91960100710893],[147.35238115184728,-37.94364049756953]],[[147.35238115184728,-37.94364049756953],[147.3586016213721,-37.917276477487285],[147.36159601164127,-37.91780198724612]],[[147.36159601164127,-37.91780198724612],[147.38143500106048,-37.98005298754575],[147.463588001715,-38.01301099727734]],[[147.463588001715,-38.01301099727734],[147.45070602130187,-38.07711299754006],[147.5705400117822,-38.05368398767791]],[[147.5705400117822,-38.05368398767791],[147.66098201100675,-37.976376007760834],[147.81588950094508,-37.93284206768187]],[[147.81588950094508,-37.93284206768187],[147.86622505099183,-37.889503017419365],[147.97832706126042,-37.88985383777641],[148.2629457311287,-37.814673447483834],[148.72778550115692,-37.815437107996075],[148.8087331208036,-37.78641709799378],[149.12275521119315,-37.77729966804561],[149.2754975609724,-37.80377694832086],[149.48495803041797,-37.77544110796004],[149.6773288007781,-37.685081868523135],[149.77524772065746,-37.55783788837793],[149.9761924307042,-37.50515932830439],[148.20089743077466,-36.79871596858313],[148.1088885505057,-36.80086597822716],[148.1344648802186,-36.743739118040565]],[[149.90578650049247,-37.56435123858751],[149.91017453080514,-37.569311278669055],[149.91846937022115,-37.56840523848049],[149.91808324017606,-37.56121113877043],[149.9095211807091,-37.55102805840704],[149.90480918017568,-37.54830503846229],[149.90578650049247,-37.56435123858751]],[[149.8441500103225,-37.5556108182411],[149.84323744057144,-37.55702046871865],[149.8466333607046,-37.557048438600184],[149.84506893026432,-37.55471449832388],[149.8441500103225,-37.5556108182411]],[[146.5256022423846,-38.619308906992366],[146.31269599181604,-38.56184600689515]],[[146.31269599181604,-38.56184600689515],[146.32730639192124,-38.53074977673728],[146.28449773221539,-38.523581106812756],[146.28525193167678,-38.45278602715896],[146.19228603211823,-38.43908499708597]],[[146.19228603211823,-38.43908499708597],[146.2306640220781,-38.42512029659005],[146.2408691019963,-38.37917206702328],[146.2108043417629,-38.36988718680333],[146.27215299195285,-38.3565599970192],[146.30364833185263,-38.30498539673005]],[[146.30364833185263,-38.30498539673005],[146.12251879239534,-38.36005183676229]],[[145.83492467233728,-38.28202488685342],[145.75362227205227,-38.25693342689992],[145.7326801119383,-38.28937469680058]],[[145.7326801119383,-38.28937469680058],[145.61244798183583,-38.28557305702026]],[[145.61244798183583,-38.28557305702026],[145.6056835024564,-38.33245663689249],[145.5457813123504,-38.291336636738905],[145.51549704248913,-38.317851986500365],[145.55198591223748,-38.34947699699618],[145.5348218524094,-38.39792795657164],[145.41647904194448,-38.406920026631944],[145.43448014207277,-38.49362297637054],[145.36377760252728,-38.52382635641897],[145.4836860121407,-38.556001006693855],[145.60669583281467,-38.67878194683108],[145.7138600123756,-38.645539006589686],[145.84256266271925,-38.740308856696146],[145.9211969121002,-38.90960999616543],[146.00628611195643,-38.87791999621918],[146.01145802206753,-38.824151006464085],[146.08532913252088,-38.816291486624095],[146.22056933253185,-38.90349179660667],[146.26949678235385,-38.972960016240975],[146.24899133192702,-38.99604331674815],[146.3285842921253,-39.02781175656784],[146.3459398619921,-39.12548222653384],[146.42481201220977,-39.13099422656716],[146.43083674242746,-39.06577939639552],[146.48067311214552,-39.066307776643605],[146.47539236215457,-39.02566649653146],[146.43175490239452,-39.01097706676023],[146.48929529226112,-38.91046392638945],[146.4772481018685,-38.78955848661353],[146.43795953192594,-38.778922026407116],[146.4148609426163,-38.852078456603735],[146.29910769214615,-38.90634090649086],[146.27281419242618,-38.80604787679533],[146.23304755256413,-38.809044276739925],[146.1855602818056,-38.74337025666068],[146.24394072222708,-38.682832176708246],[146.35113253216946,-38.67298517703507],[146.40682580255563,-38.72237708672616],[146.52577554177597,-38.69238224657074],[146.5256022423846,-38.619308906992366]],[[145.1099098126316,-38.51957272644116],[145.11089877241943,-38.51966372630723],[145.11216277209277,-38.5186227364946],[145.10952480278567,-38.51841173657463],[145.1099098126316,-38.51957272644116]],[[145.11397576277898,-38.518815706413626],[145.1143417525954,-38.518804696342904],[145.11491272268833,-38.51826869679436],[145.11364671258536,-38.51860169676448],[145.11397576277898,-38.518815706413626]],[[145.34406399276884,-38.561621046560866],[145.3442918621188,-38.56156901636684],[145.3439318622687,-38.56141898681902],[145.34389006276018,-38.561509966771354],[145.34406399276884,-38.561621046560866]],[[145.34743717205063,-38.56337604680098],[145.34754302233722,-38.56320602618113],[145.34736913275268,-38.5630610461854],[145.34735114219248,-38.56337604680098],[145.34743717205063,-38.56337604680098]],[[145.35086003265917,-38.5658569662479],[145.35100296270573,-38.56582699614912],[145.35112498266741,-38.56577003613999],[145.35091584229284,-38.56570397666104],[145.35086003265917,-38.5658569662479]],[[145.27657844242665,-38.3875686363734],[145.2703798720318,-38.40911188666389],[145.35255170227302,-38.42004851654769],[145.40608690224138,-38.37276295661603],[145.50341007200078,-38.35329300662252],[145.45236996249696,-38.30685596645422],[145.35199295196293,-38.311261026628834],[145.29726109183147,-38.28201498652932],[145.27657844242665,-38.3875686363734]],[[145.36606958210945,-38.41638875677881],[145.36850683274784,-38.419094936276146],[145.37210325236083,-38.417612866569726],[145.3688427020528,-38.41127564623704],[145.36606958210945,-38.41638875677881]],[[145.2891369619639,-38.455115046845954],[145.2952119825661,-38.45554398652357],[145.29647915239408,-38.455075976292825],[145.2935491219235,-38.45399102627683],[145.2891369619639,-38.455115046845954]],[[145.34814096254988,-38.42175203683381],[145.3483141227024,-38.42156196631413],[145.3480729322351,-38.4214069668295],[145.34792317229747,-38.42169299640898],[145.34814096254988,-38.42175203683381]],[[145.24750017251242,-38.50478019626742],[145.36108189220857,-38.56582799634667],[145.3409368126361,-38.5349877563787],[145.36284083216245,-38.51198296646227],[145.29731880230028,-38.506446146420764],[145.3104117924821,-38.46062428665721],[145.273249902228,-38.460288346370184],[145.29859707261025,-38.45145402654274],[145.20005674223472,-38.45102526656647],[145.11615587246396,-38.5183510265496],[145.22120316217638,-38.52995300664091],[145.24750017251242,-38.50478019626742]],[[145.33784402270734,-38.49381959623287],[145.33295820265798,-38.49949269652613],[145.34605119194148,-38.50871555679241],[145.34567911244577,-38.504115546718374],[145.33784402270734,-38.49381959623287]],[[146.29285572229756,-39.15779094663324],[146.294931802581,-39.159000586762566],[146.29606253269037,-39.15646828659921],[146.2940225125791,-39.156067406172454],[146.29285572229756,-39.15779094663324]],[[146.298538442327,-39.155590536600414],[146.29927242250795,-39.15541855668341],[146.2995032823495,-39.15464679641934],[146.29916930220156,-39.15445883638561],[146.298538442327,-39.155590536600414]],[[146.67982693185868,-38.955044656794605],[146.68158689229867,-38.955324626602966],[146.6842868318857,-38.95381456667285],[146.68075684178964,-38.95257458692166],[146.67982693185868,-38.955044656794605]],[[146.7050864626017,-38.95174445688873],[146.70727643219524,-38.951224436810435],[146.7069663921497,-38.94961441641707],[146.70381644241937,-38.94934441643722],[146.7050864626017,-38.95174445688873]],[[146.67632676223676,-38.941814466788244],[146.67895666197768,-38.940774436425336],[146.6737167224501,-38.93770437697448],[146.6733667621716,-38.938904476534226],[146.67632676223676,-38.941814466788244]],[[146.66206665209174,-38.922112926929636],[146.6606467623772,-38.92687340636364],[146.66532665173256,-38.925993266779386],[146.6645766123692,-38.92347303690155],[146.66206665209174,-38.922112926929636]],[[146.30225023257196,-39.15422589654121],[146.30288121282078,-39.15392597639602],[146.302238152028,-39.15319918672104],[146.301822202407,-39.15395296618944],[146.30225023257196,-39.15422589654121]],[[146.35623297231663,-39.13884930630969],[146.3595389926494,-39.14083228613912],[146.36831282275807,-39.139124166697634],[146.360309872029,-39.13745725633385],[146.35623297231663,-39.13884930630969]],[[146.2239121424688,-38.96971326630663],[146.2244071923438,-38.972157276602104],[146.23385405194136,-38.967913196439945],[146.22398715269333,-38.96669824652186],[146.2239121424688,-38.96971326630663]],[[146.5139608919727,-38.91020843692301],[146.51246786232608,-38.90839246639399],[146.50578507214533,-38.91339461635985],[146.51200697178814,-38.9137385165222],[146.5139608919727,-38.91020843692301]],[[146.2767755723863,-38.772380606892405],[146.27862853181443,-38.772750586411625],[146.2796864822161,-38.77156557642995],[146.27693051200984,-38.77105058656444],[146.2767755723863,-38.772380606892405]],[[146.31047346278507,-39.157253036684196],[146.31542436218348,-39.156624206526054],[146.3089277622184,-39.1499740963771],[146.30663100270058,-39.15249037614179],[146.31047346278507,-39.157253036684196]],[[146.30470800252806,-39.151910546235534],[146.30553198222242,-39.15179257619633],[146.3056119628254,-39.151661616723786],[146.30448688222083,-39.151177746137215],[146.30470800252806,-39.151910546235534]],[[146.2314112524095,-39.08845099646413],[146.23668134209296,-39.09785314614798],[146.24144215258738,-39.088848026789265],[146.2221710628194,-39.07131986640654],[146.2314112524095,-39.08845099646413]],[[146.23916389207622,-39.019106546691695],[146.2364060219331,-39.02233760641516],[146.24203710230844,-39.02954159631635],[146.24623799198795,-39.024356526774625],[146.23916389207622,-39.019106546691695]],[[146.23741857237866,-39.10926927650805],[146.2413515224567,-39.108028256363724],[146.23662842233955,-39.10096617615043],[146.2355145122856,-39.10491821641419],[146.23741857237866,-39.10926927650805]],[[146.23450171210837,-39.114355326313564],[146.23712073235293,-39.1177623664321],[146.23931861251083,-39.114245326193284],[146.23834658237283,-39.11173028632626],[146.23450171210837,-39.114355326313564]],[[146.32170134202792,-39.14456749676908],[146.32921417283623,-39.139373436668855],[146.31207227264963,-39.13476539651949],[146.3173153526875,-39.141940456410225],[146.32170134202792,-39.14456749676908]],[[146.24027666216807,-39.11574734644239],[146.24225668200498,-39.117642356317944],[146.2437186524006,-39.11698236638441],[146.24226960247367,-39.11401931663791],[146.24027666216807,-39.11574734644239]],[[146.36787406221708,-38.841916316503124],[146.3684861320309,-38.84417733666472],[146.37065007204066,-38.84378524640877],[146.37092699210004,-38.841137206829934],[146.36787406221708,-38.841916316503124]],[[146.39394535197346,-38.80637975689175],[146.39284634227508,-38.80662575699106],[146.3926133920539,-38.80736177673934],[146.39431634181275,-38.807038746696655],[146.39394535197346,-38.80637975689175]],[[146.5240530015574,-37.96367099720092],[146.47331299134223,-37.99469200688965]],[[146.47331299134223,-37.99469200688965],[146.51275610205636,-38.05272899744042],[146.47897725189088,-38.10379989700281],[146.3268967915927,-38.08585652716775],[146.30700385205253,-38.155508006932074]],[[146.30700385205253,-38.155508006932074],[146.22226307186406,-38.17454803709286],[146.2134970921327,-38.22993296674789]],[[146.2913307521527,-38.22718512694372],[146.25962893178993,-38.276788146852454],[146.30364833185263,-38.30498539673005]],[[146.19228603211823,-38.43908499708597],[146.2815709024421,-38.449062986882794],[146.29038799182158,-38.527855986691655],[146.36820274230482,-38.533253846958644],[146.424728502126,-38.47228739656523]],[[146.424728502126,-38.47228739656523],[146.5789654616885,-38.41436797710644],[146.59772500222468,-38.31054100688077]],[[146.59772500222468,-38.31054100688077],[146.71217900133308,-38.15515598733714],[146.5712807813697,-38.15354909717295],[146.6161530114204,-38.06871199697758]],[[146.6161530114204,-38.06871199697758],[146.663050911894,-38.054225267375834],[146.62434795188858,-38.04924178703528]],[[146.62434795188858,-38.04924178703528],[146.65556593155443,-37.99678374733916]],[[146.65556593155443,-37.99678374733916],[146.5872589913608,-37.97810099745823],[146.5240530015574,-37.96367099720092]],[[147.22206100129125,-37.63265799732319],[147.15658248132982,-37.5984839378721],[147.16701396095414,-37.468287897915346]],[[147.08327990114512,-37.35460226775924],[147.20748714105846,-37.35796081763322],[147.2032650709012,-37.25682675745754]],[[147.2032650709012,-37.25682675745754],[146.8263220108766,-37.20376200804583],[146.7634420008252,-37.14602100745081],[146.6393260216598,-37.12682998738181],[146.64717198101317,-37.162968007987374],[146.43583600173088,-37.61804398713575],[146.51599598123147,-37.67803799723821]],[[146.51599598123147,-37.67803799723821],[146.47331299134223,-37.99469200688965]],[[146.5240530015574,-37.96367099720092],[146.62721200199988,-37.971476997131816],[146.65556593155443,-37.99678374733916]],[[146.62434795188858,-38.04924178703528],[146.66237781143815,-38.057524427035425],[146.6161530114204,-38.06871199697758]],[[146.6161530114204,-38.06871199697758],[146.57121377154107,-38.153415106884125],[146.71068600133086,-38.16514900703882],[146.59772500222468,-38.31054100688077]],[[146.59772500222468,-38.31054100688077],[146.5652307617801,-38.429295487175956],[146.424728502126,-38.47228739656523]],[[146.424728502126,-38.47228739656523],[146.31269599181604,-38.56184600689515]],[[146.5256022423846,-38.619308906992366],[146.52145014200485,-38.68898858682682],[146.5511220222521,-38.703779007089345],[146.54651006170192,-38.684520007007166],[146.58269295178968,-38.69847503646695],[146.58441983176937,-38.677086976641895],[146.6531201020051,-38.642985006744105],[146.6706589021387,-38.66291000668503],[146.65755098195692,-38.67149096651263],[146.67912898220536,-38.670496026635554],[146.69770788231767,-38.67534997654417],[146.71291283239376,-38.64777694713214],[146.74217400199475,-38.66492502651613],[146.78470690226453,-38.62279402699639],[146.8440050615802,-38.604834986712355],[146.89867392196248,-38.61221794681205],[146.90159100231998,-38.606189047230075],[146.92551697234578,-38.59422497712861],[146.88313886168083,-38.634633997016735],[147.58268706159683,-38.07600120760907],[147.7826304510373,-37.957953277718985],[147.97218009099376,-37.89031884756639],[147.83391108086525,-37.900222007740346],[147.81588950094508,-37.93284206768187]],[[147.5705400117822,-38.05368398767791],[147.45466601156826,-38.078664997127255],[147.463588001715,-38.01301099727734]],[[147.36159601164127,-37.91780198724612],[147.35238115184728,-37.94364049756953]],[[147.35238115184728,-37.94364049756953],[147.27481799162732,-37.92079199768698],[147.27018815100982,-37.8380901475993],[147.28131412177353,-37.77460619770507]],[[146.62189694175498,-38.75021999679088],[146.62787403251653,-38.74828796649162],[146.6425630621586,-38.74719996656217],[146.64047398235462,-38.74421898691764],[146.6234931617766,-38.74791600703013],[146.62189694175498,-38.75021999679088]],[[146.5766089417464,-38.70740402663839],[146.57685806164267,-38.70718703667345],[146.57676192214439,-38.70689697683661],[146.57639294183633,-38.707246976534215],[146.5766089417464,-38.70740402663839]],[[146.5732731422619,-38.70087903705982],[146.57232206173467,-38.70028296687382],[146.57123592219938,-38.704782956509696],[146.57443884198867,-38.704223966967845],[146.5732731422619,-38.70087903705982]],[[146.54189989239245,-38.746070996682086],[146.5410521019532,-38.7460559564558],[146.53917684184816,-38.747724026946436],[146.54175517200358,-38.74717197650142],[146.54189989239245,-38.746070996682086]],[[146.54439393182815,-38.743837016495924],[146.54800513232087,-38.74551596700448],[146.55337418221265,-38.74109903688436],[146.54592288240804,-38.739707996804434],[146.54439393182815,-38.743837016495924]],[[146.4639120221809,-38.73595895702102],[146.46410386190146,-38.73784401658917],[146.46597299190296,-38.73676598701262],[146.46452186237616,-38.735093966994036],[146.4639120221809,-38.73595895702102]],[[146.52629388227132,-38.74156001706654],[146.52774899223317,-38.74191299649199],[146.5284661020531,-38.7408639569779],[146.52703585206845,-38.740133966740764],[146.52629388227132,-38.74156001706654]],[[146.53997999230597,-38.746097017029776],[146.5404631421984,-38.746145966561485],[146.54127384209795,-38.74510196651092],[146.54076514232221,-38.745180006865475],[146.53997999230597,-38.746097017029776]],[[146.5287591621432,-38.71286999678747],[146.531738872144,-38.71587600662722],[146.53647792184898,-38.716432026425295],[146.53280701213592,-38.71539503652956],[146.5287591621432,-38.71286999678747]],[[146.46288706240804,-38.71368502665918],[146.43872603201856,-38.727799016686696],[146.493338062281,-38.725193976573905],[146.50192188253735,-38.716252016717505],[146.46288706240804,-38.71368502665918]],[[146.50986205180777,-38.72426399678095],[146.51219809195808,-38.724247976400065],[146.51683486217973,-38.72106998645218],[146.50961688180382,-38.72168098687692],[146.50986205180777,-38.72426399678095]],[[146.56777992184166,-38.74231997667027],[146.50091605238842,-38.76304301699113],[146.52388586191398,-38.752655036800974],[146.54164395248654,-38.72774500671341],[146.4646050122355,-38.73912201659292],[146.49475897248163,-38.77483698648691],[146.5453400123326,-38.79088900691252],[146.59763400198804,-38.75948396701225],[146.61097490203545,-38.75622300661676],[146.62587599247507,-38.75930197691792],[146.6560018821652,-38.75538698655743],[146.66773284222165,-38.74781096700595],[146.62255715228486,-38.75823099681795],[146.56777992184166,-38.74231997667027]],[[146.6297229818652,-38.72414402710528],[146.65263589210068,-38.72720601691399],[146.66798593177313,-38.72080503689806],[146.6692538624742,-38.71831498692213],[146.6297229818652,-38.72414402710528]],[[146.69235106209018,-38.70881000706446],[146.69191693236448,-38.709908997057255],[146.6933371122348,-38.71038599661875],[146.699964021815,-38.70955098698681],[146.69235106209018,-38.70881000706446]],[[146.56502811173348,-38.714056006451656],[146.56764097223015,-38.71588301649686],[146.5724419221464,-38.71501199655628],[146.5665940720048,-38.71318203710829],[146.56502811173348,-38.714056006451656]],[[146.6892219622576,-38.71048203655516],[146.68859412162067,-38.70892196708927],[146.6869140223078,-38.71096802707707],[146.68924393235454,-38.712003026698454],[146.6892219622576,-38.71048203655516]],[[146.6195990521565,-38.701961006802016],[146.58533785249756,-38.71569401682567],[146.6028190822996,-38.72688398681905],[146.59556186171548,-38.72018798674417],[146.60102091201895,-38.716540026985804],[146.62628891207854,-38.724625986768615],[146.6729031721962,-38.71501702709756],[146.67760404170494,-38.708337956498056],[146.6195990521565,-38.701961006802016]],[[146.70776593227845,-38.710044986859536],[146.70091692232907,-38.71180700649948],[146.68567091205801,-38.72736799677492],[146.67937418185377,-38.727115016523896],[146.6853519724029,-38.72797496701919],[146.73219983222364,-38.69627201661435],[146.70776593227845,-38.710044986859536]],[[146.55174803212245,-38.70397998667907],[146.5566400918697,-38.704847047052176],[146.56172005222498,-38.70509903707099],[146.55373308252487,-38.702384007114716],[146.55174803212245,-38.70397998667907]],[[146.56752216194897,-38.6972119867161],[146.5648650019324,-38.696672966467574],[146.56309091189132,-38.69719596658177],[146.5711509918791,-38.698316986629074],[146.56752216194897,-38.6972119867161]],[[146.70135791248853,-38.70268999690627],[146.7033890716179,-38.70254699665991],[146.70438913188775,-38.70220104706245],[146.702675161597,-38.7015200071382],[146.70135791248853,-38.70268999690627]],[[146.69003196236955,-38.69703395689983],[146.68807104161394,-38.69661600655704],[146.6868139023744,-38.69814599711245],[146.68687515220543,-38.69879794683076],[146.69003196236955,-38.69703395689983]],[[146.57714206222312,-38.69882703691764],[146.57675509225325,-38.69984096694545],[146.57769504175585,-38.701113026583876],[146.57829010196974,-38.699666006673525],[146.57714206222312,-38.69882703691764]],[[146.687186901745,-38.69996400675017],[146.68841918190566,-38.70074402673875],[146.68995385205892,-38.70078101703596],[146.68749109196142,-38.69928801713163],[146.687186901745,-38.69996400675017]],[[146.57906700185836,-38.70214199681248],[146.5798280222277,-38.702729956528096],[146.58070786186138,-38.702103036562185],[146.5791689121341,-38.70187703668689],[146.57906700185836,-38.70214199681248]],[[146.76331502216314,-38.659070957153325],[146.7703058716043,-38.66130503718382],[146.77326288207618,-38.660843966569814],[146.774377082286,-38.65976801720432],[146.76331502216314,-38.659070957153325]],[[146.77756703219924,-38.65803802701178],[146.7790498821371,-38.66012900653206],[146.78297786183666,-38.658102017030004],[146.77573896239272,-38.65650804660914],[146.7728651017802,-38.657993036637514],[146.77756703219924,-38.65803802701178]],[[146.65342717222038,-38.661525987122204],[146.65643317231627,-38.660535997156174],[146.65804815185592,-38.658839046797254],[146.65546190215295,-38.65872500707135],[146.65342717222038,-38.661525987122204]],[[146.82021983240668,-38.664807027160066],[146.82450815241782,-38.6634539570187],[146.82857005206162,-38.66098796697411],[146.82746414240358,-38.66063202686428],[146.82021983240668,-38.664807027160066]],[[146.74817986220157,-38.663613986846144],[146.7467650821044,-38.663996026907704],[146.74976100220445,-38.664204026582865],[146.7493491417147,-38.663719006839834],[146.74817986220157,-38.663613986846144]],[[146.81359585223262,-38.67667801686254],[146.8046070022759,-38.67748802700431],[146.7980460119696,-38.67588603662348],[146.75287788225424,-38.68966098701242],[146.81359585223262,-38.67667801686254]],[[146.72408796166476,-38.6772849869089],[146.73946107187038,-38.6729109965495],[146.72772000217375,-38.66720300654914],[146.7277930819187,-38.661227006949844],[146.72408796166476,-38.6772849869089]],[[146.69663113197376,-38.68725500713853],[146.69840484202751,-38.69313497675115],[146.71573994198394,-38.68714502703349],[146.70817812244985,-38.676706006486384],[146.69663113197376,-38.68725500713853]],[[146.81536417239477,-38.659067996934624],[146.79405791162137,-38.65681996662924],[146.78602882171415,-38.66911802701154],[146.7973969315661,-38.66093901663339],[146.81536417239477,-38.659067996934624]],[[146.66875418178392,-38.682605977097445],[146.6833640321202,-38.689702016892845],[146.68540092160276,-38.67785900663483],[146.67580299232384,-38.67680096676683],[146.66875418178392,-38.682605977097445]],[[146.62604593216724,-38.692107976879555],[146.62175112182814,-38.69479295697527],[146.63407713221704,-38.69716301697512],[146.6293568519116,-38.69565298647651],[146.62604593216724,-38.692107976879555]],[[146.6087421923974,-38.68439795671237],[146.60606017240366,-38.68347797662437],[146.59849584207842,-38.68566298645311],[146.60698107223232,-38.68636300685698],[146.6087421923974,-38.68439795671237]],[[146.7407239315816,-38.66711903701852],[146.73808115179617,-38.66889995650679],[146.74813489164012,-38.66903000717606],[146.7468651723934,-38.66784497693219],[146.7407239315816,-38.66711903701852]],[[146.7316281722246,-38.66703200649897],[146.73723084158246,-38.66699302712767],[146.72903006206494,-38.66169797673672],[146.7306219324439,-38.66307694685697],[146.7316281722246,-38.66703200649897]],[[146.74563289223266,-38.67799399703304],[146.7448909224356,-38.67462801698425],[146.73971916234305,-38.67912097658597],[146.74391604194312,-38.679451996888126],[146.74563289223266,-38.67799399703304]],[[146.7580629616674,-38.67491600694802],[146.75361084194904,-38.675541956824674],[146.755285932256,-38.67650802687761],[146.76248592207168,-38.67306002651893],[146.7580629616674,-38.67491600694802]],[[146.8032339417372,-38.666149016902615],[146.8094101018606,-38.66609699653396],[146.81999197203993,-38.661764036963],[146.82166597179213,-38.65999201694252],[146.8032339417372,-38.666149016902615]],[[146.6512070219283,-38.672889036950906],[146.6556199517441,-38.67286796664273],[146.6549060417231,-38.66950701705405],[146.65211890177318,-38.67057701703281],[146.6512070219283,-38.672889036950906]],[[146.59399692193034,-38.68860798644473],[146.59375285236257,-38.68798301681384],[146.58771819216776,-38.69058204662962],[146.58928306188426,-38.691990987114934],[146.59399692193034,-38.68860798644473]],[[146.72487600245952,-38.68447203693887],[146.72388491186777,-38.68362197708729],[146.71903391231552,-38.685225966684825],[146.721953881655,-38.68623602671138],[146.72487600245952,-38.68447203693887]],[[146.6422059423073,-38.68629200688662],[146.64281615171012,-38.68737101666221],[146.6448721223076,-38.68783001691613],[146.65110300240826,-38.68348697696857],[146.6422059423073,-38.68629200688662]],[[146.65098890199414,-38.686227036529814],[146.65264990222582,-38.68665199649867],[146.65755817207244,-38.6859320168658],[146.6523748821033,-38.685393976766576],[146.65098890199414,-38.686227036529814]],[[146.72788093176365,-38.68464600708336],[146.72964096227219,-38.68608796660093],[146.73276507196334,-38.685117956689616],[146.72808289190408,-38.68413102702111],[146.72788093176365,-38.68464600708336]],[[146.75688288170963,-38.67233902714695],[146.75786316197517,-38.67293798683739],[146.76094584226374,-38.67011603697862],[146.75894207186911,-38.67007103665794],[146.75688288170963,-38.67233902714695]],[[146.6805949321378,-38.673134996554225],[146.68320314205621,-38.67475795695943],[146.68454809161474,-38.674852016525406],[146.6818509619579,-38.67288596649196],[146.6805949321378,-38.673134996554225]],[[146.72745614182196,-38.67875702682371],[146.72994698235686,-38.678469027067806],[146.729441892012,-38.676891956867564],[146.7286088519097,-38.67690599687279],[146.72745614182196,-38.67875702682371]],[[146.75127805190345,-38.67462000719422],[146.75094685204138,-38.67430102662426],[146.74836491245514,-38.67658496676574],[146.7506801116908,-38.67626304666517],[146.75127805190345,-38.67462000719422]],[[146.626734982211,-38.67998796663811],[146.62919807199023,-38.680129967096825],[146.63102796178353,-38.67892001690927],[146.62718605236626,-38.67935200707492],[146.626734982211,-38.67998796663811]],[[146.6075879920046,-38.68023501686203],[146.60678484244505,-38.68025399663126],[146.60588702213266,-38.68122600654199],[146.6078551321055,-38.68169497664462],[146.6075879920046,-38.68023501686203]],[[146.79592814205913,-38.66697297701848],[146.7986749117202,-38.66630301706044],[146.7998060415799,-38.66619995707165],[146.79783216172802,-38.665873986638495],[146.79592814205913,-38.66697297701848]],[[146.68868482182,-38.68667998713024],[146.68958305176415,-38.68642699680487],[146.68988399187592,-38.68513901708077],[146.68891992170964,-38.6852840169411],[146.68868482182,-38.68667998713024]],[[146.7935301621717,-38.66666498696889],[146.79460114173827,-38.66712496660974],[146.79509112242008,-38.666510016850935],[146.7934588718708,-38.666168006719545],[146.7935301621717,-38.66666498696889]],[[146.56979483224416,-38.6910559771246],[146.571085071707,-38.69074195691739],[146.57091983200036,-38.68978300659351],[146.57061386222134,-38.68981100651777],[146.56979483224416,-38.6910559771246]],[[146.68830398195362,-38.68149995680363],[146.6915018523127,-38.68089696708891],[146.6917340317794,-38.68067897664508],[146.68847100212116,-38.681173986609835],[146.68830398195362,-38.68149995680363]],[[146.74574195219975,-38.67239500697166],[146.74569516165155,-38.67324101671348],[146.7470531017474,-38.671606986863196],[146.74600114221036,-38.6717249567778],[146.74574195219975,-38.67239500697166]],[[146.82289897240165,-38.67794099715512],[146.82375614215078,-38.68005400718459],[146.8239469218593,-38.68011394664345],[146.8229101016297,-38.67749495718333],[146.82289897240165,-38.67794099715512]],[[146.73351098177133,-38.678183996802126],[146.73335115171935,-38.67839701712976],[146.73487714235037,-38.67812297714755],[146.73429792212988,-38.67773597649699],[146.73351098177133,-38.678183996802126]],[[146.80253413167299,-38.67612803687234],[146.80380816193477,-38.67647498709277],[146.80431394218581,-38.67684596706486],[146.80398708208486,-38.67632999673421],[146.80253413167299,-38.67612803687234]],[[146.8105790516921,-38.66665797718469],[146.81119499234646,-38.66731801682902],[146.81142899179986,-38.667331987169966],[146.81093183178228,-38.666411996731505],[146.8105790516921,-38.66665797718469]],[[146.6855168420036,-38.68588800678085],[146.6859420316956,-38.686206956747384],[146.68598090179793,-38.68509697693244],[146.68567489159474,-38.68528697677717],[146.6855168420036,-38.68588800678085]],[[146.70869401234117,-38.67623603659184],[146.70767198197439,-38.67631199704967],[146.7093589021953,-38.67625098702005],[146.71035108244348,-38.67584202667201],[146.70869401234117,-38.67623603659184]],[[146.7327870016361,-38.68228701668987],[146.7336920219455,-38.682101956885546],[146.73381408233138,-38.681718026793156],[146.73267612168223,-38.68212203711868],[146.7327870016361,-38.68228701668987]],[[146.81265517239973,-38.6675430366209],[146.81298203160242,-38.66774399667604],[146.8131541317428,-38.66759198665575],[146.81246687204148,-38.667287976869275],[146.81265517239973,-38.6675430366209]],[[146.87893297197843,-38.61035298683089],[146.8803819419553,-38.61086102662428],[146.8815908623253,-38.610477987260246],[146.88028011162967,-38.60979100726681],[146.87893297197843,-38.61035298683089]],[[146.85210685214338,-38.63434302696882],[146.88007995171301,-38.615525997256384],[146.79105407197375,-38.63303496708915],[146.79429914161452,-38.64564702719003],[146.81987787162578,-38.65063499686382],[146.85210685214338,-38.63434302696882]],[[146.84296393213228,-38.66331698711636],[146.82843682202358,-38.679496016541584],[146.8790391815911,-38.63814902714232],[146.83552812197806,-38.65417100692584],[146.84296393213228,-38.66331698711636]],[[146.8740560218942,-38.63190302721894],[146.87219989231147,-38.63217796686974],[146.87425692202268,-38.63293101715884],[146.87643710177622,-38.63231298724254],[146.87781410232571,-38.63116404668348],[146.87868601163208,-38.628358016996586],[146.8740560218942,-38.63190302721894]],[[146.8528660920518,-38.63631797658428],[146.85315696204924,-38.63598695685911],[146.8532858415464,-38.63560796718044],[146.85283295230266,-38.635894976608],[146.8528660920518,-38.63631797658428]],[[143.75419250271088,-37.45481854676524],[143.74158193209118,-37.52394096673169]],[[143.74158193209118,-37.52394096673169],[143.69296681212037,-37.516260946585696],[143.65529498241546,-37.60975565682457]],[[143.65529498241546,-37.60975565682457],[143.73243401205715,-37.61877999638418],[143.73174897209284,-37.67955499628958]],[[143.73174897209284,-37.67955499628958],[143.82562606248854,-37.65289797674911],[143.9088170125549,-37.67600800651865],[143.95063199272442,-37.6413940062883]],[[143.95063199272442,-37.6413940062883],[143.8958362623763,-37.607554066511454],[143.94561003209552,-37.58437099685093]],[[143.94561003209552,-37.58437099685093],[143.94864300231112,-37.50624299668633],[143.92212367241697,-37.47439154678843],[143.85303698198035,-37.48238598649728],[143.75419250271088,-37.45481854676524]],[[143.68871204238843,-37.45443363691506],[143.68863299244012,-37.51567899638057],[143.74158193209118,-37.52394096673169]],[[143.75419250271088,-37.45481854676524],[143.94392899224644,-37.490047006578955],[143.94561003209552,-37.58437099685093]],[[143.95063199272442,-37.6413940062883],[143.8505085523406,-37.685167906501434],[143.8985851125356,-37.723781516674755],[143.88326460228313,-37.77764021651704],[143.92019231252246,-37.81210634676061],[144.05459002215423,-37.83229498657954]],[[144.05459002215423,-37.83229498657954],[144.0602116720158,-37.795770656437945]],[[144.0602116720158,-37.795770656437945],[144.1293882622528,-37.79753520631372],[144.3316836324483,-37.846277936668336],[144.4063570121122,-37.8009339869186]],[[144.4063570121122,-37.8009339869186],[144.43018399228515,-37.85798499667165],[144.46684405218053,-37.83909477680681],[144.48672399220027,-37.69514399675302],[144.40272899246244,-37.727779996701656]],[[144.40272899246244,-37.727779996701656],[144.33363405189823,-37.63742606683124],[144.40211199179603,-37.63966499683504]],[[144.40211199179603,-37.63966499683504],[144.38479902183664,-37.60674198700898]],[[144.38479902183664,-37.60674198700898],[144.44853700203615,-37.5918489866842],[144.46911249230908,-37.52124364694842],[144.4724190219866,-37.43155799668394],[144.42639570240897,-37.45888073710251],[144.37927803179596,-37.43878859674926]],[[144.37927803179596,-37.43878859674926],[144.41903135233733,-37.3605074871202],[144.31039954209612,-37.29278592693044],[144.38037887226093,-37.17495206704621],[144.2921618418917,-37.16357004700636],[144.2766299921888,-37.20906324693344],[144.0743411123212,-37.14765976705466]],[[144.0743411123212,-37.14765976705466],[144.03861736195498,-37.2702414769083],[143.94941140234056,-37.194460056582095]],[[143.94941140234056,-37.194460056582095],[143.87500202226727,-37.18640198673703],[143.8584369321213,-37.23534705678399]],[[143.8584369321213,-37.23534705678399],[143.72701124201308,-37.21367089665282]],[[143.72701124201308,-37.21367089665282],[143.67082175214543,-37.23387367644298],[143.7020710120478,-37.2385689966443]],[[143.7020710120478,-37.2385689966443],[143.64957215260856,-37.31412249635157],[143.67534877249386,-37.325206716412836],[143.6394900125269,-37.41642999694391],[143.68871204238843,-37.45443363691506]],[[143.06296283258155,-37.16714750626285],[143.0881131623221,-37.197566996339],[143.1453847223568,-37.18530778670928],[143.16191707250397,-37.22869850660894],[143.2318047924761,-37.20770053665671],[143.27358411222377,-37.28397600638009],[143.22662551258634,-37.29106344688473],[143.25559724230789,-37.35755220646022],[143.20897813218602,-37.37643704637605],[143.19300744289046,-37.52645339657604],[143.1532020029947,-37.57335588671739],[143.1831450028795,-37.59402399616965],[143.17445599259833,-37.63510800623658],[143.12131812286995,-37.70747702621909],[143.07211502230803,-37.7194581361604]],[[143.07211502230803,-37.7194581361604],[143.30413870222196,-37.756601206349]],[[143.30413870222196,-37.756601206349],[143.35386699293326,-37.67037560659089],[143.46474370295095,-37.65892913611462]],[[143.46474370295095,-37.65892913611462],[143.44277508287757,-37.90566935640378],[143.65462104293317,-37.988458016593555]],[[143.65462104293317,-37.988458016593555],[143.6650718327428,-37.93045221638696],[143.63612803254182,-37.92691806653301]],[[143.63612803254182,-37.92691806653301],[143.66113775258415,-37.82364947627472]],[[143.66113775258415,-37.82364947627472],[143.74183400205482,-37.78123600644489]],[[143.74183400205482,-37.78123600644489],[143.89421902267537,-37.79198899617332],[143.90188380261569,-37.76635763618604],[143.83421532204397,-37.653837026713155],[143.73174897209284,-37.67955499628958]],[[143.65529498241546,-37.60975565682457],[143.68871204238843,-37.45443363691506]],[[143.7020710120478,-37.2385689966443],[143.67090778200352,-37.23370867644388],[143.72701124201308,-37.21367089665282]],[[143.8584369321213,-37.23534705678399],[143.9060890024119,-37.15969499706098],[143.94746200247846,-37.16572400672126]],[[143.94746200247846,-37.16572400672126],[143.96989826213257,-37.026883776788296],[143.94289392193505,-36.99142406706645]],[[143.94289392193505,-36.99142406706645],[143.8345578020511,-36.968383006569],[143.89567310226954,-36.86080598698594]],[[143.89567310226954,-36.86080598698594],[143.76024500165065,-36.843123006857844]],[[143.76024500165065,-36.843123006857844],[143.78206609230324,-36.77681898708071],[143.69907936164026,-36.7760004172697]],[[143.69907936164026,-36.7760004172697],[143.7099940315812,-36.72935399689315],[143.67032302187275,-36.70424699697677],[143.63153290192855,-36.73001285716506],[143.4870879823065,-36.6987729267338],[143.45958052176945,-36.74658955664552]],[[143.45958052176945,-36.74658955664552],[143.51100157175094,-36.85884021684682],[143.47197581202963,-36.936828597156975]],[[143.47197581202963,-36.936828597156975],[143.12613667257924,-36.89867274675697],[143.0899124321406,-36.962932756751265],[143.10268009205242,-37.0105344567068],[143.09553025248408,-37.15557164651738],[143.06296283258155,-37.16714750626285]],[[144.29144611188397,-36.6858210774991],[144.2440330114252,-36.67920199751862]],[[144.2440330114252,-36.67920199751862],[144.17461694201157,-36.73179682723088],[144.17883503173377,-36.79022295686376]],[[144.17883503173377,-36.79022295686376],[144.2178381619948,-36.795105996964466]],[[144.2178381619948,-36.795105996964466],[144.20970702167475,-36.84548800707515],[144.3092390220553,-36.80699899729069],[144.42191222160568,-36.814763837472036],[144.38768321217665,-36.79946694711616]],[[144.38768321217665,-36.79946694711616],[144.3797100118532,-36.74133400756294],[144.32506560181633,-36.75449645730829]],[[144.32506560181633,-36.75449645730829],[144.3639953019894,-36.627127287237116]],[[144.3639953019894,-36.627127287237116],[144.28425718212605,-36.64559988724874],[144.29144611188397,-36.6858210774991]],[[143.94746200247846,-37.16572400672126],[143.88790609225327,-37.182005006666714],[143.94941140234056,-37.194460056582095]],[[143.94941140234056,-37.194460056582095],[144.01678353229335,-37.26322364702553],[144.06269980233353,-37.252110086672424],[144.0743411123212,-37.14765976705466]],[[144.37927803179596,-37.43878859674926],[144.42679548235478,-37.45882692711479],[144.63429298198758,-37.33632299672571],[144.6601660018826,-37.29297199701014]],[[144.6601660018826,-37.29297199701014],[144.59188640191468,-37.248058787168965],[144.7311325922228,-37.144451017260714],[144.71536284168326,-37.100336846979914]],[[144.71536284168326,-37.100336846979914],[144.53549460156358,-37.11132900706248],[144.5411840320082,-37.01584575745003],[144.6884370115466,-37.010982867297976]],[[144.6884370115466,-37.010982867297976],[144.71826554180967,-36.97471403687854]],[[144.71826554180967,-36.97471403687854],[144.7965727514266,-36.965539447337264],[144.85297933175906,-36.87503146752776],[144.7985469618585,-36.832621307305175]],[[144.7985469618585,-36.832621307305175],[144.79468526165726,-36.75072293717854]],[[144.79468526165726,-36.75072293717854],[144.66615912128378,-36.762611857290956]],[[144.66615912128378,-36.762611857290956],[144.6671055718941,-36.72540259720618]],[[144.6671055718941,-36.72540259720618],[144.47537891155898,-36.72045493693306],[144.4476687416865,-36.751383496954446],[144.4675740115023,-36.80978799725422]],[[144.4675740115023,-36.80978799725422],[144.27429403198857,-36.81230000727137],[144.23158169144415,-36.85285908714886],[144.20393900211744,-36.83069199730814],[144.2178381619948,-36.795105996964466]],[[144.17883503173377,-36.79022295686376],[144.17547199173663,-36.73198099723317],[144.14128993185764,-36.71871497701292]],[[144.14128993185764,-36.71871497701292],[144.14406590215535,-36.66212297714757],[144.0505220516958,-36.64726496717811],[144.05031612190004,-36.67673096735843],[143.9961769917526,-36.676789007299384],[143.99607526203832,-36.711229047047276]],[[143.99607526203832,-36.711229047047276],[144.06206722218516,-36.71940959701025],[144.07127931157487,-36.76643946679349],[144.00097706221825,-36.85967504693258]],[[144.00097706221825,-36.85967504693258],[143.89567310226954,-36.86080598698594]],[[143.89567310226954,-36.86080598698594],[143.83460660213055,-36.96803548706414],[143.94289392193505,-36.99142406706645]],[[143.94289392193505,-36.99142406706645],[143.97371711179647,-37.03421098666581],[143.94746200247846,-37.16572400672126]],[[144.28172879111395,-36.32772328726725],[144.2667848411538,-36.22479650717201],[144.3177097210612,-36.04865354785661],[144.25967881152357,-35.92713087790347],[144.18728675113442,-35.907569367373284]],[[144.18728675113442,-35.907569367373284],[144.18499645140176,-35.94669676742723],[143.92256510185265,-35.952809487457294]],[[143.92256510185265,-35.952809487457294],[143.86170960160084,-35.93488634779682],[143.8739906414282,-35.91607408734592],[143.72838937174492,-35.905865307444444],[143.72824428125014,-35.93248146754822],[143.6178189719678,-35.93485106758386],[143.61805440153913,-35.96941097737729],[143.47568845118252,-35.975299487700774],[143.48219873159107,-36.10170240752086],[143.51159196162365,-36.101346747000335],[143.51354135160432,-36.17327753717731],[143.56873191128273,-36.222247997097696],[143.50802963217737,-36.26498653738011],[143.5139557013257,-36.295086627422336],[143.48212927205662,-36.29504888697484],[143.47850172222581,-36.37613525720022],[143.4388589214139,-36.36841781745632],[143.44507714155725,-36.44604201713586],[143.40678323211134,-36.49993865722911],[143.31519360187372,-36.476943747207144]],[[143.31519360187372,-36.476943747207144],[143.4212371618638,-36.55712286716303]],[[143.4212371618638,-36.55712286716303],[143.43850589159203,-36.61458602715349],[143.486344222167,-36.625735827309924]],[[143.486344222167,-36.625735827309924],[143.4954351620625,-36.71138797720049],[143.69465099158137,-36.7142759970978],[143.69907936164026,-36.7760004172697]],[[143.76024500165065,-36.843123006857844],[144.00097706221825,-36.85967504693258]],[[144.00097706221825,-36.85967504693258],[144.0756547115747,-36.743137916951895],[143.99607526203832,-36.711229047047276]],[[144.14128993185764,-36.71871497701292],[144.18356835198387,-36.73042827714289],[144.2440330114252,-36.67920199751862]],[[144.29144611188397,-36.6858210774991],[144.28998213195703,-36.627717416994855],[144.3639953019894,-36.627127287237116]],[[144.32506560181633,-36.75449645730829],[144.376747991477,-36.73969999689246],[144.38768321217665,-36.79946694711616]],[[144.38768321217665,-36.79946694711616],[144.4675740115023,-36.80978799725422]],[[144.4675740115023,-36.80978799725422],[144.4478049918606,-36.7510519974096],[144.51845329202757,-36.72489303706699],[144.52542144193978,-36.65983417765962],[144.67396932140062,-36.42331130744965],[144.36939887144268,-36.40784939750035]],[[144.36939887144268,-36.40784939750035],[144.30647195136712,-36.327723377732326],[144.28172879111395,-36.32772328726725]],[[143.65462104293317,-37.988458016593555],[143.63705987295234,-37.97162901640243],[143.62207235290433,-37.98202436609176],[143.65621693237475,-38.010852026487846],[143.62891311272605,-38.02340659635431]],[[143.62891311272605,-38.02340659635431],[143.82971461245188,-38.02236308630301],[143.80986536247545,-38.127698846178205]],[[143.80986536247545,-38.127698846178205],[143.92378299279906,-38.16569403598061],[143.88048702310272,-38.24746599591967]],[[143.88048702310272,-38.24746599591967],[143.8413234725966,-38.24291279602991],[143.83384152317274,-38.29098378609646],[143.8787803929462,-38.276204966346036]],[[143.8787803929462,-38.276204966346036],[143.84333897319217,-38.46587952596473]],[[143.84333897319217,-38.46587952596473],[143.9371340024867,-38.460450996432336],[143.93590888279715,-38.3920265458172],[144.00326598303693,-38.39671300582828],[143.99713401283893,-38.34695000622046],[144.03379301272219,-38.35130399654617],[144.04001695243898,-38.31698309650583],[144.16537000248042,-38.34272099635341],[144.2105040025032,-38.30227200629125],[144.28342877283907,-38.3107867164357],[144.29612001217131,-38.24436700643663]],[[144.29612001217131,-38.24436700643663],[144.241325002272,-38.2377729960721]],[[144.241325002272,-38.2377729960721],[144.2864768122936,-38.07901080659849],[144.25894549250262,-38.06489870643628]],[[144.25894549250262,-38.06489870643628],[144.23683437267573,-37.94238251672188],[144.20251988225917,-37.938257806746684],[144.24846050203345,-37.87378299651488]],[[144.24846050203345,-37.87378299651488],[144.21827288191363,-37.80700530634912],[144.0602116720158,-37.795770656437945]],[[144.05459002215423,-37.83229498657954],[143.95806153263797,-37.82745127647008],[143.9001993626433,-37.78344764677094],[143.8087249925448,-37.802720516788185],[143.74183400205482,-37.78123600644489]],[[143.66113775258415,-37.82364947627472],[143.66276978214796,-37.860717646617395],[143.63612803254182,-37.92691806653301]],[[144.49563864221287,-37.97427517654156],[144.48011581249375,-37.88894907646478],[144.4063570121122,-37.8009339869186]],[[144.4063570121122,-37.8009339869186],[144.36198776226385,-37.81082952676353],[144.35330729226607,-37.845303706875235],[144.2224861126485,-37.81011735640987],[144.24846050203345,-37.87378299651488]],[[144.25894549250262,-38.06489870643628],[144.28648116283455,-38.079092426443474],[144.241325002272,-38.2377729960721]],[[144.241325002272,-38.2377729960721],[144.3507602522286,-38.25053775668429],[144.35637384240533,-38.22175106641773],[144.42709858291482,-38.234710316190046],[144.49854400225084,-38.2055730063353],[144.49778386223045,-38.16111404648281]],[[144.49778386223045,-38.16111404648281],[144.42559810264123,-38.123812976745626],[144.41624891237288,-38.15542899634288],[144.36041614260625,-38.142016016153605],[144.38945839277255,-38.07665717624192],[144.5068458620008,-38.09150795661976],[144.51516899206,-38.04605495667191],[144.59174208217436,-38.00475971650184],[144.49563864221287,-37.97427517654156]],[[144.49778386223045,-38.16111404648281],[144.48691916287387,-38.21700024660785],[144.29612001217131,-38.24436700643663]],[[143.84333897319217,-38.46587952596473],[143.85191858304486,-38.54469890620877]],[[143.85191858304486,-38.54469890620877],[143.82453238249477,-38.566587555972745]],[[143.82453238249477,-38.566587555972745],[143.96015700305682,-38.57568300577911],[144.03649748251317,-38.47577506610074],[144.25401313253502,-38.395472046151944],[144.42833009232098,-38.28172619616037],[144.65987032230518,-38.27387233641203],[144.62385588250285,-38.24989396648927],[144.69307484267856,-38.19443004635124],[144.70091209196696,-38.21961733665711],[144.72021493268858,-38.146761006546555],[144.63181693221378,-38.107339996254765],[144.54607936252148,-38.156889386797516],[144.49778386223045,-38.16111404648281]],[[144.68578389215216,-38.24575633649935],[144.68769000220072,-38.245411016461794],[144.68418709271717,-38.24457074672538],[144.6845337723483,-38.24513543653969],[144.68578389215216,-38.24575633649935]],[[144.63783100212396,-38.26724698676939],[144.6383820026681,-38.26744299638282],[144.63893300231396,-38.267369996419404],[144.6385000125504,-38.26665199626061],[144.63783100212396,-38.26724698676939]],[[144.6673489820984,-38.25548306620079],[144.6671641124062,-38.261897126174546],[144.66820009271098,-38.262563126294985],[144.67201909239353,-38.26436713640651],[144.70213746228646,-38.243411666813785],[144.6673489820984,-38.25548306620079]],[[144.66649788226567,-38.25858995668833],[144.66628403202404,-38.25710506620524],[144.66191914231302,-38.258875126676244],[144.6645350921159,-38.2600481166618],[144.66649788226567,-38.25858995668833]],[[146.10467413117883,-36.83180096751696],[146.04418114156837,-36.827072997698146],[146.06384256100543,-36.885495807634705]],[[146.06384256100543,-36.885495807634705],[146.01265120125885,-36.88011765798534]],[[146.01265120125885,-36.88011765798534],[146.0091077517049,-36.853362827837095],[145.96358265125855,-36.87681351765424],[145.9557020115453,-36.927320997267024],[145.94748801152176,-36.939620997879935]],[[145.94748801152176,-36.939620997879935],[145.8616505913907,-36.90673697776743],[145.87241218122065,-36.79991819750197],[145.82996819170606,-36.78634646771836],[145.81232570083577,-36.73549440772866],[145.83940344147695,-36.666137518044806],[145.80790993144538,-36.618414027461036],[145.82331504143812,-36.45403991769413]],[[145.82331504143812,-36.45403991769413],[145.7244273514069,-36.42460811768785]],[[145.7244273514069,-36.42460811768785],[145.7318700210966,-36.49903641745645],[145.6315603213268,-36.49904631780178],[145.6317226810346,-36.56329847803149],[145.35358596140568,-36.556102787690676],[145.30251779122736,-36.641939037257345]],[[145.30251779122736,-36.641939037257345],[145.2050362916025,-36.65479050773099],[145.22171438172643,-36.6872307375923],[145.17844702157524,-36.70055909741991],[145.168534061211,-36.675296807322745],[145.04346725125,-36.65067273748269]],[[145.04346725125,-36.65067273748269],[145.04260643164585,-36.68203943754746],[144.9321501718087,-36.69967620736753],[144.9319381119095,-36.74792105710523]],[[144.9319381119095,-36.74792105710523],[144.79468526165726,-36.75072293717854]],[[144.7985469618585,-36.832621307305175],[144.85356322142238,-36.88025039745223],[144.80631613142475,-36.95564284756519],[144.71826554180967,-36.97471403687854]],[[144.6884370115466,-37.010982867297976],[144.54536434218286,-37.01315402691209],[144.53043011199412,-37.100728966847875],[144.71536284168326,-37.100336846979914]],[[144.71536284168326,-37.100336846979914],[144.73521756150137,-37.12651406714099],[144.7038114314959,-37.21295829729506]],[[144.7038114314959,-37.21295829729506],[144.82006959174953,-37.219205247164226]],[[144.82006959174953,-37.219205247164226],[144.82521141189193,-37.28406535717918],[144.89215807187833,-37.34518606700606],[145.03043182151833,-37.32957805721826]],[[145.03043182151833,-37.32957805721826],[145.05613001219106,-37.263486997254695]],[[145.05613001219106,-37.263486997254695],[145.1176020019679,-37.26321800690111],[145.12526744216993,-37.29389703713278],[145.22731417198383,-37.29426181697061]],[[145.22731417198383,-37.29426181697061],[145.26577094149914,-37.409803807049336]],[[145.26577094149914,-37.409803807049336],[145.40031151200728,-37.434435557083305]],[[145.40031151200728,-37.434435557083305],[145.39086206166837,-37.46655400695836],[145.48860738211908,-37.461315546832914]],[[145.48860738211908,-37.461315546832914],[145.49458681209367,-37.437386587287776],[145.5698654316802,-37.46038693683631]],[[145.5698654316802,-37.46038693683631],[145.5788260718421,-37.57030298688345],[145.67585253165635,-37.62419544703785]],[[145.67585253165635,-37.62419544703785],[145.75600437152212,-37.574344767236276],[145.76542101179356,-37.61684999689052],[145.812574991412,-37.62975498707415],[145.78826702179487,-37.72169599735821],[145.87846461188843,-37.818387016784875],[145.9256640022428,-37.829765007173755],[145.91746701181916,-37.777522997284436]],[[146.1297490114187,-37.6480730075048],[146.18401699141884,-37.58105000704603],[146.36790600181703,-37.62942700699651]],[[146.36790600181703,-37.62942700699651],[146.394049011269,-37.60399999762872],[146.43500300115446,-37.61915099707277],[146.6470450014528,-37.163158997509704]],[[146.6470450014528,-37.163158997509704],[146.33572854147764,-36.95297822779083]],[[146.33572854147764,-36.95297822779083],[146.11109802150486,-36.85860400802726],[146.10467413117883,-36.83180096751696]],[[145.94748801152176,-36.939620997879935],[145.96646458143726,-36.874334467400715],[146.01027772112423,-36.85317680735506],[146.01265120125885,-36.88011765798534]],[[146.06384256100543,-36.885495807634705],[146.03557569167657,-36.83201589741353],[146.10467413117883,-36.83180096751696]],[[146.10467413117883,-36.83180096751696],[146.15286088142153,-36.88792195799151],[146.33572854147764,-36.95297822779083]],[[146.6470450014528,-37.163158997509704],[146.67232603157558,-36.982774417548654]],[[146.67232603157558,-36.982774417548654],[146.62571221073415,-36.85657662804164],[146.64256393082948,-36.81281119765363],[146.56646311111106,-36.74112295804718],[146.63086725138254,-36.682773417921275],[146.62199534141456,-36.631321497932625],[146.6705012505013,-36.56898309831144],[146.6434287308686,-36.49957809807892],[146.71944549073427,-36.47706707805206],[146.72500458102107,-36.41870676782887],[146.61184962127203,-36.396149188352815]],[[146.61184962127203,-36.396149188352815],[146.6349645608182,-36.303443098516084],[146.5579746712766,-36.32871187783772]],[[146.5579746712766,-36.32871187783772],[146.57155198095734,-36.25361591835692],[146.5124284712009,-36.24666668803989],[146.53566974082548,-36.22829525813765],[146.53100088098526,-36.08011205825616],[146.57364496034793,-36.072241048135]],[[146.57364496034793,-36.072241048135],[146.61866998035367,-35.97567441869401],[146.56294675025453,-35.967705578277595],[146.5495805904796,-35.99245726813803],[146.50180718025197,-35.95816402797928],[146.49270548033599,-35.99134980847432],[146.42605507035725,-35.963862168472005],[146.369190871151,-36.050826568407466],[146.3388893410599,-36.02639509800881],[146.2830233704587,-36.04148741793644],[146.2828951503249,-36.0110483785044],[146.17727462047688,-36.03404073806656],[146.2152344509602,-36.089042058206616],[146.20462774056665,-36.125960257794894],[146.2435847306598,-36.13856659837075],[146.23667587045458,-36.190557758278025],[146.13105195126298,-36.186790737953025]],[[146.13105195126298,-36.186790737953025],[146.13142465059627,-36.25512164815298],[146.0369030405438,-36.25506324820894],[146.03093781113725,-36.29900862818922]],[[146.03093781113725,-36.29900862818922],[145.78068348099725,-36.29905640768975]],[[145.78068348099725,-36.29905640768975],[145.73337408115657,-36.381713927934875],[145.76579101079113,-36.441510477710246],[145.82331504143812,-36.45403991769413]],[[147.3369850115327,-37.27553830767926],[147.38451699144287,-37.20391699792207],[147.3163970014397,-37.113863988236446]],[[147.3805149806825,-37.098712988039544],[147.39225601085326,-37.04556999814151],[147.2632950113221,-37.006704997886445]],[[147.28293180075065,-36.82696184827064],[147.2679269009968,-36.77904166837115],[147.29659396080152,-36.733921928241614],[147.45848603083866,-36.80302598809702]],[[148.1344648802186,-36.743739118040565],[148.17055232071417,-36.71247364845362],[148.21756377093465,-36.598239358627005],[148.13341012063285,-36.566921238624225],[148.1246621700892,-36.46471341847627],[148.03754259084127,-36.390138878752055],[148.05894058038496,-36.32004671859545],[148.03501151027316,-36.31057794868707],[148.0377264705901,-36.140797488968694],[148.00436641051851,-36.14009191857615],[147.98023014039316,-36.0866403089765],[147.99951479023034,-36.04601751882394],[147.93369313000005,-36.047571138732195],[147.91256526026905,-35.995287109097006],[147.70841415035966,-35.928544548393376],[147.60143738002824,-35.97911859871624],[147.54911507996655,-35.96454957874849],[147.58402725996584,-35.98464791872475],[147.5518735600657,-36.00409529897309],[147.49411181992315,-35.94354884836328],[147.3918396902281,-35.947640198449854],[147.31925776012383,-36.061126868282415],[147.14436134026724,-36.03776459823082],[147.12335723053462,-35.99449753821465],[147.03414057018855,-36.115238648756836],[147.00686664018437,-36.0835906081495],[146.95629477033586,-36.078190638302964],[146.943704810662,-36.115990018333825],[146.8729521406321,-36.07368144872283],[146.82504907027126,-36.088731658262525],[146.80393614042174,-36.055194808735514],[146.74985104034542,-36.06127703813112],[146.73164507043344,-36.02372453859133],[146.6858114409078,-36.0405765986806],[146.62060749101298,-35.99399513837657],[146.57364496034793,-36.072241048135]],[[146.5579746712766,-36.32871187783772],[146.63326399069658,-36.301450998113694],[146.61184962127203,-36.396149188352815]],[[146.67232603157558,-36.982774417548654],[146.67397850140534,-37.11328445759018],[146.6515269811712,-37.12004700777077],[146.91328801144857,-37.21570199750047],[147.3369850115327,-37.27553830767926]],[[144.97333089198025,-37.77962715690085],[144.9829069221292,-37.73595555696724],[144.9287849417189,-37.73362544691358],[144.93707417205422,-37.777774216932116],[144.97333089198025,-37.77962715690085]],[[144.9835250924021,-37.763803936541336],[144.9975301016677,-37.785571996888],[145.03597128181957,-37.77888356662678],[145.03136801246978,-37.75573199715059],[144.9835250924021,-37.763803936541336]],[[144.90271201253714,-37.78965500694257],[144.9403621218768,-37.78761915664335],[144.9334826419713,-37.744058537147886],[144.89294694181814,-37.73458153650519],[144.88927676243546,-37.76063394665587],[144.90271201253714,-37.78965500694257]],[[144.96023375248015,-37.778044217157834],[144.90271201253714,-37.78965500694257]],[[144.90271201253714,-37.78965500694257],[144.90556251246068,-37.82288803658178],[144.96735490255327,-37.83104486698785],[144.98420180228877,-37.850667376440605],[144.99135105166394,-37.809731237081444],[144.96023375248015,-37.778044217157834]],[[145.01052162174824,-37.86022523681314],[144.97132142177512,-37.829895017069404],[144.8988836721723,-37.82887609679545],[144.98143342185688,-37.88682160695765],[145.01052162174824,-37.86022523681314]],[[145.03105908184358,-37.84372946707634],[144.98792984215888,-37.82962210713538],[144.98332164195654,-37.85565699679885],[145.02768443201967,-37.86631994662591],[145.03105908184358,-37.84372946707634]],[[144.96023375248015,-37.778044217157834],[145.00068936243588,-37.833464166664825],[145.0283650522728,-37.831151907120464],[144.9993179116781,-37.797119037022924],[145.0199816919704,-37.80354002674759],[145.04519629167794,-37.78399860707331],[144.96023375248015,-37.778044217157834]],[[145.09148884173615,-37.78003093652263],[144.99927090194097,-37.7972230371528],[145.07305787169327,-37.87584346675501],[145.0921616816806,-37.87188285690282],[145.09148884173615,-37.78003093652263]],[[145.16228201231067,-37.73771775665922],[145.08260299171155,-37.75137652675348],[145.06711257230958,-37.78093547688987],[145.16867999163063,-37.8023049871274],[145.16228201231067,-37.73771775665922]],[[145.0951109917938,-37.85334955681004],[145.15075407240673,-37.85976959678031],[145.16957552213734,-37.80296549699183],[145.10672029211304,-37.792159106501614],[145.0951109917938,-37.85334955681004]],[[145.02952458237016,-37.99182686684486],[145.05526730253158,-37.967672156811],[144.992264282575,-37.88327351686764],[144.98552605196818,-37.92623780643688],[145.02952458237016,-37.99182686684486]],[[145.0882261121152,-37.89297642671558],[145.01052162174824,-37.86022523681314]],[[145.01052162174824,-37.86022523681314],[144.9967452418073,-37.883501466634584],[145.04522754227006,-37.934312106510426],[145.07953326243447,-37.938752016436986],[145.0882261121152,-37.89297642671558]],[[145.14469193184905,-37.9908816167283],[145.103140332331,-37.9563383064609],[145.0343734618984,-37.933006197026415],[145.12278690261635,-38.084999976756016],[145.1486648524656,-38.0834103664904],[145.14469193184905,-37.9908816167283]],[[145.0882261121152,-37.89297642671558],[145.09208456221177,-37.87181030710603],[145.02975803205467,-37.853540466953916],[145.0392762816662,-37.87457999647195],[145.0882261121152,-37.89297642671558]],[[145.1356710021552,-37.74091355674568],[145.14370348230432,-37.682624156596276]],[[145.14370348230432,-37.682624156596276],[145.08874514161838,-37.69136072663459],[145.03199048207958,-37.73776022687323],[145.038180962247,-37.78350343669456],[145.1356710021552,-37.74091355674568]],[[145.02855707165634,-37.75529365677778],[145.07494868163585,-37.70878913659194],[144.97111297220502,-37.691264977073374],[144.9808408823157,-37.75027100692811],[145.02855707165634,-37.75529365677778]],[[145.1356710021552,-37.74091355674568],[145.3118214620636,-37.715935187126256],[145.36641177196074,-37.54512594691816]],[[145.36641177196074,-37.54512594691816],[145.417551881922,-37.526237776816956],[145.57320938157932,-37.58631399690083],[145.5698654316802,-37.46038693683631]],[[145.48860738211908,-37.461315546832914],[145.39527699203228,-37.468000996881806],[145.40031151200728,-37.434435557083305]],[[145.26577094149914,-37.409803807049336],[145.2247639914361,-37.45815799703751]],[[145.2247639914361,-37.45815799703751],[145.23442353166882,-37.51725143693333],[145.14443687229212,-37.57029818722464]],[[145.14443687229212,-37.57029818722464],[145.10039459213917,-37.68173689689262],[145.07889587180776,-37.6881255069787],[145.14370348230432,-37.682624156596276]],[[145.03043182151833,-37.32957805721826],[144.9211039921034,-37.33266198733524],[144.88065860228076,-37.501275986926665],[144.97720526202028,-37.51372863680955]],[[144.97720526202028,-37.51372863680955],[144.94646051215113,-37.60742563711726]],[[144.94646051215113,-37.60742563711726],[144.97073498179475,-37.68819902707255],[145.0582193120823,-37.699982546779765],[145.10190200201683,-37.687230717215115],[145.08389396240304,-37.66914069714591],[145.14443687229212,-37.57029818722464]],[[145.2247639914361,-37.45815799703751],[145.2656195717805,-37.419353897400654],[145.26582047190897,-37.372703757243855],[145.22731417198383,-37.29426181697061]],[[145.05613001219106,-37.263486997254695],[145.05521901179682,-37.28651999681828],[145.03043182151833,-37.32957805721826]],[[144.92436625190552,-37.73245507716749],[144.89821452250706,-37.709197336673725],[144.80166216205865,-37.702718026941696],[144.85837666241267,-37.77597787674897],[144.92436625190552,-37.73245507716749]],[[144.67164555223715,-37.56772169698006],[144.63805193198834,-37.49950194678858]],[[144.63805193198834,-37.49950194678858],[144.70110251234928,-37.481911076800046],[144.87050521232229,-37.51553580657397]],[[144.87050521232229,-37.51553580657397],[144.92123065186357,-37.363280217211866],[144.84921826173425,-37.32231638732417],[144.82006959174953,-37.219205247164226]],[[144.7038114314959,-37.21295829729506],[144.69370399216083,-37.17509898705513],[144.59492269230364,-37.24274312720387],[144.6601660018826,-37.29297199701014]],[[144.6601660018826,-37.29297199701014],[144.57473852164324,-37.364825776725205],[144.47819934217506,-37.41422610708427],[144.45920591177995,-37.546393957133525],[144.67164555223715,-37.56772169698006]],[[144.9012086118406,-37.712313556761345],[144.92855999189365,-37.73528599701451],[144.98297029198432,-37.73578248698883],[144.9720608421535,-37.69099901703187],[144.9012086118406,-37.712313556761345]],[[144.87050521232229,-37.51553580657397],[144.7008045223049,-37.48194207667748],[144.63805193198834,-37.49950194678858]],[[144.67164555223715,-37.56772169698006],[144.623650091946,-37.56817180684548],[144.6565280118315,-37.64001000680569],[144.76289657240991,-37.664838117083384],[144.76012498229753,-37.58262599685779]],[[144.76012498229753,-37.58262599685779],[144.8081279920303,-37.608883016546834]],[[144.8081279920303,-37.608883016546834],[144.8568741815909,-37.53125702724058],[144.87050521232229,-37.51553580657397]],[[144.76012498229753,-37.58262599685779],[144.76450286164757,-37.66567003651203],[144.83811157240976,-37.70933329673993],[144.97308507159605,-37.69038503667672],[144.94646051215113,-37.60742563711726]],[[144.97720526202028,-37.51372863680955],[144.95000787207152,-37.511273717161444],[144.86777713211066,-37.503364946644595],[144.8081279920303,-37.608883016546834]],[[145.2931809420144,-37.96486811660526],[145.32523739209844,-37.92084975656496],[145.30214297186998,-37.86421618698821]],[[145.30214297186998,-37.86421618698821],[145.3475723720941,-37.858619696764976],[145.21436748232748,-37.8396035069541],[145.19085199208095,-37.878968986842764],[145.20642398210393,-37.93118299650752],[145.26571210184804,-37.94590633699567],[145.2931809420144,-37.96486811660526]],[[145.24056926226035,-37.764763106796025],[145.29643269152757,-37.76345324717982],[145.29244058199822,-37.702554096930676],[145.17687778155488,-37.75014610659373],[145.1677608120757,-37.80249002673163],[145.21353024170287,-37.811766096934754],[145.24056926226035,-37.764763106796025]],[[145.24056926226035,-37.764763106796025],[145.216612812397,-37.83818582716096],[145.28053304190303,-37.83332258705311],[145.31797346199747,-37.84391879678857],[145.30787354156138,-37.77753968711286],[145.24056926226035,-37.764763106796025]],[[145.16628373201698,-37.81819835672571],[145.1692270521639,-37.86201534715885],[145.20752497168925,-37.85611616675091],[145.21082004245702,-37.808496996530444],[145.16628373201698,-37.81819835672571]],[[145.4666712118887,-37.912021476737806],[145.52562707175866,-37.88734869686669],[145.51913375154268,-37.857754077030854]],[[145.51913375154268,-37.857754077030854],[145.63135903222778,-37.91845303682296],[145.6863109122302,-37.88095283682822],[145.74827550217617,-37.90753080695302],[145.80421000165717,-37.8735299868213],[145.7949499817572,-37.815109007340986]],[[145.7949499817572,-37.815109007340986],[145.87841201193532,-37.79935100738875],[145.7881230218548,-37.721473997436675],[145.81252601166943,-37.62959200710919],[145.76577601162077,-37.61718299702766],[145.73976264164074,-37.566283576920625],[145.67585253165635,-37.62419544703785]],[[145.67585253165635,-37.62419544703785],[145.59986770150917,-37.56607730692013],[145.56259733159968,-37.59324436684714],[145.41822483146092,-37.526396747060446],[145.36641177196074,-37.54512594691816]],[[145.36641177196074,-37.54512594691816],[145.35388380232973,-37.64391024705741],[145.2869409817428,-37.735311996607166],[145.30428756216858,-37.8215379770975],[145.34761934230542,-37.85940980667046],[145.30214297186998,-37.86421618698821]],[[145.2931809420144,-37.96486811660526],[145.36099188191542,-37.97205406661467],[145.45048302159827,-37.88198598724577],[145.4666712118887,-37.912021476737806]],[[145.7326801119383,-38.28937469680058],[145.70080236191706,-38.20592583702984]],[[145.76253586205286,-37.9907228670024],[145.73105502186016,-37.95977399670947],[145.765136022168,-37.898620006767],[145.68685344166124,-37.88081486731871],[145.62604079194676,-37.917584097058594],[145.62792489237256,-37.90402799698273],[145.56904272220368,-37.89799272715911],[145.55331757211965,-37.87359174666952],[145.5410801122616,-37.87161516687343],[145.5370801119308,-37.86698069701024],[145.53069517165727,-37.86648011687501],[145.5281211516185,-37.86158420672007],[145.52254899174264,-37.85790799682329],[145.51913375154268,-37.857754077030854]],[[145.51913375154268,-37.857754077030854],[145.5077074317586,-37.89983689666492],[145.4666712118887,-37.912021476737806]],[[145.4666712118887,-37.912021476737806],[145.45060500203405,-37.881933007143644],[145.38351709185065,-37.93827329690083],[145.3640115723363,-38.05176418689018],[145.40061672181156,-38.10784625649728],[145.38885985254566,-38.19251645703992]],[[145.38885985254566,-38.19251645703992],[145.483725762592,-38.23290164653627],[145.52065657201905,-38.30667056643302],[145.5536667724234,-38.29357087651487],[145.59361744205285,-38.33009870663644],[145.61244798183583,-38.28557305702026]],[[145.32672798192078,-38.073404986941206],[145.3818398419938,-38.06983772644649],[145.37921148196526,-37.975027796983426],[145.23324999234458,-37.941890286746414],[145.22732399236648,-38.00076999705154],[145.32089094210525,-38.04425993697382],[145.32672798192078,-38.073404986941206]],[[145.38885985254566,-38.19251645703992],[145.39901328202996,-38.10174408653607],[145.35418814256482,-38.07682328642562],[145.24898857224204,-38.01701090702398],[145.21544748187782,-38.2087293267337],[145.29830905206887,-38.24849303634342],[145.34620092223474,-38.213780026937314],[145.4306053022139,-38.216480236983756],[145.38885985254566,-38.19251645703992]],[[145.2395833226084,-38.07767698671464],[145.23284998243,-37.953240997056916],[145.08247597172704,-37.92399793654846]],[[145.08247597172704,-37.92399793654846],[145.14469193184905,-37.9908816167283]],[[145.14469193184905,-37.9908816167283],[145.1502697520095,-38.06729948656121],[145.1947276323388,-38.0721444169265],[145.2395833226084,-38.07767698671464]],[[145.0951109917938,-37.85334955681004],[145.08247597172704,-37.92399793654846]],[[145.08247597172704,-37.92399793654846],[145.1924947421393,-37.93760016649133],[145.22010400245932,-37.939552996663004],[145.19570382167657,-37.86517618678135],[145.0951109917938,-37.85334955681004]],[[144.74441279220812,-37.66307709682184],[144.76815111225585,-37.70973109665156],[144.75096972212935,-37.81046295651377]],[[144.75096972212935,-37.81046295651377],[144.85587294183316,-37.814882306531814],[144.83922398227725,-37.796930276480644],[144.8538509922321,-37.76242899710435],[144.80164442212845,-37.704229106881805],[144.82007710166533,-37.68303095661459],[144.74441279220812,-37.66307709682184]],[[144.89112070187983,-37.82547316703988],[144.82478053227092,-37.82358659672724],[144.75170998243252,-37.88666324698907],[144.90425340208876,-37.87252497657381],[144.89112070187983,-37.82547316703988]],[[144.89816929233245,-37.76465345649824],[144.8482147716967,-37.77311287665189],[144.85778894233297,-37.82444706655862],[144.9061315125482,-37.822252026987144],[144.89816929233245,-37.76465345649824]],[[144.74441279220812,-37.66307709682184],[144.65414168219505,-37.63774173700879],[144.62675208241987,-37.5600144269967],[144.45928336182885,-37.54639694711021],[144.42319702176943,-37.613633996565376],[144.38479902183664,-37.60674198700898]],[[144.40211199179603,-37.63966499683504],[144.33675801246906,-37.620352996361746],[144.40272899246244,-37.727779996701656]],[[144.40272899246244,-37.727779996701656],[144.48418100176812,-37.69298599645602],[144.47767790249196,-37.78101269694352]],[[144.47767790249196,-37.78101269694352],[144.57699145235836,-37.80685421653014],[144.75096972212935,-37.81046295651377]],[[144.75096972212935,-37.81046295651377],[144.76429017202932,-37.70928996664711],[144.74441279220812,-37.66307709682184]],[[144.47767790249196,-37.78101269694352],[144.44406100240255,-37.864033996357385],[144.48079694209164,-37.89032911655467],[144.49563864221287,-37.97427517654156]],[[144.49563864221287,-37.97427517654156],[144.65017738271024,-38.002018206612135],[144.79916950243523,-37.92317048699536],[144.8045026619365,-37.89435025648915],[144.75238559188296,-37.876463646518566],[144.82676014247605,-37.81690000640469],[144.7085226720546,-37.80678781654503],[144.47767790249196,-37.78101269694352]],[[145.2395833226084,-38.07767698671464],[145.12383635226047,-38.08216405695911],[145.09790496253322,-38.16240441648787]],[[145.09790496253322,-38.16240441648787],[145.12875198200416,-38.20008717637227]],[[145.12875198200416,-38.20008717637227],[145.15661433187572,-38.18619053641733],[145.21576682218154,-38.20065218686303],[145.2395833226084,-38.07767698671464]],[[145.09790496253322,-38.16240441648787],[145.03724893229193,-38.21487100688645],[144.98662609203424,-38.3183659863038],[144.8596270822538,-38.367047956473456],[144.65157580268942,-38.30340664640725],[144.8385739227101,-38.43032794660665],[144.886652992798,-38.47721697610308],[144.88827914288825,-38.49937100619033],[145.0312650125376,-38.487080976318715],[145.05018515208366,-38.43002195667559],[145.12984118209965,-38.39047639671537],[145.23457202228698,-38.40961260646289],[145.18398623214483,-38.37458663676162],[145.2219518127442,-38.37779730676345],[145.19293435248656,-38.29655699680238],[145.22302010185652,-38.30646191647435],[145.25422000202897,-38.22361000646173],[145.15906202183598,-38.18157071645171],[145.12875198200416,-38.20008717637227]],[[144.88828881235395,-38.50261001671253],[144.88799904279279,-38.502685976189206],[144.88804587286685,-38.50296595629342],[144.88859698210715,-38.50276103644628],[144.88828881235395,-38.50261001671253]],[[144.888785982253,-38.50046703645919],[144.88953806258863,-38.50081596626398],[144.8897140721972,-38.500088046304796],[144.88903298212523,-38.49976403613614],[144.888785982253,-38.50046703645919]],[[144.88580700258254,-38.4951999566024],[144.88589916254418,-38.49517699625507],[144.88593697263445,-38.49507900638554],[144.8856788525174,-38.49509996651091],[144.88580700258254,-38.4951999566024]],[[144.88578218213127,-38.494734036662294],[144.8859718721833,-38.494724046594136],[144.8860348728308,-38.49454997634219],[144.8857649129182,-38.49457300649443],[144.88578218213127,-38.494734036662294]],[[144.73987810204378,-38.356082986596775],[144.7400458920675,-38.355985976479914],[144.7401160828305,-38.35574702632907],[144.73987200248303,-38.3558660066386],[144.73987810204378,-38.356082986596775]],[[144.74042315214749,-38.3559689764146],[144.74093185282146,-38.355975006355784],[144.7410848323211,-38.35587203658833],[144.74069314260277,-38.355785996343286],[144.74042315214749,-38.3559689764146]],[[144.88599490229223,-38.497419996458746],[144.88619795208913,-38.49730397627695],[144.88614218287967,-38.4972249465037],[144.8858329126903,-38.49734996661697],[144.88599490229223,-38.497419996458746]],[[144.88567811230558,-38.49699698657781],[144.88576415294352,-38.4969670166076],[144.8857519223809,-38.49686800622132],[144.88556617233974,-38.49691499658954],[144.88567811230558,-38.49699698657781]],[[144.88555102225243,-38.49572502639778],[144.88560216244326,-38.49558397623768],[144.8853940721993,-38.49560495660525],[144.88538619217763,-38.49568397620347],[144.88555102225243,-38.49572502639778]],[[144.7875608228519,-38.39360696610632],[144.78782187237516,-38.39362198665022],[144.78781282274701,-38.39338699652285],[144.7875428727159,-38.39339501656333],[144.7875608228519,-38.39360696610632]],[[144.74029610251853,-38.35854197643351],[144.74037096272443,-38.358460976584276],[144.74029898251734,-38.35835702629278],[144.74018306211642,-38.358457026263174],[144.74029610251853,-38.35854197643351]],[[144.88513200218986,-38.496378966260245],[144.88529691221476,-38.49600500613987],[144.88474284212728,-38.49594803652875],[144.8847889427694,-38.496278966556126],[144.88513200218986,-38.496378966260245]],[[144.88449409233695,-38.495971976707345],[144.88478098279765,-38.495811956102415],[144.88479106279345,-38.495644016449496],[144.88450417233273,-38.49567300618596],[144.88449409233695,-38.495971976707345]],[[144.74013086281187,-38.35728702648684],[144.7403198225336,-38.35728702648684],[144.74038497284957,-38.357156966564546],[144.74007290261142,-38.35703501641994],[144.74013086281187,-38.35728702648684]],[[144.74074716279233,-38.35835900638694],[144.74068884236746,-38.35815695620086],[144.7404929826861,-38.35820997650204],[144.74046312268607,-38.3582840262201],[144.74074716279233,-38.35835900638694]],[[144.73140984286218,-38.35025001612865],[144.73131586291376,-38.35027197642668],[144.73135907277728,-38.35039895672464],[144.73145412261917,-38.35037599609384],[144.73140984286218,-38.35025001612865]],[[144.73402883256404,-38.35253798667049],[144.7342178623543,-38.35246400645358],[144.73435609241528,-38.35225197651825],[144.7341231826183,-38.352302996227486],[144.73402883256404,-38.35253798667049]],[[144.73607403236124,-38.35454597656348],[144.73626299208297,-38.35437397664887],[144.736103162031,-38.35428695614431],[144.73600884251942,-38.35441898663063],[144.73607403236124,-38.35454597656348]],[[145.21285798207015,-38.32892001646177],[145.20936493249522,-38.32680895690352],[145.20850306186216,-38.33294202627193],[145.20969683214489,-38.332466996819335],[145.21285798207015,-38.32892001646177]],[[144.90677807227905,-38.493585976191646],[144.90732601226298,-38.49373503634988],[144.90743004256277,-38.4933729567398],[144.90681694238137,-38.4932879962719],[144.90677807227905,-38.493585976191646]],[[144.90612684220702,-38.49342597630142],[144.9063820823254,-38.493447026200485],[144.90689903222867,-38.49296696618098],[144.90623919270303,-38.49312797673635],[144.90612684220702,-38.49342597630142]],[[144.90724104241687,-38.4929350167201],[144.90702795215006,-38.492793996252644],[144.90696203287615,-38.49281199629287],[144.90741204212108,-38.49315596627702],[144.90724104241687,-38.4929350167201]],[[144.89436891292914,-38.49359596641759],[144.89448301244494,-38.49330401627544],[144.89430515230688,-38.49326296610786],[144.8941910527911,-38.49341903606979],[144.89436891292914,-38.49359596641759]],[[142.59016100313607,-37.76511798618426],[142.66482532329033,-37.829999545750496],[142.86140523255918,-37.80645215627195]],[[142.86140523255918,-37.80645215627195],[142.87940046309544,-37.83658330618992],[143.0072390122892,-37.765551006211886],[143.03137712306255,-37.81452557609012],[143.105820372317,-37.83354786617401]],[[143.105820372317,-37.83354786617401],[143.10830540254867,-37.77852051642116]],[[143.10830540254867,-37.77852051642116],[143.1655294030773,-37.765265846412284],[143.18070267226818,-37.73151745638895],[143.07211502230803,-37.7194581361604]],[[143.06296283258155,-37.16714750626285],[143.09651929222198,-37.149735346593616],[143.10698563186926,-36.904392136780245],[143.47197581202963,-36.936828597156975]],[[143.47197581202963,-36.936828597156975],[143.51101701199406,-36.85856992665006],[143.45958052176945,-36.74658955664552]],[[143.45958052176945,-36.74658955664552],[143.50118884181285,-36.6753087470951],[143.486344222167,-36.625735827309924]],[[143.486344222167,-36.625735827309924],[143.45035069155122,-36.62444696733597],[143.4212371618638,-36.55712286716303]],[[143.4212371618638,-36.55712286716303],[143.3337802418705,-36.512287116767475],[143.28925415156345,-36.40827167686359],[143.1473875216726,-36.40974856694402]],[[143.1473875216726,-36.40974856694402],[143.13311857210522,-36.44941526668246],[143.04489011157227,-36.44317701666531],[143.05743359241336,-36.46821528727038],[143.01983662201602,-36.48273758710353],[142.82297533165408,-36.462500817025045],[142.79870411211516,-36.40809178690328],[142.7318180120536,-36.40523699705979]],[[142.7318180120536,-36.40523699705979],[142.72210484239844,-36.23943862724279],[142.74754210212555,-36.15386602667591],[142.73177307203488,-36.103365056910036]],[[142.73177307203488,-36.103365056910036],[142.60424255155877,-36.120460337002115]],[[142.60424255155877,-36.120460337002115],[142.5975667017619,-35.932030316869465],[142.60112695160834,-35.73641846741742]],[[142.60112695160834,-35.73641846741742],[142.72175707131433,-35.73599268717148],[142.72246729195433,-35.47528459764458],[142.54328996139105,-35.4757818773489],[142.5358472818199,-35.302913897310134]],[[142.5358472818199,-35.302913897310134],[142.28941822160309,-35.290863987267905]],[[142.28941822160309,-35.290863987267905],[142.18125730194564,-35.32224941722669],[142.20683172184025,-35.45008911714004]],[[142.20683172184025,-35.45008911714004],[142.16850686183957,-35.44986402733102],[142.16685013219873,-35.4784436073285],[141.9974765115898,-35.46350263736544],[141.99748093219932,-35.49843566693827],[141.49945891193195,-35.49851158726736],[141.49975762242514,-35.748582827123705],[140.96310227236668,-35.74853449684052]],[[140.96310227236668,-35.74853449684052],[140.97317342335742,-37.35823707581238]],[[140.97317342335742,-37.35823707581238],[141.09725807287896,-37.4498816354605],[141.16823747319512,-37.41988031567985],[141.26383947356504,-37.43009000619968],[141.28027922267782,-37.39409649606796],[141.21806365332293,-37.35088110587368],[141.43153047329005,-37.372302016236816],[141.43150609301324,-37.29753578613642],[141.5314440025448,-37.297642986045034],[141.49173401313953,-37.22016298631777],[141.5972052528688,-37.16122955576792],[141.8108939926437,-37.17732899587708],[141.91105101295122,-37.11346499632426],[141.93558700283526,-37.17080199651065],[141.9127719927961,-37.20236099654029],[142.07937799294788,-37.22364700655191],[142.11448770259668,-37.112054046401425],[142.20625502229248,-37.087295996111784],[142.2410170030779,-37.1499250062652],[142.516351462314,-37.293226816023115],[142.3534802124475,-37.597984105822064],[142.6187699931459,-37.646847986500866],[142.59016100313607,-37.76511798618426]],[[142.20683172184025,-35.45008911714004],[142.1736397114055,-35.37587529723875],[142.19509573121823,-35.31315427729752],[142.28941822160309,-35.290863987267905]],[[142.28941822160309,-35.290863987267905],[142.6117852711133,-35.30499551753609],[142.61146338139073,-35.19436200746308]],[[142.61146338139073,-35.19436200746308],[142.73451284112494,-35.198087887317016],[142.74296193115669,-35.115033157363214],[142.6971450516179,-35.114545307610335],[142.69736124107243,-34.88693575758496],[142.51861151127943,-34.86391602737031]],[[142.51861151127943,-34.86391602737031],[142.51585558149736,-34.66368346786434],[142.4741129210981,-34.67172540756664],[142.46796778159808,-34.56429540763902],[142.40884780132234,-34.56890995796485],[142.36760073158385,-34.530014518151965],[142.39983511097628,-34.52315709791839],[142.37494214137814,-34.51528408792172],[142.39482373160308,-34.49363913797913],[142.35951828085052,-34.49860411747701],[142.3841628312383,-34.478091127873896],[142.35333433143524,-34.469582078000606],[142.35096890110384,-34.396629378161315],[142.39708306101792,-34.33865251800513],[142.23589372146807,-34.306973677914],[142.24372089076064,-34.209870067645646],[142.16614783110626,-34.182923417586366],[142.16586117151257,-34.1522663075767],[142.08277056146676,-34.17354530784928],[142.07563807106146,-34.13141864779611],[142.02957955099944,-34.126138677952746],[142.03777085149414,-34.099817157887216],[142.02224553074674,-34.12523087779964],[141.93298932117196,-34.13823770819728],[141.90068607154,-34.11119831757138],[141.87662670079627,-34.13741778797186],[141.72969132152494,-34.09089619745776],[141.58448406101007,-34.15140400804817],[141.6032847012671,-34.191228947917864],[141.5100704211257,-34.216479387324036],[141.49496595120752,-34.15461105748537],[141.44453945122982,-34.168015337483666],[141.35897900146375,-34.11072363767974],[141.32493729166976,-34.138781977905225],[141.2418072617527,-34.061314657617565],[141.18622963149303,-34.091976577853295],[141.15311129099646,-34.05452117793739],[141.0942379315039,-34.05065714761938],[141.089217361467,-34.07669666778143],[141.03433627140393,-34.03573479794448],[141.0232613509995,-34.059699827611624],[140.96368201181335,-33.98064982765724],[140.96316051194316,-34.27424941733642],[140.96310227236668,-35.74853449684052]],[[142.60112695160834,-35.73641846741742],[142.60424255155877,-36.120460337002115]],[[142.73177307203488,-36.103365056910036],[142.7318180120536,-36.40523699705979]],[[143.1473875216726,-36.40974856694402],[143.28561455173127,-36.40668785732236],[143.31519360187372,-36.476943747207144]],[[143.92256510185265,-35.952809487457294],[144.1587333812137,-35.94919561786122],[144.18542624136632,-35.946607507723364],[144.18728675113442,-35.907569367373284]],[[144.18728675113442,-35.907569367373284],[144.33556753091855,-35.934196677694125]],[[144.33556753091855,-35.934196677694125],[144.3435616808527,-35.894326487475794]],[[144.3435616808527,-35.894326487475794],[144.41816879089984,-35.89330959740805],[144.3491108609253,-35.76714207758954],[144.26449534092174,-35.75140310797738],[144.10501520160847,-35.59078077765725],[143.989864951561,-35.554664048034695],[143.97010105141808,-35.500078117973345],[143.85878410133415,-35.479978148073364],[143.75100396135596,-35.38783544798746],[143.62041601133566,-35.38768286738396],[143.5620739316718,-35.33724462746002],[143.59086009101523,-35.28165928797115],[143.5708275712461,-35.20690481817774],[143.47148147092543,-35.219293527887274],[143.44948609093805,-35.18911208774423],[143.3910520812813,-35.18887452751115],[143.32208111092115,-35.03672694758633],[143.34986707075586,-34.79294228800976],[143.2767354812922,-34.79226083808695],[143.25212958091947,-34.77280305819587],[143.27401587129538,-34.752685138218595],[143.22438879107222,-34.758725287659004],[143.21884749102134,-34.72947026830856],[143.1070595111148,-34.70155064788601],[143.1123421313982,-34.680903258000505],[143.03946788141562,-34.70261087800634],[142.98931348113757,-34.66257957759471],[142.97270832073997,-34.69520701817299],[142.92384374130972,-34.64785658779643],[142.88681541077548,-34.67980821810993],[142.86834162073794,-34.62745498795132],[142.78689609098038,-34.58935713779963],[142.8101035812553,-34.560855117756766],[142.79142829101474,-34.546388927653254],[142.78375762082112,-34.579076797862975],[142.7482909009155,-34.57675984796475],[142.75917320096343,-34.60013611783211],[142.69998073113592,-34.59937961790012],[142.71075346097376,-34.6757700581944],[142.67889946151033,-34.68084751750538],[142.6994055515376,-34.72447358808309],[142.61831596124503,-34.728751867896406],[142.6386893512403,-34.78075263770429],[142.51704431133308,-34.75482272786789],[142.51861151127943,-34.86391602737031]],[[142.61146338139073,-35.19436200746308],[142.61592459116153,-35.30389282762347],[142.5358472818199,-35.302913897310134]],[[144.28172879111395,-36.32772328726725],[144.3318336115749,-36.32771816766982],[144.33009588174318,-36.385253997554116],[144.36939887144268,-36.40784939750035]],[[144.36939887144268,-36.40784939750035],[144.66817764111713,-36.40659263781623],[144.67154652106194,-36.457117817201535],[144.62061661148726,-36.48133574721571],[144.62602489170584,-36.52738505763886],[144.52543874169555,-36.659801597544174],[144.51803267206546,-36.72545095733052],[144.6671055718941,-36.72540259720618]],[[144.66615912128378,-36.762611857290956],[144.9319381119095,-36.74792105710523]],[[145.04346725125,-36.65067273748269],[145.13171253183828,-36.67536331756612],[145.14976043149795,-36.499011477390546]],[[145.14976043149795,-36.499011477390546],[145.0319709913329,-36.49898320759195],[145.03199355162295,-36.37248788771468]],[[145.03199355162295,-36.37248788771468],[145.1865340716829,-36.32837193768859]],[[145.1865340716829,-36.32837193768859],[145.16842299081435,-36.28434398794013],[145.13198701117506,-36.28435399749151]],[[145.13198701117506,-36.28435399749151],[145.11156625121825,-36.16684406769178],[145.0153101308961,-36.16135892797269]],[[145.0153101308961,-36.16135892797269],[144.99531842159038,-36.114604267856066],[144.90385749118684,-36.077814467632656]],[[144.90385749118684,-36.077814467632656],[144.77797432104174,-36.12991936756854],[144.71840233097288,-36.11356512781465],[144.71902486166817,-36.08590487734126],[144.68424018135383,-36.09553146786718],[144.68870892170162,-36.061285347890916],[144.65496529088514,-36.07534909734996],[144.63274405107913,-36.048097317826546],[144.61767013106711,-36.077191427326],[144.61547251142065,-36.03159379804372],[144.58327528095853,-36.03902533735905],[144.38083103117435,-35.884138947698844],[144.3435616808527,-35.894326487475794]],[[144.33556753091855,-35.934196677694125],[144.26251883170104,-35.93213558733715],[144.31784185156138,-36.04983955726931],[144.2862983314197,-36.160429137477394],[144.28172879111395,-36.32772328726725]],[[145.0153101308961,-36.16135892797269],[145.12790507101556,-36.183121077513235],[145.1379330112446,-36.1540459878022]],[[145.1379330112446,-36.1540459878022],[145.18254926096515,-36.18495998765762]],[[145.18254926096515,-36.18495998765762],[145.22757201092824,-36.1586099981044],[145.2602587809994,-36.19932472799827]],[[145.2602587809994,-36.19932472799827],[145.63160120096038,-36.199179278088536],[145.63152028071966,-36.29907470789316]],[[145.63152028071966,-36.29907470789316],[146.03093781113725,-36.29900862818922]],[[146.13105195126298,-36.186790737953025],[146.24654660101731,-36.17688555812563],[146.1734047905223,-36.01942003836792],[146.03197562041197,-35.99470551844375],[145.97206990082526,-36.01574707813628],[145.95371568104358,-35.961555507821096],[145.9026933608773,-35.952495758012205],[145.81003507052318,-35.991367288056104],[145.67386457071237,-35.92589298801717],[145.5356960910473,-35.80200487807708],[145.35540063104315,-35.8670677677707],[145.12768377104533,-35.82071662785861],[145.03312406074676,-35.848130967678564],[144.97079561088984,-35.861048848040305],[144.95742297156687,-35.96089798780399],[144.9240440513659,-35.98139941805446],[144.98217215143077,-36.07199569748182],[144.86337084084482,-36.059127897675914],[144.83090399093163,-36.1045600679175],[144.90385749118684,-36.077814467632656]],[[145.14976043149795,-36.499011477390546],[145.13171220125827,-36.67545315752938],[145.178622741028,-36.70054279761975],[145.22320800156618,-36.68590700727676],[145.21237845149003,-36.64798163783395],[145.30251779122736,-36.641939037257345]],[[145.7244273514069,-36.42460811768785],[145.76006233115507,-36.42980948760797],[145.73217403075165,-36.34443799816624],[145.76530001141973,-36.34887600816236],[145.78068348099725,-36.29905640768975]],[[145.78068348099725,-36.29905640768975],[145.63152028071966,-36.29907470789316]],[[145.2602587809994,-36.19932472799827],[145.2289920111355,-36.15889199749457],[145.18254926096515,-36.18495998765762]],[[145.1379330112446,-36.1540459878022],[145.13198701117506,-36.28435399749151]],[[145.1865340716829,-36.32837193768859],[145.10433888165105,-36.342442167574966],[145.1036530915935,-36.37243799778539],[145.03199355162295,-36.37248788771468]],[[141.8695584336456,-38.264313035312036],[141.8468380629183,-37.96130279552058],[141.9731892328686,-37.98603725554737],[142.2168830128768,-37.93443400582757],[142.23170198292635,-37.997508995818485],[142.27443884298648,-37.992008656134544],[142.27364800304133,-37.93372898585464],[142.41360301261759,-37.93223300579559],[142.4090000028809,-37.89816199627836],[142.45013400257287,-37.91843098588954],[142.47399832301733,-37.79899641583451]],[[142.47399832301733,-37.79899641583451],[142.61471893257428,-37.81034802634824],[142.59016100313607,-37.76511798618426]],[[140.97317342335742,-37.35823707581238],[140.97088682378546,-37.79145970592806],[140.96579600369677,-38.05599834575113],[141.29527959312597,-38.22064051551181],[141.39210405327387,-38.31972882538045],[141.37431880393532,-38.38675678571138],[141.46101955356346,-38.36209645557245],[141.54285128343471,-38.432964045587795],[141.57292217377156,-38.38975711556391],[141.65022219319027,-38.39315619555515],[141.59924768316006,-38.32061608558845],[141.66360364318962,-38.27556131542552],[141.8695584336456,-38.264313035312036]],[[142.84609600335003,-38.48734700606228],[142.80720602308563,-38.51082200602139]],[[142.80720602308563,-38.51082200602139],[142.8802536533079,-38.60846170578194],[143.01537804341072,-38.62449998610937],[143.08083290354415,-38.651018035715964],[143.23306499317414,-38.766476966086906],[143.37304993281904,-38.75971301606314],[143.51133997340673,-38.85769295549706],[143.66174187320604,-38.782650956077866],[143.6853711629311,-38.73535999593686],[143.84041199340027,-38.69099298626394],[143.94610588326768,-38.57941756599454],[143.82453238249477,-38.566587555972745]],[[143.85191858304486,-38.54469890620877],[143.8349373627165,-38.510573996002016],[143.8787803929462,-38.276204966346036]],[[143.88048702310272,-38.24746599591967],[143.92280195255876,-38.163369956448115],[143.80986536247545,-38.127698846178205]],[[143.62891311272605,-38.02340659635431],[143.65624756223096,-38.00748935655417],[143.61176990279577,-37.95881376654064],[143.4794104624588,-37.94084998660359],[143.44305299288035,-37.90608874654176],[143.46474370295095,-37.65892913611462]],[[143.30413870222196,-37.756601206349],[143.18476162274294,-37.730872396011684],[143.10830540254867,-37.77852051642116]],[[143.10830540254867,-37.77852051642116],[143.08301590310938,-37.94730430644561]],[[143.08301590310938,-37.94730430644561],[142.99214360277892,-38.07975666601087],[143.0193756632061,-38.13600304606737],[142.9410434525764,-38.12856159574899],[142.9428158933107,-38.171174005747645],[142.78851400262116,-38.197754995630774],[142.79689502281224,-38.253160956068236]],[[142.79689502281224,-38.253160956068236],[142.88470092302205,-38.280041995635614],[142.84911817312104,-38.34648899565436],[142.84609600335003,-38.48734700606228]],[[143.4026260733182,-38.781530005588465],[143.40289898329814,-38.78140598579856],[143.4029378534005,-38.78111601581707],[143.4025681427622,-38.78110602566914],[143.4026260733182,-38.781530005588465]],[[143.26513308362763,-38.770134025844705],[143.26564211308505,-38.77016103546828],[143.26597007362224,-38.76981399562619],[143.2651359735079,-38.76958699542114],[143.26513308362763,-38.770134025844705]],[[143.0618130132724,-38.64986396558827],[143.06533092282453,-38.64914296557208],[143.06590116348536,-38.64866696571966],[143.06354786310524,-38.64854096545637],[143.0618130132724,-38.64986396558827]],[[143.06883222342535,-38.64973406602692],[143.0702402428017,-38.64921469554134],[143.07086957284534,-38.64843623611055],[143.06871410305033,-38.649403615500326],[143.06883222342535,-38.64973406602692]],[[143.08162842281368,-38.65492081594123],[143.08125233323852,-38.65546946603279],[143.0820904829582,-38.65556602585899],[143.0820736934455,-38.65515696559344],[143.08162842281368,-38.65492081594123]],[[143.07199812274348,-38.65058942586177],[143.0726302231915,-38.650226845724795],[143.07315549329095,-38.64953516574639],[143.07210108314982,-38.65010890563759],[143.07199812274348,-38.65058942586177]],[[143.04740690353754,-38.64145697607744],[143.0478989934636,-38.64159197546436],[143.0481841331078,-38.64112802609497],[143.04689101274795,-38.64108499603487],[143.04740690353754,-38.64145697607744]],[[143.08822959296603,-38.658564855485274],[143.0884952427619,-38.65811422564077],[143.08782572299071,-38.65801899575578],[143.0877653130845,-38.65838449600003],[143.08822959296603,-38.658564855485274]],[[143.09522299362257,-38.66117949545252],[143.0956242728567,-38.66133204587597],[143.09584616302007,-38.66089218605861],[143.09546648287863,-38.660890875739184],[143.09522299362257,-38.66117949545252]],[[143.07433558313025,-38.65123837546992],[143.07458983330508,-38.65091854568459],[143.07418392325573,-38.65077859545705],[143.07414563346512,-38.650922905839145],[143.07433558313025,-38.65123837546992]],[[143.0762465728274,-38.651758555600985],[143.07660854358127,-38.65165095602194],[143.07677348325055,-38.6513300259444],[143.07651707352576,-38.65132539571808],[143.0762465728274,-38.651758555600985]],[[143.1007380332228,-38.66353974544636],[143.10110566336297,-38.663530285962935],[143.10114344291054,-38.663359575951645],[143.10068412352598,-38.66334782556848],[143.1007380332228,-38.66353974544636]],[[143.10299304353782,-38.66482195542554],[143.10310210350485,-38.664588955449425],[143.1027259330814,-38.66446700583941],[143.10275006362653,-38.66463999562838],[143.10299304353782,-38.66482195542554]],[[143.07537097324186,-38.6523039558259],[143.0756561128861,-38.652298015887496],[143.07577090320638,-38.652111975672845],[143.07536196313956,-38.65211495582218],[143.07537097324186,-38.6523039558259]],[[143.05671108282016,-38.64477896597728],[143.05700811346384,-38.64460499577162],[143.05706892312037,-38.644514996016675],[143.05674097336293,-38.64451401585893],[143.05671108282016,-38.64477896597728]],[[143.0753899528472,-38.651023455910185],[143.07515234306467,-38.651146795734846],[143.0752505936039,-38.65130095583529],[143.07555073331676,-38.65117826591217],[143.0753899528472,-38.651023455910185]],[[143.0836830827692,-38.653719125976664],[143.08351752326232,-38.65373239604166],[143.08349518305954,-38.65399226601538],[143.08369702282576,-38.65395306558158],[143.0836830827692,-38.653719125976664]],[[143.10803986324566,-38.668548955569555],[143.1081741829402,-38.66844203560255],[143.10818604339687,-38.66829903563087],[143.10784692308894,-38.66848297594887],[143.10803986324566,-38.668548955569555]],[[143.10721514333946,-38.66853798597351],[143.10727310353994,-38.66832197576806],[143.1069541333421,-38.668464975693944],[143.10711290338202,-38.66853698580437],[143.10721514333946,-38.66853798597351]],[[143.09958978327046,-38.662612655420396],[143.09978506353846,-38.6625188056374],[143.09965654336742,-38.66237028611936],[143.09951204306577,-38.66247456581317],[143.09958978327046,-38.662612655420396]],[[143.0218725934203,-38.6301562160378],[143.02243999360832,-38.62964234582489],[143.02259770363622,-38.62907030596633],[143.02182846278373,-38.62939198556985],[143.0218725934203,-38.6301562160378]],[[142.84609600335003,-38.48734700606228],[142.85469887328037,-38.3116259756211],[142.89040894320314,-38.29834001584561],[142.79689502281224,-38.253160956068236]],[[143.08301590310938,-37.94730430644561],[143.09775580254936,-37.90714759608264],[143.07385476256937,-37.88611766623188],[143.10123235276748,-37.88296434647006],[143.07953726251156,-37.86383635618591],[143.105820372317,-37.83354786617401]],[[142.86140523255918,-37.80645215627195],[142.70173591253862,-37.83470925623839],[142.47399832301733,-37.79899641583451]],[[141.8695584336456,-38.264313035312036],[142.1457129837692,-38.391469865896454],[142.24490498349277,-38.3964679756022],[142.26152832309677,-38.36458621559695],[142.37011874346123,-38.34946664584209],[142.43861395347045,-38.38293794548391],[142.56331871362588,-38.42200437606063],[142.8804176533394,-38.608333705830766],[142.80720602308563,-38.51082200602139]],[[142.00869479323214,-38.41715857591111],[142.01417063304828,-38.41230645572991],[141.99348093366513,-38.4173717353496],[141.99876102339437,-38.42548479573428],[142.00869479323214,-38.41715857591111]]],"bbox":[140.96310227236668,-39.159000586762566,149.9761924307042,-33.98064982765724]}
